景苑花园 5室3厅 南 北,https://baotou.lianjia.com/ershoufang/101114047926.html,景苑花园 一号公馆,5室3厅,131.4,南 北,90.0,6850
业主诚心出售 看房方便 小区位置优越 多条公交线路,https://baotou.lianjia.com/ershoufang/101114051859.html,凤凰家园 摩尔城,3室2厅,141.0,南,70.0,4965
新都市区万达商圈 视野好 采光好 六米六大宽厅,https://baotou.lianjia.com/ershoufang/101114054834.html,绿地国际花都 九原区,3室2厅,117.0,南 北,82.0,7009
南北通透格局，楼层好，视野宽阔，才光充足交通便利,https://baotou.lianjia.com/ershoufang/101114021243.html,芳汀园 名人鞋城,3室3厅,121.5,南 北,72.0,5926
新星一品瑞景 精装修 双阳卧室 带地下车位 看房方便,https://baotou.lianjia.com/ershoufang/101114038888.html,新星壹品小区瑞景 阿尔丁植物园,3室2厅,136.0,南 北,140.0,10295
北方嘉苑 3室2厅 南 北,https://baotou.lianjia.com/ershoufang/101114030988.html,北方嘉苑 娜琳,3室2厅,142.68,南 北,120.0,8411
建研小区 2室2厅 南 北,https://baotou.lianjia.com/ershoufang/101113952043.html,建研小区 阿尔丁植物园,2室2厅,98.0,南 北,59.0,6021
新都市区现房，价格低，毛坯可贷款,https://baotou.lianjia.com/ershoufang/101114030563.html,春阳小区 万郡,3室2厅,135.0,南 北,89.0,6593
标准户型  采光好  中间楼层  南北通透 通风好,https://baotou.lianjia.com/ershoufang/101114026854.html,国泰新城B区 二旅社,3室2厅,113.0,南 北,85.0,7523
格局好通风好，楼距宽采光好，交通便利配套齐全。,https://baotou.lianjia.com/ershoufang/101114021104.html,解放路南小区 南圪洞,2室1厅,62.42,南 北,34.9,5592
新上 二楼 不临不把 精装修 有钥匙 随时看,https://baotou.lianjia.com/ershoufang/101114044621.html,六合新城二区 保利,2室2厅,84.91,南 北,65.0,7656
娜琳商圈，幸2正房标准侧户，精装修拎包入住,https://baotou.lianjia.com/ershoufang/101114067947.html,幸福路2号街坊 娜琳,2室1厅,64.0,南 北,46.0,7188
青松小区 精装修 标准侧户 低首付,https://baotou.lianjia.com/ershoufang/101114030901.html,青松小区 阿尔丁植物园,2室1厅,59.0,南 北,45.8,7763
番茄社区 毛坯现房 中海望京的北边 双阳卧户型,https://baotou.lianjia.com/ershoufang/101114035669.html,番茄小区一区 甲尔坝,2室2厅,103.83,南 北,67.0,6453
四楼精装修采光好南北通透看房方便,https://baotou.lianjia.com/ershoufang/101114047550.html,欧艺家园（明珠、翡翠） 东大桥,2室2厅,107.8,北 南,62.0,5752
钢33中医院楼 3室2厅 南 北,https://baotou.lianjia.com/ershoufang/101114054837.html,钢33中医院楼 包钢设计院,3室2厅,90.4,南 北,63.0,6970
此房处于南圪洞商圈楼层适中格局好可贷款,https://baotou.lianjia.com/ershoufang/101114071169.html,和平路东三北小区 南圪洞,2室2厅,84.0,南 北,42.0,5000
团结大街  翰星华府  植物园 婚房 小公园  精品楼层,https://baotou.lianjia.com/ershoufang/101113925507.html,瀚星华府 阿尔丁植物园,3室2厅,124.51,南 北,155.0,12449
欧风丽景6楼电梯洋房 带阁楼带晒台 实用面积200平左右,https://baotou.lianjia.com/ershoufang/101114036207.html,欧风丽景 甲尔坝,3室1厅,144.7,南 北,110.0,7602
吾悦广场 精装婚房 全套家具 户型通透 有钥匙,https://baotou.lianjia.com/ershoufang/101113988585.html,征费宿舍楼 铁西,2室2厅,82.02,南 北,40.0,4877
高新区 鹿港商圈 交通便利 按揭贷款 拎包入住 二手房,https://baotou.lianjia.com/ershoufang/101113934747.html,凡尔赛 南开小学,3室2厅,125.47,南 北,110.0,8768
青8号街坊 3室2厅 南 北,https://baotou.lianjia.com/ershoufang/101113988717.html,青8号街坊 钢四小,3室2厅,124.0,南 北,160.0,12904
此房南北通透，楼层好，采光充足，配套齐全交通便利,https://baotou.lianjia.com/ershoufang/101113997206.html,东门大街西小区 南圪洞,2室1厅,68.4,南 北,37.5,5483
满五唯一，精装婚房，南北通透！,https://baotou.lianjia.com/ershoufang/101113957879.html,健康阳光城 保利,2室2厅,103.0,南 北,79.0,7670
光辉佳苑 2室2厅 南 北,https://baotou.lianjia.com/ershoufang/101113998013.html,光辉佳苑 民主路,2室2厅,70.0,南 北,48.8,6972
紧靠人民公园吉兴小区精装四楼62平米售价34.8万有本,https://baotou.lianjia.com/ershoufang/101113955442.html,吉兴小区 通顺,2室1厅,62.08,南,34.8,5606
迎宾小区精装修，生活便利， 采光充足，配套齐全。,https://baotou.lianjia.com/ershoufang/101113994629.html,迎宾小区 万达,2室1厅,68.26,南 北,48.0,7032
阿尔丁小区 3室1厅 北,https://baotou.lianjia.com/ershoufang/101114016365.html,阿尔丁小区 包头乐园,3室1厅,68.12,北,59.0,8662
业主急售 诚心出售 采光好 楼层好 格局美丽,https://baotou.lianjia.com/ershoufang/101114038083.html,包钢友谊十三小区 106小商品城,2室1厅,54.12,南 北,57.0,10533
有钥匙 房东急售 满五唯一 双阳卧室,https://baotou.lianjia.com/ershoufang/101113763062.html,少先二十街坊 106小商品城,3室2厅,109.12,南 北,89.0,8157
颐和山庄精装三居室，南北通透电梯高层小区环境优美,https://baotou.lianjia.com/ershoufang/101112871013.html,颐和山庄 海威小区,3室2厅,118.0,南 北,71.0,6017
房龄新、户型好、装修好、采光好、可拎包入住,https://baotou.lianjia.com/ershoufang/101113227070.html,海威小区五区 海威小区,3室2厅,128.0,南 北,90.0,7032
番茄小区三区 2室2厅 西 南,https://baotou.lianjia.com/ershoufang/101113705128.html,番茄小区三区 甲尔坝,2室2厅,106.0,西 南,68.0,6416
华丽家族 6室1厅 南 北,https://baotou.lianjia.com/ershoufang/101114056055.html,华丽家族 友谊广场,6室1厅,198.0,南 北,180.0,9091
健康阳光城电梯六楼精装落地窗南北通透独立厨房赛罕塔,https://baotou.lianjia.com/ershoufang/101114056414.html,健康阳光城 保利,2室2厅,98.38,南 北,80.0,8132
包百商圈，临街两层，出行方便，配套齐全,https://baotou.lianjia.com/ershoufang/101114053838.html,青年17 恰特,2室1厅,59.0,南,33.0,5594
钢苑学府御龙花园+包百+有本配贷+小平四楼+拎包入住,https://baotou.lianjia.com/ershoufang/101114005725.html,钢苑龙御花园 钢三小,2室1厅,87.16,南,149.0,17095
青松小区，刚需小平米好房，付款不限,https://baotou.lianjia.com/ershoufang/101114037099.html,青松小区 阿尔丁植物园,1室1厅,39.02,南 北,23.0,5895
出售内蒙古地勘五院 出行便利 购物方便 拎包入住,https://baotou.lianjia.com/ershoufang/101114022613.html,内蒙古地勘五院 内蒙古科技大学,2室1厅,70.74,南,45.0,6362
青年路12号街坊 4室2厅 南 北,https://baotou.lianjia.com/ershoufang/101113964493.html,青年路12号街坊 包三十五中,4室2厅,174.96,南 北,188.0,10746
锦尚国际  精装房房东诚意出售 看房方便,https://baotou.lianjia.com/ershoufang/101113935790.html,锦尚国际 锦林公园,3室2厅,130.0,南 北,113.0,8693
急售  友谊17 一楼带30平米大院  八一公园 包钢医院,https://baotou.lianjia.com/ershoufang/101114006702.html,友谊17号社区 昆区华联,2室2厅,96.0,南 北,90.0,9375
友谊19号街坊三区 2室1厅 南,https://baotou.lianjia.com/ershoufang/101114047691.html,友谊19号街坊三区 包头乐园,2室1厅,58.24,南,44.8,7693
九星国际广场，四角旁，地理位置好，业主诚心卖,https://baotou.lianjia.com/ershoufang/101113995125.html,富强路7号街坊 九星,2室1厅,56.0,东 西,33.0,5893
日月豪庭 1室1厅 东北,https://baotou.lianjia.com/ershoufang/101114045170.html,日月豪庭 鹿港小镇,1室1厅,53.0,东北,45.0,8491
海威二区五楼，楼间距宽，采光充足，配套齐全,https://baotou.lianjia.com/ershoufang/101113997917.html,海威二区 海威小区,2室2厅,99.0,南,63.0,6364
新都市区央企现房，低价诚心出售,https://baotou.lianjia.com/ershoufang/101114007084.html,中海·河山郡 九原区,3室2厅,171.0,南 北,123.0,7193
售二旅社国泰B区精装修两室婚房+有本配贷+随时看房,https://baotou.lianjia.com/ershoufang/101114035671.html,国泰新城B区 二旅社,2室2厅,84.0,南,63.0,7500
精装，冬暖夏凉。出入方便，紧挨包百小商品批发市场,https://baotou.lianjia.com/ershoufang/101114039447.html,团12小区 包三十五中,2室1厅,55.3,南 北,43.0,7776
两室地理位置优越，交通便利，紧挨友谊大街,https://baotou.lianjia.com/ershoufang/101114048728.html,友谊22街坊一化小区 包头乐园,2室1厅,70.0,南 北,55.0,7858
春光四区 一楼 适合老人居住，,https://baotou.lianjia.com/ershoufang/101114045596.html,春光四区 五一市场,2室1厅,74.33,南 北,65.0,8745
金茂豪庭 中间楼层 采光充足 视野开阔,https://baotou.lianjia.com/ershoufang/101114043177.html,金茂豪庭 友谊广场,3室2厅,164.8,南 北,168.0,10195
精装修4楼，大三室，位置好，老人陪读俩全其美,https://baotou.lianjia.com/ershoufang/101114030569.html,友谊大街18号街坊 包头乐园,3室1厅,73.3,南 北,63.0,8595
四角 富润小区 满五唯一 中间楼层,https://baotou.lianjia.com/ershoufang/101114043836.html,富润小区 四角,2室1厅,77.0,南,68.0,8832
万科中央公园 3室2厅 南 北,https://baotou.lianjia.com/ershoufang/101114014745.html,万科中央公园 青山区,3室2厅,125.0,南 北,150.0,12000
春光四区 南北通透 一楼适合老人居住,https://baotou.lianjia.com/ershoufang/101114047343.html,春光四区 五一市场,2室1厅,85.0,南 北,75.0,8824
新都市区 2014年小区 电梯10楼 东户  三居 毛坯,https://baotou.lianjia.com/ershoufang/101114046934.html,居然青年城 九原区,3室2厅,115.0,南 北,62.0,5392
明日星城德景苑 2室2厅 南,https://baotou.lianjia.com/ershoufang/101114068471.html,明日星城德景苑 团结大街,2室2厅,92.99,南,60.0,6453
三居卧室二楼南北通透精装修阳面客厅,https://baotou.lianjia.com/ershoufang/101114011678.html,东河花苑明日星城 东大桥,3室2厅,104.0,北 南,58.0,5577
友谊19号街坊二区 2室1厅 南 北,https://baotou.lianjia.com/ershoufang/101114055172.html,友谊19号街坊二区 包头乐园,2室1厅,64.7,南 北,48.0,7419
金茂豪庭    房东急售   看房方便    诚意出售,https://baotou.lianjia.com/ershoufang/101114059095.html,金茂豪庭 友谊广场,2室2厅,118.0,北 南,116.0,9831
丰盈小区 双阳卧 户型方正 精装修,https://baotou.lianjia.com/ershoufang/101114062753.html,丰盈小区 包头乐园,2室1厅,75.0,南 北,57.0,7600
恒大名都 三居室 精装修  无遮拦 小区环境优美,https://baotou.lianjia.com/ershoufang/101114016927.html,恒大名都 东亚,3室2厅,126.0,南,98.0,7778
配套设施齐全，交通方便，小区楼龄新， 环境好,https://baotou.lianjia.com/ershoufang/101113991056.html,阳光小区(阿尔丁大街) 一号公馆,2室2厅,75.0,南,50.0,6667
呼得木林新天地 2室2厅 南 北,https://baotou.lianjia.com/ershoufang/101113952516.html,呼得木林新天地 娜琳,2室2厅,93.0,南 北,80.0,8603
加州郡府 毛坯洋房  中间楼层  随时看房 配 合贷,https://baotou.lianjia.com/ershoufang/101113390462.html,加州郡府 中建御澜世家,3室2厅,147.77,南,123.0,8324
八一公园 、包百商圈 南北通透舒适三居,https://baotou.lianjia.com/ershoufang/101111367063.html,凯旋豪庭 八一公园,3室2厅,143.0,南 北,141.0,9861
楼层好，价格可以商量，随时看房,https://baotou.lianjia.com/ershoufang/101113965607.html,北梁新区南二区 北梁新区,2室1厅,50.0,南 北,22.0,4400
友谊大街26号街坊 2室2厅 南,https://baotou.lianjia.com/ershoufang/101113915510.html,友谊大街26号街坊 广汇,2室2厅,75.0,南,55.0,7334
西五街房管楼 精装1楼 采光好 视野宽阔 交通便利,https://baotou.lianjia.com/ershoufang/101113932129.html,西五街房管楼 人民公园,2室1厅,60.0,南 北,34.9,5817
包百商圈 友谊二十一 精装婚房 拎包入住 双阳卧,https://baotou.lianjia.com/ershoufang/101113913869.html,友谊二十一社区 昆区华联,2室2厅,81.0,南 北,53.0,6544
东亚三期文馨苑小区环境好配套齐全,https://baotou.lianjia.com/ershoufang/101113922522.html,东亚世纪城文馨苑 东亚,2室1厅,92.8,南,76.0,8190
钢18 钢4  不临街不把边  户口清晰 精装修 配套齐全,https://baotou.lianjia.com/ershoufang/101113964692.html,钢十八佳园 钢四小,2室1厅,89.0,南 北,130.0,14607
东门大街南小区 精装2楼 采光好 无遮挡  交通便利,https://baotou.lianjia.com/ershoufang/101113955855.html,东门大街南小区 蒙中医院,2室2厅,102.0,南 北,60.0,5883
干净整洁  小区有菜市场 方便舒适 配套齐全,https://baotou.lianjia.com/ershoufang/101113977804.html,青松小区 阿尔丁植物园,2室1厅,77.0,南 北,54.0,7013
此房格局通透 房东诚心出售 看房方便,https://baotou.lianjia.com/ershoufang/101113919446.html,青年路甲13号街坊 钢三小,2室2厅,90.56,南 北,115.0,12699
友谊嘉园 南开小西侧高薪壹中 电梯三居室,https://baotou.lianjia.com/ershoufang/101113920280.html,友谊嘉园 南开小学,3室2厅,129.0,南 北,106.0,8218
保利罗兰香谷 电梯好楼层 采光充足 视野宽阔 交通便利,https://baotou.lianjia.com/ershoufang/101113930021.html,保利罗兰香谷 九原区,2室2厅,89.9,南 北,47.5,5284
可拎包入住 可以贷款 出入方便 精装修 可议,https://baotou.lianjia.com/ershoufang/101113992770.html,京奥港花园 东亚,3室2厅,126.0,南 北,118.0,9366
九星  万达  幸9小区   步梯4楼 精装修 阳面大客厅,https://baotou.lianjia.com/ershoufang/101113912740.html,幸9街坊 劳动公园,2室2厅,93.6,南 北,82.0,8761
格局好通风好，楼距宽采光好，交通便利配套齐全。,https://baotou.lianjia.com/ershoufang/101113919151.html,时代天骄小区 东大桥,3室2厅,138.78,南 北,72.0,5189
少先路31号街坊 3室1厅 南,https://baotou.lianjia.com/ershoufang/101113914870.html,少先路31号街坊 广汇,3室1厅,67.17,南,42.8,6372
房子是毛坯 户型是南北的，北向客厅，落地窗,https://baotou.lianjia.com/ershoufang/101113924753.html,裕民新城理想城 和平村,2室1厅,130.0,南 北,90.0,6924
居然新城 2室1厅 南 北,https://baotou.lianjia.com/ershoufang/101113982515.html,居然新城 甲尔坝,2室1厅,85.1,南 北,67.0,7874
电力北院  中间楼层 南北通透 国标户型,https://baotou.lianjia.com/ershoufang/101113938974.html,电力北院 九星,2室2厅,75.0,南 北,60.0,8000
出行方便，采光充足，精装修，配备齐全,https://baotou.lianjia.com/ershoufang/101113960673.html,造纸厂宿舍 铁西,2室1厅,74.3,南,39.0,5249
05年小区 一楼南北通透 精装全套 满五唯一,https://baotou.lianjia.com/ershoufang/101113945600.html,凯旋花园 环城路,2室2厅,83.0,南 北,43.0,5181
此房满五年，采光好，精装修，配套设施齐全，交通便利,https://baotou.lianjia.com/ershoufang/101113966621.html,通顺东二区 通顺,2室1厅,75.31,南 北,38.0,5046
步梯三楼精装修南北通透落地窗仰面客厅,https://baotou.lianjia.com/ershoufang/101113967729.html,军区大院小区 蒙中医院,2室2厅,90.47,南 北,46.0,5085
东方俪城 2室2厅 南 北,https://baotou.lianjia.com/ershoufang/101114000263.html,东方俪城 东河区,2室2厅,103.77,南 北,45.0,4337
已过大税，小错层，干净，采光好，视野开阔,https://baotou.lianjia.com/ershoufang/101114023039.html,向阳花苑 一号公馆,2室2厅,96.0,南 北,98.5,10261
左岸绿洲 南北通透 出门赛罕塔拉永盛城 11层到顶的9层,https://baotou.lianjia.com/ershoufang/101114016247.html,当代左岸绿洲 大连新型居住区,2室2厅,83.08,南 北,64.8,7800
友谊南街坊 2室1厅 东 北,https://baotou.lianjia.com/ershoufang/101114055198.html,友谊南街坊 友谊广场,2室1厅,82.33,东 北,80.0,9717
友谊十三，精装修中间楼层，适合老人居住,https://baotou.lianjia.com/ershoufang/101114072893.html,包钢友谊十三小区 106小商品城,2室1厅,60.0,南 北,66.0,11000
檀香湾 2室2厅 南,https://baotou.lianjia.com/ershoufang/101114047703.html,檀香湾 中建御澜世家,2室2厅,106.0,南,55.0,5189
九中西院 2室1厅 南 北,https://baotou.lianjia.com/ershoufang/101114066220.html,九中西院 钢三小,2室1厅,86.93,南 北,126.0,14495
新79街坊  楼层好，采光好   看房方便,https://baotou.lianjia.com/ershoufang/101114070219.html,新79街坊 广汇,2室2厅,75.41,南 北,56.0,7427
万达广场 3室2厅 南 北,https://baotou.lianjia.com/ershoufang/101114046974.html,万达广场 万达,3室2厅,203.7,南 北,190.0,9328
东河次新小区，采光好，间距宽，停车方便,https://baotou.lianjia.com/ershoufang/101114072815.html,奥宇新城A2区 北梁新区,2室1厅,73.0,南,31.5,4316
奥宇新城 新装修 新颖 敞亮 94平米 南北通透 采光好,https://baotou.lianjia.com/ershoufang/101114042143.html,奥宇新城A3区 北梁新区,2室2厅,94.0,南 北,52.0,5532
光辉佳苑 2室1厅 南,https://baotou.lianjia.com/ershoufang/101114062509.html,光辉佳苑 民主路,2室1厅,92.4,南,76.0,8226
少先31号街坊 全天采光 南北通透 价格美丽,https://baotou.lianjia.com/ershoufang/101114065480.html,少先路31号街坊 广汇,2室1厅,63.94,南 北,35.0,5474
景苑花园 金荣建材城旁 六楼带阁楼 看房方便,https://baotou.lianjia.com/ershoufang/101112663756.html,景苑花园 一号公馆,3室2厅,126.32,南 北,90.0,7125
和平路精装大三居 随时看房 诚心出售 满五唯一,https://baotou.lianjia.com/ershoufang/101112601147.html,和平路西小区 通顺,3室2厅,114.25,南 北,50.0,4377
精装小高层楼层好采光好拎包入住交通便利，配套齐全,https://baotou.lianjia.com/ershoufang/101112023879.html,新星壹品小区名轩 阿尔丁植物园,3室2厅,144.0,南 北,148.0,10278
强烈推荐 *优质房源 单价6666 钻石楼层 拎包入住,https://baotou.lianjia.com/ershoufang/101110059891.html,恒大名都 东亚,4室2厅,285.0,南 北,174.0,6106
鹿鸣苑商品房精装四楼118平米售价78万有本可贷可议,https://baotou.lianjia.com/ershoufang/101113128630.html,鹿鸣苑东区 人民公园,3室2厅,118.0,南 北,76.0,6441
江南文殊院 包百商圈 户型好 采光好  价格低,https://baotou.lianjia.com/ershoufang/101111238420.html,江南文枢苑叠韵 包钢设计院,5室2厅,160.0,南 北,100.0,6250
包百就近  楼层好 采光好  标准户型 交通方便,https://baotou.lianjia.com/ershoufang/101110054007.html,天赐新城 二旅社,2室2厅,82.5,南,45.0,5455
房东急售，大三居 。。。。。。,https://baotou.lianjia.com/ershoufang/101112658219.html,通顺东一区 通顺,3室2厅,120.0,南 北,55.0,4584
明日星城知情苑  包百商圈   昆河  交通便利,https://baotou.lianjia.com/ershoufang/101113391397.html,明日星城知情苑 二旅社,2室2厅,75.14,南 北,56.0,7453
居然新城 有本配贷 电梯大三居 小区环境好 户型方正,https://baotou.lianjia.com/ershoufang/101111249638.html,居然新城 甲尔坝,3室2厅,144.0,南 北,110.0,7639
昆区-青年路9号街坊-双阳卧-阳客厅-动静分离-南北通透,https://baotou.lianjia.com/ershoufang/101113466495.html,青年路9号街坊 钢四小,3室2厅,112.0,南 北,139.0,12411
金一 小家具家电全带三室两厅两卫,https://baotou.lianjia.com/ershoufang/101113303160.html,和平路东四区 南圪洞,3室2厅,104.58,南,38.0,3634
南北通透户型，采光一级棒，视野开阔，可议价。,https://baotou.lianjia.com/ershoufang/101113650428.html,欧风丽景 甲尔坝,3室2厅,131.0,南 北,113.0,8626
青甲12号街坊 3室1厅 南 北,https://baotou.lianjia.com/ershoufang/101112265100.html,青甲12号街坊 包三十五中,3室1厅,97.0,南 北,132.0,13609
康乐小区 植物园旁边 全屋家具定制 精装 三室全明户型,https://baotou.lianjia.com/ershoufang/101113557704.html,康乐小区 万达,3室1厅,110.4,南 北,93.0,8424
星月家园 2室1厅 西南 北,https://baotou.lianjia.com/ershoufang/101114000526.html,星月家园 蒙中医院,2室1厅,65.0,西南 北,15.0,2308
两室两厅，南北通，全屋定制。采光好,https://baotou.lianjia.com/ershoufang/101113995880.html,保利心语 中建御澜世家,2室2厅,97.15,南 北,88.5,9110
乌兰小区三楼二室一厅63.31平米，毛坯92万,https://baotou.lianjia.com/ershoufang/101114007637.html,乌兰小区 包二十九中,2室1厅,63.31,南 北,92.0,14532
房主诚心出售 价格可议 成熟配套 出行方便,https://baotou.lianjia.com/ershoufang/101114017410.html,东河商住城 北梁新区,2室2厅,92.0,南 北,45.0,4892
百兴小区1楼，适合陪读和老人居住,https://baotou.lianjia.com/ershoufang/101114038289.html,百兴小区 二机二中双学区,2室1厅,61.0,南,68.0,11148
保利拉菲公馆 3室2厅 南 北,https://baotou.lianjia.com/ershoufang/101114030421.html,保利拉菲公馆 东亚,3室2厅,128.0,南 北,115.0,8985
华丰园  电梯房   楼层好   采光好,https://baotou.lianjia.com/ershoufang/101114038896.html,华丰园 包钢设计院,2室1厅,75.0,南,55.0,7334
呼11正房二楼侧户，19年精装修可拎包入住,https://baotou.lianjia.com/ershoufang/101113998246.html,阳光社区呼11街坊 劳动公园,2室1厅,65.0,南,85.0,13077
阳光社区呼11街坊 2室1厅 南 北,https://baotou.lianjia.com/ershoufang/101114024968.html,阳光社区呼11街坊 劳动公园,2室1厅,55.7,南 北,55.0,9875
新出 丰盈小区 满二 带家具 看房提前联系,https://baotou.lianjia.com/ershoufang/101114024634.html,丰盈小区 包头乐园,2室2厅,75.0,南 北,46.0,6134
毛坯房，可根据自己喜欢装修，，，，，，,https://baotou.lianjia.com/ershoufang/101114005100.html,檀香湾 中建御澜世家,2室1厅,91.0,南 北,45.0,4946
滨河新区  美室层双  精装LOFT  有本  公摊小,https://baotou.lianjia.com/ershoufang/101114040822.html,美室层双 民馨家园,3室1厅,150.0,南 北,71.0,4734
房东急售 青山路1号街坊 2楼 精装修 空户 配贷款,https://baotou.lianjia.com/ershoufang/101114006770.html,青山路1号街坊 二机一中,2室1厅,64.64,东 西,84.0,12996
一楼，三个房间都有独立门，可开店，且采光好,https://baotou.lianjia.com/ershoufang/101114035775.html,育才社区三段 大连新型居住区,2室1厅,82.5,南,67.0,8122
包头乐园   东亚文博苑  精装  满五唯一  空户,https://baotou.lianjia.com/ershoufang/101114004078.html,东亚世纪城文博苑 东亚,2室2厅,91.0,南,74.0,8132
青松小区 出门植物园 不临街 不把边 出行方便,https://baotou.lianjia.com/ershoufang/101114004510.html,青松小区 阿尔丁植物园,2室1厅,54.0,南 北,40.0,7408
昆区 友谊19街坊 简单装修 西北户 位置好 小平米,https://baotou.lianjia.com/ershoufang/101114000503.html,友谊19号街坊二区 包头乐园,2室1厅,65.51,西北,33.0,5038
鹿港小镇  高新一中二中 精装修 拎包入住,https://baotou.lianjia.com/ershoufang/101112310089.html,鹿港小镇 鹿港小镇,2室2厅,84.58,南,65.0,7686
高新区 鹿港小镇 交通便利 出门就是小吃街,https://baotou.lianjia.com/ershoufang/101112153405.html,鹿港小镇 鹿港小镇,3室2厅,134.0,南 北,98.0,7314
五一市场 精装修 阳面大客厅 标准三居室 随时看房,https://baotou.lianjia.com/ershoufang/101108776594.html,幸16街坊 大连新型居住区,3室2厅,104.0,南 北,62.0,5962
出售  86万  日月豪庭  南北通透  两室两厅,https://baotou.lianjia.com/ershoufang/101112848852.html,日月豪庭 鹿港小镇,2室2厅,94.84,南 北,84.0,8858
包百电梯房2居室 东方花园 中层无大税 采光足铁心要卖,https://baotou.lianjia.com/ershoufang/101111527701.html,东方花园 包百,2室2厅,89.0,南,74.0,8315
赛罕塔拉公园 阳面大客厅 毛坯三居室 中间楼层 急售,https://baotou.lianjia.com/ershoufang/101111816699.html,当代左岸绿洲 大连新型居住区,3室2厅,121.68,南 北,92.0,7561
九原融茂小区  轻奢精装  复式  格局方正,https://baotou.lianjia.com/ershoufang/101112466728.html,融茂第一城 融茂,3室2厅,120.0,南 北,59.5,4959
人民公园首付2万精装修婚房满五唯一随时看房,https://baotou.lianjia.com/ershoufang/101110279585.html,宏运小区 人民公园,2室1厅,62.7,南,31.0,4945
东亚三期中间楼层标准H户型毛坯任您装修,https://baotou.lianjia.com/ershoufang/101113225048.html,东亚世纪城文馨苑 东亚,2室2厅,110.46,南 北,86.0,7786
娜琳商圈 幸福路5号街坊 一楼侧户 不临街不把边,https://baotou.lianjia.com/ershoufang/101113453516.html,幸福路五号街坊 娜琳,2室1厅,65.92,南 北,57.9,8784
吾悦广场中冶世家水晶城。。。。。。。。。。。。。,https://baotou.lianjia.com/ershoufang/101112826099.html,中冶世家水晶城 内蒙古科技大学,3室2厅,101.87,南 北,84.9,8335
好楼层，好位置，诚心出售，价格可议,https://baotou.lianjia.com/ershoufang/101111603439.html,少先路31号街坊 广汇,2室1厅,56.2,南 北,30.8,5481
春光小区 2室2厅 南 北,https://baotou.lianjia.com/ershoufang/101113382507.html,春光小区 五一市场,2室2厅,75.8,南 北,53.0,6993
急售，金荣建材城，步梯3楼·配套齐全·,https://baotou.lianjia.com/ershoufang/101112015197.html,金荣建材城小区 一号公馆,3室2厅,124.77,南 北,83.0,6653
科技大学 新星美地 大三居 精装修 中间楼层 采光好,https://baotou.lianjia.com/ershoufang/101113418605.html,新星美地 内蒙古科技大学,3室2厅,145.87,南 北,121.0,8296
视野开阔 采光充足去包百俩个红绿灯出行方便公交线路,https://baotou.lianjia.com/ershoufang/101110938096.html,钢37小区 包钢设计院,2室1厅,71.0,南 北,57.8,8141
日健花园 2室2厅 南 北,https://baotou.lianjia.com/ershoufang/101113873989.html,日健花园 东大桥,2室2厅,89.6,南 北,40.0,4465
此房五一市场附 精装修 【落地大窗+带7平米转交阳台,https://baotou.lianjia.com/ershoufang/101112545644.html,青云二段回收小区 五一市场,2室1厅,66.71,南,54.0,8095
有钥匙 房东急售  精装修拎包入住,https://baotou.lianjia.com/ershoufang/101113748991.html,松石雅居 一号公馆,3室2厅,138.44,南 北,126.8,9160
房子地理位置好，楼层好，采光好，出门就是菜市场,https://baotou.lianjia.com/ershoufang/101112521109.html,青松小区 阿尔丁植物园,2室1厅,55.0,南 北,46.0,8364
鹿港小镇精装婚房 紧挨燕赵锦河湾、高新一二中,https://baotou.lianjia.com/ershoufang/101113402999.html,鹿港小镇 鹿港小镇,2室1厅,87.88,南,74.0,8421
友谊大街24号街坊 3室2厅 南 北,https://baotou.lianjia.com/ershoufang/101112989408.html,友谊大街24号街坊 昆区华联,3室2厅,113.3,南 北,68.5,6046
站北路面粉小区5楼，精装婚房，首付5万，南北通透格局,https://baotou.lianjia.com/ershoufang/101112296888.html,面粉小区 摩尔城,2室2厅,84.18,南 北,46.0,5465
业主诚意出售 看房方便 家里无遮挡,https://baotou.lianjia.com/ershoufang/101106981477.html,军区大院小区 蒙中医院,2室2厅,83.0,南 北,47.5,5723
291东河商住城 采光好 精装 拎包入住 交通方便,https://baotou.lianjia.com/ershoufang/101111851829.html,东河商住城 北梁新区,2室2厅,94.77,南,46.0,4854
此房楼层好 采光好 金典南北户型,https://baotou.lianjia.com/ershoufang/101113879419.html,春光小区 五一市场,2室2厅,110.0,南,73.0,6637
紧 邻 区政府 南北通透 通道小 学 精装修,https://baotou.lianjia.com/ershoufang/101110470842.html,铸造小区 东大桥,2室1厅,88.21,南 北,48.0,5442
和平路西小区，，拎包入住，首付2万,https://baotou.lianjia.com/ershoufang/101108239572.html,和平路西小区 通顺,2室1厅,74.86,南 北,36.0,4809
和平路东四区 简单装修繁华地段 经典户型有本配贷.,https://baotou.lianjia.com/ershoufang/101112829909.html,和平路东四区 南圪洞,2室2厅,74.49,南 北,28.2,3786
和平路东一区 采光充足 视野宽阔 交通便利,https://baotou.lianjia.com/ershoufang/101109522813.html,和平路东一区 南圪洞,2室1厅,62.0,南 北,35.0,5646
东亚世纪城文脉苑 2室2厅 南 北,https://baotou.lianjia.com/ershoufang/101113346506.html,东亚世纪城文脉苑 东亚,2室2厅,110.33,南 北,89.8,8140
满五唯一，随时可看，业主新装修,https://baotou.lianjia.com/ershoufang/101113168937.html,绿苑小区一期 西脑包,3室1厅,97.44,南 北,48.5,4978
钢十八佳园 钢四小29中 采光充足 户口清晰,https://baotou.lianjia.com/ershoufang/101111922349.html,钢十八佳园 钢四小,2室2厅,80.21,北 南,117.0,14587
五一市场  南  一  小片 春光四区 精装婚房  双阳卧室,https://baotou.lianjia.com/ershoufang/101112127473.html,春光四区 五一市场,3室2厅,117.0,南 北,89.0,7607
出售  鹿港小镇  精装好房  105万 119平  三室,https://baotou.lianjia.com/ershoufang/101111754216.html,鹿港小镇 鹿港小镇,3室2厅,118.51,南 北,90.0,7595
包百商圈 出门11小 步梯三楼 三室双阳卧,https://baotou.lianjia.com/ershoufang/101113787901.html,友谊23号街坊 昆区华联,3室2厅,116.64,南 北,78.0,6688
和谐警苑三千多一平，分期付款看房方便可以随时更名,https://baotou.lianjia.com/ershoufang/101113269344.html,和谐警苑 九原区,4室2厅,172.0,南 北,52.0,3024
吾悦旁，中建楼层高新区，全天采光,https://baotou.lianjia.com/ershoufang/101111940318.html,中建御澜世家 中建御澜世家,3室2厅,154.0,南 北,118.0,7663
双阳户型 2 房屋可接受议价 3 房屋拎包入,https://baotou.lianjia.com/ershoufang/101112772772.html,颐和山庄 海威小区,2室2厅,91.13,南,59.0,6475
业主诚意出售此房，付款方式接受灵活.交通便利,https://baotou.lianjia.com/ershoufang/101113535334.html,富力城 九原区,3室2厅,140.0,南 北,110.0,7858
铁西区 精装修 拎包入住 楼层好 适合老人居住出行方便,https://baotou.lianjia.com/ershoufang/101111451280.html,铜厂楼 铁西,2室1厅,59.15,南 北,35.0,5918
宁馨佳苑，步梯三楼，毛坯现房，包百商圈,https://baotou.lianjia.com/ershoufang/101112536814.html,宁馨佳苑 恰特,2室2厅,107.0,南,76.0,7103
业主急售 中间楼层 欧式精装修 拎包入住,https://baotou.lianjia.com/ershoufang/101109993816.html,中建御澜世家 中建御澜世家,3室2厅,143.0,南,120.0,8392
维多利华府114.28㎡三居室毛坯房有房本无大税看房方便,https://baotou.lianjia.com/ershoufang/101111394651.html,维多利华府 摩尔城,3室2厅,114.28,南 北,78.0,6826
禧瑞都三期 精装大三居 中间楼层 婚房基本没住过,https://baotou.lianjia.com/ershoufang/101112823147.html,闽辉禧瑞都三期 广汇,3室2厅,125.0,南 北,98.0,7840
出售  中晟华悦  88平 82万  两室高新一片内,https://baotou.lianjia.com/ershoufang/101112559045.html,中晟华悦 鹿港小镇,2室1厅,88.0,南,76.0,8637
经典户型，随时看房，提前预约 随时可看,https://baotou.lianjia.com/ershoufang/101112522508.html,武银福小区二区 南开小学,2室2厅,99.0,北,40.0,4041
吾悦广场 松石名第 三居室 南北通透 35中 有本配贷急,https://baotou.lianjia.com/ershoufang/101112208397.html,松石名第 内蒙古科技大学,3室2厅,121.0,南 北,101.0,8348
"科大南面，精装2楼小平米,拎包入住，过渡养老均可！",https://baotou.lianjia.com/ershoufang/101113095327.html,二化小区 包头站,2室1厅,59.12,南 北,44.5,7528
出售  中晟华悦  88平 82万  两室高新一片内,https://baotou.lianjia.com/ershoufang/101112559045.html,中晟华悦 鹿港小镇,2室1厅,88.0,南,76.0,8637
娜琳商圈的     呼14师院3楼,https://baotou.lianjia.com/ershoufang/101113319816.html,呼得木林大街14号街坊师院小区 二机二中双学区,2室1厅,78.77,南 北,75.0,9522
业主诚心诚意出售小区绿化好停车方便看房方便,https://baotou.lianjia.com/ershoufang/101109844577.html,和平路西小区 通顺,2室1厅,68.95,南 北,40.5,5874
五二三区  精装一楼 拎包入住 格局好,https://baotou.lianjia.com/ershoufang/101112223297.html,五二住宅三区 二机二中双学区,2室2厅,66.0,南 北,60.0,9091
山水佳苑 步梯四楼  现代精装  拎包入住，，，，,https://baotou.lianjia.com/ershoufang/101113910189.html,山水佳苑 东大桥,2室2厅,97.0,南 北,56.0,5774
精装修2居室，双阳卧室，采光好,https://baotou.lianjia.com/ershoufang/101111334973.html,通顺东二区 通顺,2室1厅,75.31,南,39.0,5179
迎宾小区 三楼 侧户 两室一厅,https://baotou.lianjia.com/ershoufang/101112966568.html,迎宾小区 万达,2室1厅,50.0,南 北,41.5,8300
本方满五唯一，6楼，业主一直自住，品牌家电,https://baotou.lianjia.com/ershoufang/101111036995.html,友谊南街坊 友谊广场,3室1厅,85.0,南 北,78.0,9177
保利拉菲 ，毛坯11楼 看房方便,https://baotou.lianjia.com/ershoufang/101112436494.html,保利拉菲公馆 东亚,3室2厅,144.0,南 北,135.0,9375
繁华地段，出入便利，交通方便，,https://baotou.lianjia.com/ershoufang/101113719156.html,通顺东二区 通顺,2室1厅,62.5,南,33.8,5408
阳光一楼，下水已改，家具家电齐全，拎包入住，精装修,https://baotou.lianjia.com/ershoufang/101113115678.html,阳光小区(阿尔丁大街) 一号公馆,2室2厅,75.0,南 北,66.5,8867
和平路东 钻石2楼 经典侧户 ，繁华地段有本配贷。,https://baotou.lianjia.com/ershoufang/101113828050.html,和平路东一区 南圪洞,2室2厅,67.72,南 北,32.0,4726
通顺环西住宅楼+南北户型+精装婚房+带家具+钻石四楼,https://baotou.lianjia.com/ershoufang/101108713050.html,环西住宅楼 通顺,2室1厅,75.0,南,42.0,5600
幸9街坊 3室2厅 南 北,https://baotou.lianjia.com/ershoufang/101113590346.html,幸9街坊 劳动公园,3室2厅,79.14,南 北,63.0,7961
小洋房坐北朝南，，楼层好，视野宽阔，配套设施齐全,https://baotou.lianjia.com/ershoufang/101113493226.html,中冶世家一期 内蒙古科技大学,3室2厅,145.0,南 北,132.9,9166
光辉佳苑 2室2厅 南 北,https://baotou.lianjia.com/ershoufang/101113867930.html,光辉佳苑 民主路,2室2厅,92.7,南 北,84.0,9062
荣资梦乡 3室2厅 南 北,https://baotou.lianjia.com/ershoufang/101113605931.html,荣资梦乡 106小商品城,3室2厅,127.5,南 北,122.0,9569
友谊嘉园 步梯三居室 南开小 学 交通便利,https://baotou.lianjia.com/ershoufang/101110402801.html,友谊嘉园 南开小学,3室2厅,106.68,南 北,90.0,8437
环西旁3楼，小区绿化好，停车方便，看房方便。,https://baotou.lianjia.com/ershoufang/101113001588.html,通顺西一区 通顺,2室1厅,68.9,南 北,33.0,4790
昆区 保利拉菲公馆 价位合适 随时可以看房 五证齐全,https://baotou.lianjia.com/ershoufang/101107143190.html,保利拉菲公馆 东亚,4室2厅,176.0,南,158.0,8978
中建御澜世家 视野宽阔，采光充足，户型方正,https://baotou.lianjia.com/ershoufang/101111607119.html,中建御澜世家 中建御澜世家,2室1厅,100.0,南 北,77.0,7700
，精装修，中间楼层，价格可议，，，，，，，，，,https://baotou.lianjia.com/ershoufang/101113606069.html,荣资梦乡 106小商品城,3室2厅,127.5,南 北,120.0,9412
盛世嘉苑 2室1厅 南 北,https://baotou.lianjia.com/ershoufang/101112971267.html,盛世嘉苑 广汇,2室1厅,102.0,南 北,72.0,7059
保利二期 电梯四楼 精装三居 五年外房本 随时看房,https://baotou.lianjia.com/ershoufang/101111575518.html,保利花园溪水园 保利,3室1厅,145.11,南 北,125.0,8615
房屋为两层带阁楼，晒台，步梯中的小别墅，地理位置好,https://baotou.lianjia.com/ershoufang/101112675875.html,富强路12号街坊 九星,4室2厅,118.66,南,108.0,9102
标准户型 楼层好采光好 拎包入住交通便利。精装修,https://baotou.lianjia.com/ershoufang/101112253317.html,康乐小区 万达,2室1厅,78.0,东 西,57.0,7308
随时看房 房本满五年 低首付 天然气入户 停车无压力,https://baotou.lianjia.com/ershoufang/101113466031.html,菜园小区 蒙中医院,3室2厅,123.79,南 北,56.0,4524
保利二期 电梯四楼 精装三居 五年外房本 随时看房,https://baotou.lianjia.com/ershoufang/101111575518.html,保利花园溪水园 保利,3室1厅,145.11,南 北,125.0,8615
当代精英国际毛坯，中间楼层。好房不容错过。,https://baotou.lianjia.com/ershoufang/101113988156.html,当代菁英国际 万郡,2室2厅,107.4,南,83.0,7729
东亚世纪城文博苑 1室1厅 南,https://baotou.lianjia.com/ershoufang/101113939297.html,东亚世纪城文博苑 东亚,1室1厅,67.0,南,55.0,8209
东方花园 包百商圈 交通便利 配套齐全,https://baotou.lianjia.com/ershoufang/101113928741.html,东方花园 包百,2室1厅,75.0,南,63.0,8400
东亚世纪城文馨苑 2室2厅 南 北,https://baotou.lianjia.com/ershoufang/101113941672.html,东亚世纪城文馨苑 东亚,2室2厅,116.14,南 北,95.0,8180
友谊大街18号街坊 2室1厅 南 北,https://baotou.lianjia.com/ershoufang/101113912232.html,友谊大街18号街坊 包头乐园,2室1厅,50.0,南 北,50.0,10000
二楼 出行方便 免费停车 公摊小,https://baotou.lianjia.com/ershoufang/101113944250.html,胜达花苑 北梁新区,2室2厅,93.64,南 北,45.0,4806
此房满五唯一，标准H户型，南北通透,https://baotou.lianjia.com/ershoufang/101113896535.html,神华佳苑 锦林公园,2室2厅,108.0,南 北,86.0,7963
南排小区 2室2厅 北 南,https://baotou.lianjia.com/ershoufang/101113973746.html,南排小区 恰特,2室2厅,84.72,北 南,58.0,6847
华清佳园   楼层好位置好  好停车  采光好无遮挡,https://baotou.lianjia.com/ershoufang/101113931633.html,华清佳苑 二机二中双学区,3室2厅,125.0,南 北,105.0,8400
此房地理位置优越，旁边就是包四中 2楼 宜居宜租,https://baotou.lianjia.com/ershoufang/101113982912.html,呼得木林大街五号街坊 娜琳,2室2厅,71.0,南,61.9,8719
凯旋豪庭 2室1厅 南,https://baotou.lianjia.com/ershoufang/101113969306.html,凯旋豪庭 八一公园,2室1厅,104.0,南,117.0,11250
房屋满五唯一，出行方便，交通配套完善,https://baotou.lianjia.com/ershoufang/101113977379.html,富强路7号街坊 九星,2室1厅,60.0,南 北,48.0,8000
钢三 35 空户 房本满二 能贷款 房东诚心卖,https://baotou.lianjia.com/ershoufang/101113963045.html,钢苑龙御花园 钢三小,3室1厅,81.0,南 北,140.0,17284
东门大街西小区 2室2厅 南 北,https://baotou.lianjia.com/ershoufang/101113961142.html,东门大街西小区 南圪洞,2室2厅,82.03,南 北,40.0,4877
此房出门就是四小，娜琳商圈，生活便利,https://baotou.lianjia.com/ershoufang/101113990259.html,赛音道一号街坊 娜琳,2室1厅,70.5,南,52.0,7376
采光好 有本配贷  价格便宜  小区硬化完善,https://baotou.lianjia.com/ershoufang/101113944512.html,团18社区 二旅社,2室1厅,67.35,南 北,42.0,6237
少先19街坊。2楼，2楼，中等装修，三居室。,https://baotou.lianjia.com/ershoufang/101113991920.html,少先路19号街坊 106小商品城,3室2厅,163.0,南 北,149.5,9172
康乐小区 2室2厅 南 北,https://baotou.lianjia.com/ershoufang/101113981551.html,康乐小区 万达,2室2厅,96.0,南 北,78.0,8125
佳福小区 中间楼层 双阳夹厅户型 配 合贷款,https://baotou.lianjia.com/ershoufang/101113955398.html,佳福 保利,3室2厅,136.0,南 北,115.0,8456
昆都仑区 东亚世纪城 文雅苑 交通便利 配套齐全,https://baotou.lianjia.com/ershoufang/101113939266.html,东亚世纪城文雅苑 东亚,3室2厅,129.89,南 北,105.0,8084
昆河壹号一期蓝湾 精装三室 中间楼层,https://baotou.lianjia.com/ershoufang/101113923709.html,昆河壹号 二旅社,3室2厅,113.58,南 北,100.0,8805
翡丽湾 3室2厅 南,https://baotou.lianjia.com/ershoufang/101113953340.html,翡丽湾 万郡,3室2厅,164.0,南,123.0,7500
户型方正，价格合理，品质社区，看房随时,https://baotou.lianjia.com/ershoufang/101110607022.html,三江尊园 中建御澜世家,4室2厅,336.0,南,190.0,5655
鹿鸣苑四楼大三居精装修南北通透东西基本都留下,https://baotou.lianjia.com/ershoufang/101113631302.html,鹿鸣苑东区 人民公园,3室2厅,120.3,南 北,72.0,5986
满五唯一，好楼层，钢三，三十五中，拎包入住,https://baotou.lianjia.com/ershoufang/101111647965.html,青年路十一号街坊 钢三小,2室1厅,109.09,东 西,125.0,11459
此房毛坯南北通透户型好楼层好出行方便采光充足,https://baotou.lianjia.com/ershoufang/101113143605.html,傲北上城 甲尔坝,3室2厅,156.6,南 北,103.0,6578
天诚名筑     精装修    钢四小    二十九中,https://baotou.lianjia.com/ershoufang/101113441919.html,天诚名筑 钢四小,3室2厅,124.82,南 北,190.0,15222
锡华玫瑰园精装修大错层2楼3室出售,https://baotou.lianjia.com/ershoufang/101113021551.html,锡华世纪花园 106小商品城,3室2厅,152.88,南 北,145.2,9498
万达小区 精装婚房 小区环境好 物业,https://baotou.lianjia.com/ershoufang/101112650081.html,万达广场 万达,4室2厅,203.0,南 北,185.0,9114
锡华玫瑰园精装修大错层2楼3室出售,https://baotou.lianjia.com/ershoufang/101113021551.html,锡华世纪花园 106小商品城,3室2厅,152.88,南 北,145.2,9498
南北通透楼层好，视野开阔，采光充足，电梯大三居,https://baotou.lianjia.com/ershoufang/101112531904.html,居然新城 甲尔坝,3室1厅,143.5,南 北,115.0,8014
简装两居室 五一市场 劳动公园旁 看房方便 诚心出售,https://baotou.lianjia.com/ershoufang/101113871377.html,瑞景嘉苑 大连新型居住区,2室1厅,61.25,南 北,36.9,6025
新元华庭，一楼带院儿使用面积110平，,https://baotou.lianjia.com/ershoufang/101113945958.html,新元华庭13号街坊 团结大街,2室2厅,93.0,南 北,92.0,9893
西友谊22街坊 出门就是九中 诚心出售 全天看房,https://baotou.lianjia.com/ershoufang/101113974923.html,友谊22街坊一化小区 包头乐园,2室1厅,65.0,南,54.0,8308
锡华世纪花园 4室1厅 南 北,https://baotou.lianjia.com/ershoufang/101113977887.html,锡华世纪花园 106小商品城,4室1厅,198.0,南 北,180.0,9091
友谊南街坊 2室1厅 西南,https://baotou.lianjia.com/ershoufang/101113913518.html,友谊南街坊 友谊广场,2室1厅,72.62,西南,65.0,8951
楼层低，南北通透，采光足，适合老人，年轻人陪读,https://baotou.lianjia.com/ershoufang/101113977770.html,青年路七号街坊 包二十九中,2室1厅,57.4,南 北,80.0,13938
馥室成双 2室1厅 南 北,https://baotou.lianjia.com/ershoufang/101113991010.html,馥室成双 广汇,2室1厅,104.0,南 北,64.0,6154
户型方正  楼层5层   视野宽广   采光好   有本配贷,https://baotou.lianjia.com/ershoufang/101113964381.html,南海四村 南海,2室1厅,65.0,南 北,15.0,2308
精装四楼  标准侧户  带全套家具  准婚房,https://baotou.lianjia.com/ershoufang/101113988642.html,幸16街坊 大连新型居住区,2室1厅,58.0,南 北,50.8,8759
采光好，交通便利市场，出行方便,https://baotou.lianjia.com/ershoufang/101113981206.html,友谊大街27号街坊 广汇,2室1厅,56.38,南,40.0,7095
万和城 2室2厅 南 北,https://baotou.lianjia.com/ershoufang/101113937118.html,万和城 包头站,2室2厅,102.17,南 北,65.0,6362
友谊19号街坊一区 2室1厅 南,https://baotou.lianjia.com/ershoufang/101113929051.html,友谊19号街坊一区 包头乐园,2室1厅,56.3,南,45.0,7993
昆区  团结大街  明日星城知惠苑,https://baotou.lianjia.com/ershoufang/101113959956.html,明日星城知惠苑 二旅社,2室2厅,95.6,南,60.0,6277
友谊大街以北，白云路以西，二楼，适合陪读和老人,https://baotou.lianjia.com/ershoufang/101113915460.html,友谊大街26号街坊 广汇,2室1厅,57.0,南 北,33.0,5790
华泰园 户型通透 精装修 采光好 2室,https://baotou.lianjia.com/ershoufang/101113948474.html,华泰园 广汇,2室1厅,56.0,南 北,27.0,4822
12月底登记昆河1号1期6楼无大税自住房南北通透,https://baotou.lianjia.com/ershoufang/101113956348.html,昆河壹号 二旅社,2室2厅,94.3,南 北,85.0,9014
12月底登记包百新小区 保利香槟14楼南北通透,https://baotou.lianjia.com/ershoufang/101113924035.html,保利香槟花园 包钢设计院,2室2厅,95.88,南 北,72.0,7510
昆区团结大街 小公园 菜市场 出行方便 精装修看房方便,https://baotou.lianjia.com/ershoufang/101114005734.html,凯新华庭 包三十五中,2室2厅,97.0,南,73.0,7526
TOUCH悦城 2室1厅 南,https://baotou.lianjia.com/ershoufang/101114008258.html,TOUCH悦城 南开小学,2室1厅,60.0,南,46.0,7667
友谊19号街坊四区 1室1厅 南 北,https://baotou.lianjia.com/ershoufang/101114038607.html,友谊19号街坊四区 包头乐园,1室1厅,55.0,南 北,42.0,7637
友谊19一区，配套齐全，屋内采光好，出行交通便利,https://baotou.lianjia.com/ershoufang/101114020509.html,友谊19号街坊一区 包头乐园,2室1厅,53.0,东南,40.0,7548
呼得木林11号街坊  2楼 有本 可贷款,https://baotou.lianjia.com/ershoufang/101114042888.html,阳光社区呼11街坊 劳动公园,2室1厅,56.02,东 西,56.0,9997
怡康苑精装公寓出售出租，一室一厅,https://baotou.lianjia.com/ershoufang/101114042205.html,怡康苑 口岸花园,1室1厅,64.0,东 北,44.8,7000
春光小区 2室2厅 南 北,https://baotou.lianjia.com/ershoufang/101114029979.html,春光小区 五一市场,2室2厅,78.18,南 北,63.0,8059
东亚世纪城文雅苑 南北通透 高楼层 采光无遮挡,https://baotou.lianjia.com/ershoufang/101114003489.html,东亚世纪城文雅苑 东亚,2室2厅,105.89,南 北,88.0,8311
友谊小区 2室1厅 南 北,https://baotou.lianjia.com/ershoufang/101114029781.html,友谊小区 友谊广场,2室1厅,75.9,南 北,85.0,11199
鹿景苑 2室2厅 南 北,https://baotou.lianjia.com/ershoufang/101111995364.html,鹿景苑 九星,2室2厅,77.74,南 北,69.0,8876
此房南北通透，前后无遮挡，采光很好,https://baotou.lianjia.com/ershoufang/101112484684.html,赛六社区 娜琳,2室1厅,73.03,南 北,62.5,8559
