兽医楼 舒适三房 采光好 只有一套,https://fs.lianjia.com/ershoufang/108403028523.html,兽医楼(外滩南路) 罗村,3室2厅,110.0,南,80.0,7273
南向楼层好，采光视野好，刚需三房户型,https://fs.lianjia.com/ershoufang/108403032852.html,汇信华府 北江新区,3室1厅,91.0,西南,75.0,8242
保利精装三房 经典户型 产权清晰 望园景 采光通风好,https://fs.lianjia.com/ershoufang/108403028601.html,顺德保利中央公园 伦教,3室2厅,95.73,东北,155.0,16192
时代南湾二期。江景房。中高楼层。全新未住过,https://fs.lianjia.com/ershoufang/108403031743.html,时代南湾 北江新区,3室2厅,94.34,南,109.0,11554
金域名都 精装南向三房  业主诚意出售 有匙即看,https://fs.lianjia.com/ershoufang/108403032313.html,万科金域中央 平洲,3室1厅,68.0,南,90.0,13236
瑞安花园三期 滘口5号线 精装四房 高层安静望,https://fs.lianjia.com/ershoufang/108403014398.html,瑞安花园 黄岐,4室2厅,124.86,西南,320.0,25629
5号线滘口瑞安花园.单证.后门菜市场.小区门口购物广场,https://fs.lianjia.com/ershoufang/108403024869.html,瑞安花园 黄岐,4室1厅,149.0,东南,405.0,27182
龙光君悦华府 朝南户型 地铁2号线湾华站 业主诚意出售,https://fs.lianjia.com/ershoufang/108403025652.html,龙光君悦华府 东平,3室1厅,82.75,南,188.0,22720
精装修，格方正，采光充足，环境优雅，视野开阔,https://fs.lianjia.com/ershoufang/108403025867.html,碧桂园凤凰湾 容桂,3室2厅,92.62,东北,108.0,11661
三水北江 汇信华府 准地铁口物业 高层南向3房 有钥匙,https://fs.lianjia.com/ershoufang/108403031045.html,汇信华府 北江新区,3室1厅,86.71,南,82.0,9457
价格美丽 毛坯5房 产权清晰 带两个车位,https://fs.lianjia.com/ershoufang/108403029224.html,保利东湖林语 狮山,5室2厅,232.52,南,270.0,11612
满两年，中楼层，无抵押，毛坯房装修自由,https://fs.lianjia.com/ershoufang/108403028456.html,佳兆业金域天下 容桂,3室2厅,97.27,南,103.8,10672
雅居乐花园 精装3房改4房 南北对流双阳台 五年唯一,https://fs.lianjia.com/ershoufang/108403029695.html,三水雅居乐花园 西南街道,4室2厅,121.0,南 北,113.0,9339
时代倾城  中层南向 看花园 配套成熟,https://fs.lianjia.com/ershoufang/108402977257.html,时代倾城西区（二期） 容桂,4室2厅,130.27,南,179.0,13741
证满2年，碧桂园精装修，格局好，小区环境幽静，,https://fs.lianjia.com/ershoufang/108402972477.html,碧桂园·翡翠湾 西樵,3室2厅,101.0,南 北,80.0,7921
颐安灏景湾  精装四房 温馨舒适,https://fs.lianjia.com/ershoufang/108402992980.html,颐安灏景湾 容桂,4室2厅,128.87,南,210.0,16296
惠景城 电梯2房 东南向 格局方正中层好采光,https://fs.lianjia.com/ershoufang/108403032658.html,惠景城小区惠景二街 魁奇,2室1厅,79.31,南,113.0,14248
满五唯一，南向三房！望花园望泳池，视野开阔，楼层好,https://fs.lianjia.com/ershoufang/108403032711.html,保利紫山国际花苑三期 里水,3室2厅,89.51,南,215.0,24020
精装修 看房方便 满二年 诚意出售,https://fs.lianjia.com/ershoufang/108403015900.html,中铁建水岸花园 千灯湖,4室2厅,143.55,南 北,660.0,45978
配套齐全，交通便利，低楼层，上车好盘,https://fs.lianjia.com/ershoufang/108403034640.html,湖畔湾豪庭一期 乐从,3室2厅,89.0,北,110.0,12360
电梯楼复式 少有放卖 入住率高 无抵押 满二低税,https://fs.lianjia.com/ershoufang/108402135888.html,保利·御江南 西南街道,4室2厅,187.37,南 北,150.0,8006
丹灶镇各种配套资源相邻  独栋三层  重新装修,https://fs.lianjia.com/ershoufang/108402971581.html,沙田新村 丹灶,6室2厅,191.7,南,132.0,6886
美的庄园独栋，大花园，环境舒适,https://fs.lianjia.com/ershoufang/108402479067.html,美的半岛庄园 云东海街道,5室2厅,393.92,东南,373.8,9490
此房源证够五年，户型方正，实用三房 视野开阔舒适,https://fs.lianjia.com/ershoufang/108403027607.html,金鱼街 岭南大道,3室1厅,116.0,南 北,115.0,9914
安静望花园  保养很好   楼层好   视野景观美,https://fs.lianjia.com/ershoufang/108403033863.html,万科金域中央 平洲,3室2厅,88.73,北,225.0,25358
楼下就是商场 两房刚需户型 采光充足 单边位,https://fs.lianjia.com/ershoufang/108403015741.html,新动力广场 北江新区,2室2厅,81.41,东北,65.0,7985
桂丹颐景园 3室2厅 北,https://fs.lianjia.com/ershoufang/108403008029.html,桂丹颐景园 丹灶,3室2厅,89.15,北,90.0,10096
禾粤毛坯三房 东南向采光足 楼层适中位置好 户型方正,https://fs.lianjia.com/ershoufang/108403007838.html,禾粤尚德居 狮山,3室2厅,90.86,东南,94.0,10346
每个女人都需要一套公寓 二线望江 湿地公园 精装修,https://fs.lianjia.com/ershoufang/108403034721.html,保利东湾东瑞广场 乐从,1室1厅,50.37,东南,40.0,7942
南向三房，通风采光很好，装修用心，给你一个温馨的家,https://fs.lianjia.com/ershoufang/108403007754.html,禾粤尚德居 狮山,3室2厅,89.47,东南,100.0,11177
保利御江南国际大社区 南向刚需三房高楼层,https://fs.lianjia.com/ershoufang/108403005584.html,保利·御江南 西南街道,3室2厅,95.68,南,67.0,7003
万达华府B区 4室2厅 东南,https://fs.lianjia.com/ershoufang/108403028162.html,万达华府B区 云东海街道,4室2厅,116.04,东南,110.0,9480
千叶花园 2室1厅 南,https://fs.lianjia.com/ershoufang/108403030309.html,千叶花园 云东海街道,2室1厅,109.83,南,54.0,4917
此房满两年，精装房，南向， ，采光很好,https://fs.lianjia.com/ershoufang/108403026191.html,万达华府C区 云东海街道,3室2厅,87.0,南,84.0,9656
此房中间楼层。采光好通风强。全新未住过,https://fs.lianjia.com/ershoufang/108403031992.html,时代南湾 北江新区,3室2厅,96.0,南,110.0,11459
高楼层采光好，南向价格实惠。碧桂园自体物业管理。,https://fs.lianjia.com/ershoufang/108403034774.html,碧桂园西樵悦府 西樵,4室2厅,126.49,南,159.0,12571
万科金域花园B区高层精装四房，方便睇楼,https://fs.lianjia.com/ershoufang/108402989306.html,万科金域中央 平洲,4室2厅,120.67,东南,315.0,26105
全新未入住，南向，户型方正，楼层好，视野无遮挡,https://fs.lianjia.com/ershoufang/108402982717.html,绿地香树花园二期 里水,3室1厅,83.0,南,142.0,17109
高层南向 有钥匙 满二唯一 无抵押 产权清晰 随时交易,https://fs.lianjia.com/ershoufang/108402991611.html,深业城三期 北滘,3室2厅,106.03,东南,189.5,17873
精装修四房，契税满二，房间望江，业主诚心出售,https://fs.lianjia.com/ershoufang/108402995424.html,信业阳光城檀悦 绿岛湖,4室2厅,132.55,南,287.0,21653
岭南天地旁地铁口次新精装小户型,https://fs.lianjia.com/ershoufang/108402987173.html,宇翠庭 南桂西,2室1厅,53.27,南 北,102.0,19148
国际大社区，刚需三房，中层，无遮挡,https://fs.lianjia.com/ershoufang/108402997425.html,保利·御江南 西南街道,3室2厅,80.66,北,57.0,7067
业主诚心出售，4房横厅户型，大阳台,https://fs.lianjia.com/ershoufang/108402985363.html,时代南湾 北江新区,4室2厅,116.8,南,118.0,10103
五房户型+电梯带车位+双地铁+新装修家具定制,https://fs.lianjia.com/ershoufang/108402443839.html,同华社区 同济,5室2厅,128.44,南 北,146.0,11368
4座舒适江景楼层 远离大桥 晨曦与落霞江天一色,https://fs.lianjia.com/ershoufang/108402077363.html,中海凤凰熙岸 张槎,4室2厅,131.58,南,250.0,19000
普君新城 实用小2房 高层无遮挡 普君地铁口 随时可看,https://fs.lianjia.com/ershoufang/108402297162.html,普君新城 祖庙,2室1厅,61.4,北,110.0,17916
绿地丽雅香榭花城 3室1厅 南,https://fs.lianjia.com/ershoufang/108402994043.html,绿地丽雅香榭花城 小塘,3室1厅,87.04,南,115.0,13213
证满2年，碧桂园精装修，格局好，小区环境幽静,https://fs.lianjia.com/ershoufang/108402978025.html,碧桂园·翡翠湾 西樵,4室2厅,107.13,南,88.0,8215
房子价钱优惠，满2年，产权清晰，采光通风好！,https://fs.lianjia.com/ershoufang/108402978135.html,美的明湖花园三期 荷城,3室2厅,99.57,北,100.0,10044
佛山勤天汇  中高楼层 大三房  满五唯一,https://fs.lianjia.com/ershoufang/108402992579.html,佛山勤天汇 荷城,3室1厅,86.49,北,67.0,7747
星晖盛晖园3房 高层户型靓  装修保养新净  有车位,https://fs.lianjia.com/ershoufang/108403018382.html,星晖盛汇园 张槎,3室2厅,88.38,南 北,144.0,16294
金海MCITY 4室2厅 东南 南,https://fs.lianjia.com/ershoufang/108403016546.html,金海MCITY 乐从,4室2厅,154.24,东南 南,299.0,19386
过五年唯一税费少  产权清晰  中高楼层 一线江景,https://fs.lianjia.com/ershoufang/108403011755.html,顺德碧桂园碧海名轩 顺德碧桂园,2室2厅,96.9,东北,127.0,13107
万科四季花城 精装三房 看花园 南北对流,https://fs.lianjia.com/ershoufang/108403015782.html,万科四季花城米兰苑 金沙洲,3室2厅,92.73,东南,195.0,21029
汾江西小区 实用两房 看房方便 业主诚意出售,https://fs.lianjia.com/ershoufang/108403029951.html,汾江西路散盘 祖庙,2室2厅,62.78,南,50.0,7965
此房满五唯一 南北通透格局 楼层好 视野宽阔 采光充足,https://fs.lianjia.com/ershoufang/108402989089.html,三水乐平百合嘉园 乐平,3室2厅,106.46,南 北,75.0,7045
三水博雅滨江 4室2厅 南 北,https://fs.lianjia.com/ershoufang/108402994037.html,三水博雅滨江 西南街道,4室2厅,107.12,南 北,80.0,7469
面积大，总价低，业主前期重新装修过，釆用好,https://fs.lianjia.com/ershoufang/108402980131.html,翠景园 勒流,4室2厅,145.89,东南,123.45,8462
碧桂园华府安静4房，装修好，楼层好，拎包入住,https://fs.lianjia.com/ershoufang/108402978367.html,龙江碧桂园华府 龙江,4室2厅,125.05,南,162.0,12955
博雅滨江 望江大盘 精装致笋四房 南北对流 带入户花园,https://fs.lianjia.com/ershoufang/108402994035.html,三水博雅滨江 西南街道,4室2厅,135.97,南 北,116.0,8532
业主诚意放卖看房提前约 高层南北对流 随时看,https://fs.lianjia.com/ershoufang/108403026547.html,领地海纳天河花园 盐步,3室2厅,128.84,南 北,239.0,18551
满五年唯一，通风采光好，装修保养好.,https://fs.lianjia.com/ershoufang/108403027568.html,万科四季花城伴山美筑 金沙洲,3室2厅,107.89,东南,230.0,21319
伦教保利笋盘 拎包入住保养好 户型方正位置安静,https://fs.lianjia.com/ershoufang/108403015410.html,顺德保利中央公园 伦教,4室2厅,132.94,南,219.8,16534
保利东湾东滨花园 4室2厅 北,https://fs.lianjia.com/ershoufang/108403026224.html,保利东湾东滨花园 乐从,4室2厅,143.97,北,485.0,33688
龙光君悦龙庭 3室2厅 北,https://fs.lianjia.com/ershoufang/108403012441.html,龙光君悦龙庭 罗村,3室2厅,83.0,北,120.0,14458
南向  户型方正  格局通透 无抵押 无贷款,https://fs.lianjia.com/ershoufang/108403016825.html,顺德雅居乐花园 大良南区,3室2厅,92.9,南,155.0,16685
好房，好赞，好房源，业主置换房，急售,https://fs.lianjia.com/ershoufang/108403007761.html,禾粤尚德居 狮山,2室2厅,78.78,东南,72.0,9140
依山傍水，独栋别墅，户型漂亮，业主诚心出售,https://fs.lianjia.com/ershoufang/108402825962.html,美的半岛庄园 云东海街道,5室2厅,341.34,南 北,360.0,10547
华福熹云水岸 3室1厅 东,https://fs.lianjia.com/ershoufang/108403032044.html,华福熹云水岸 大沥,3室1厅,93.73,东,225.0,24006
尚观御园大三房，南北对流，采光好,https://fs.lianjia.com/ershoufang/108403029471.html,尚观御园 罗村,3室1厅,95.39,南 北,182.0,19080
康城尚域精装三房，视野开阔，采光充足，配套设施齐全,https://fs.lianjia.com/ershoufang/108403028732.html,康城尚域 大良东区,3室1厅,107.0,南,145.0,13552
同华社区 方正新装修三房 一梯一户大面积,https://fs.lianjia.com/ershoufang/108403026310.html,同华社区 同济,3室2厅,113.53,南 北,125.0,11011
美的壹号公馆 4室2厅 东南,https://fs.lianjia.com/ershoufang/108403033718.html,美的壹号公馆 北滘,4室2厅,117.0,东南,269.0,22992
华夏住宅3房，户型方正。有钥匙,https://fs.lianjia.com/ershoufang/108403029375.html,华夏中央广场 南庄,3室2厅,102.0,南,100.0,9804
地铁口、中楼层、户型方正 小区绿化好 采光充足,https://fs.lianjia.com/ershoufang/108403027292.html,绿岛明珠 南庄,3室1厅,89.47,南 北,129.0,14419
奥园观湖上居：刚需实用3房，户型方正，税费低,https://fs.lianjia.com/ershoufang/108403018831.html,奥园观湖尚居 狮山,3室2厅,89.02,南,106.0,11908
楼层好，视野宽阔，采光充足，配套设施齐全,https://fs.lianjia.com/ershoufang/108403023610.html,欧浦花城 杨和,3室2厅,111.79,南,50.0,4473
威斯登堡 2室1厅 东北,https://fs.lianjia.com/ershoufang/108403025960.html,威斯登堡 龙江,2室1厅,90.63,东北,90.0,9931
满二税费低户型方正，宽敞舒服 中层望花园 楼层好,https://fs.lianjia.com/ershoufang/108403028011.html,海逸桃花源记 松岗,3室2厅,91.24,南,120.0,13153
孝德湖精装三房，中层正南向采光通风向阳,https://fs.lianjia.com/ershoufang/108403016290.html,海星居 罗村,3室2厅,95.0,南,125.0,13158
祈福南湾半岛 三房带装修 业主诚心出售,https://fs.lianjia.com/ershoufang/108403008614.html,祈福南湾半岛 丹灶,3室2厅,117.72,北 东北,118.0,10024
保利地产广佛大盘，看江户型，小三居刚需必备,https://fs.lianjia.com/ershoufang/108402650950.html,保利·御江南 西南街道,3室2厅,81.0,西南,56.0,6914
南湖花园 3房 户型方正 采光好 交通便利  环境舒适 。,https://fs.lianjia.com/ershoufang/108402166961.html,南湖花园 均安,3室2厅,105.32,北,69.0,6552
户型方正 小区环境好 出行方便,https://fs.lianjia.com/ershoufang/108401712113.html,汇信华府 北江新区,4室2厅,127.0,南,95.0,7481
三水雅居乐花园 电梯高楼层 满五年 一线江景 带车位,https://fs.lianjia.com/ershoufang/108402013526.html,三水雅居乐花园 西南街道,3室2厅,142.26,东南,125.0,8787
博雅滨江成熟小区 中楼层 户型方正实用 格局好,https://fs.lianjia.com/ershoufang/108401708330.html,三水博雅滨江 西南街道,4室2厅,120.0,东南,88.0,7334
博澳城9区高层出售3房2厅2卫售128万够2年,https://fs.lianjia.com/ershoufang/108401743130.html,博澳城 大良北区,3室2厅,95.29,北,115.0,12069
规划地铁口大盘，新动力广场旁，恒大物业，低税，急售,https://fs.lianjia.com/ershoufang/108402552870.html,恒大御湖郡 北江新区,3室2厅,106.0,南,103.0,9717
.房子位于小区中间位置很安静，中等楼层户型方正,https://fs.lianjia.com/ershoufang/108401280851.html,颐澳湾 北江新区,4室2厅,161.0,东南 南,125.0,7764
中恒3房，业主诚心出售。装修好.............,https://fs.lianjia.com/ershoufang/108402593503.html,中恒海晖城 小塘,3室2厅,90.53,南,108.0,11930
房子已过两年税费低，居住环境舒适，生活便利,https://fs.lianjia.com/ershoufang/108402770039.html,时代南湾 北江新区,4室2厅,118.0,南,125.0,10594
北江新区 博雅滨江 南北通透4房 业主诚心出售 随时看,https://fs.lianjia.com/ershoufang/108402042615.html,三水博雅滨江 西南街道,4室2厅,102.0,南 北,77.0,7550
业主诚心出售，大面积高层，电梯单位，采光好 。,https://fs.lianjia.com/ershoufang/108401742173.html,劲嘉金棕榈湾 大沥,4室2厅,266.28,南,210.0,7887
翠湖绿洲四期 标准精装3房 业主诚意出售,https://fs.lianjia.com/ershoufang/108402707927.html,翠湖绿洲花园 罗村,3室2厅,100.82,北,149.8,14859
新动力广场旁 时代城二期 3+1阳光房 适合大家庭居住,https://fs.lianjia.com/ershoufang/108401627298.html,时代城二期 北江新区,3室2厅,87.0,南,78.0,8966
证满两年税费低，有钥匙随时看，产权清晰，南向望花园,https://fs.lianjia.com/ershoufang/108402446824.html,碧桂园凤凰湾 容桂,4室2厅,125.17,南 北,148.0,11824
此房满两年南北通透双阳台采光充足环境优美,https://fs.lianjia.com/ershoufang/108402759937.html,鸿安御花园 北江新区,3室2厅,114.35,南 北,98.0,8571
万科美的西江悦花园 3室1厅 东南,https://fs.lianjia.com/ershoufang/108402794314.html,万科美的西江悦花园 荷城,3室1厅,89.2,东南,82.0,9193
御江南业主推荐 三房 毛坯 南向 可以随时看房,https://fs.lianjia.com/ershoufang/108402776430.html,保利·御江南 西南街道,3室2厅,96.53,南,65.0,6734
御江南五联排别墅有独立地下车位，带装出售业主诚心,https://fs.lianjia.com/ershoufang/108402326198.html,保利·御江南 西南街道,4室2厅,162.27,南 北,160.0,9861
三水新城位置 南向精装三房 满两年,https://fs.lianjia.com/ershoufang/108402861344.html,华远·海蓝城 云东海街道,3室2厅,92.86,南,100.0,10769
业主诚心出售，户型采光好，交通便利,https://fs.lianjia.com/ershoufang/108402489955.html,奥园上林一品 丹灶,3室2厅,107.75,南,120.0,11137
房子满二有红本看房方便，*靓楼层，随时过户。,https://fs.lianjia.com/ershoufang/108402580432.html,碧桂园奥斯汀 北江新区,3室2厅,88.15,北,85.0,9643
御江南 南向毛坯房 税费低 小区配套好 好楼层,https://fs.lianjia.com/ershoufang/108402892958.html,保利·御江南 西南街道,3室2厅,118.0,南 北,81.0,6865
大成花园 一期  通风透气光线充足，配套齐全,https://fs.lianjia.com/ershoufang/108402728199.html,大成花園 伦教,3室2厅,127.8,南 北,140.0,10955
南对流，新动力广场旁，楼层好，精装4房,https://fs.lianjia.com/ershoufang/108401968747.html,新城招商誉府 北江新区,4室2厅,117.0,南 北,115.0,9830
时代城五期 小高层中高层 满两年没欠款 朝南随时可看,https://fs.lianjia.com/ershoufang/108402852425.html,时代城五期 北江新区,3室2厅,95.41,南,88.0,9224
"此房满2 交易税费低 ,中楼层，南向，多15平方用！",https://fs.lianjia.com/ershoufang/108402894953.html,恒福新里程 云东海街道,3室2厅,88.85,南,99.0,11143
凰樵圣堡 精装修  方正四房 南北对流,https://fs.lianjia.com/ershoufang/108402704580.html,凰樵圣堡 西樵,4室2厅,139.7,东南,125.0,8948
"满五不唯一,南向望花园,精装修拎包入住",https://fs.lianjia.com/ershoufang/108401977624.html,海骏达海伦堡 容桂,3室1厅,117.23,南,128.5,10962
三广商圈，楼龄新，格局方正，配套好，急售,https://fs.lianjia.com/ershoufang/108402863302.html,雅豪居花园 西南街道,5室2厅,132.29,南,65.0,4914
时代倾城 南向三房  满五年唯一  近地铁口 孝德湖公园,https://fs.lianjia.com/ershoufang/108402635753.html,时代倾城(南海) 罗村,3室2厅,88.6,东南,138.0,15576
恒大热门音乐喷泉小区 南向大3房 满2年全新没住过,https://fs.lianjia.com/ershoufang/108402795375.html,恒大郦湖城 云东海街道,3室2厅,106.79,南,75.0,7024
碧桂园右里苑，房产证满两年，业主诚意出售,https://fs.lianjia.com/ershoufang/108402436954.html,碧桂园凤凰湾 容桂,3室2厅,91.52,北,110.0,12020
南向三房，急售，满二年，没抵押，随时可看房,https://fs.lianjia.com/ershoufang/108402505388.html,保利上城 龙江,3室1厅,88.61,南,105.0,11850
房源急售，居住舒适价格低，万达广场一体化,https://fs.lianjia.com/ershoufang/108402226989.html,万达华府C区 云东海街道,4室2厅,140.0,南,115.0,8215
三房的近地铁口离北滘近保养好满二不唯一,https://fs.lianjia.com/ershoufang/108402775510.html,涛汇领御花园 伦教,3室2厅,100.0,南 北,153.0,15300
万科城市之光  精装三房  正南向 交通方便,https://fs.lianjia.com/ershoufang/108402412000.html,万科城市之光 罗村,3室2厅,87.89,南,133.0,15133
高品质纯别墅区，交通方便，绿化面积大，配套规划齐全,https://fs.lianjia.com/ershoufang/108402349217.html,保利雲上 云东海街道,3室2厅,125.0,东 西,195.0,15600
此房满两年 全屋南向 全新没住 交通便利 配套齐全,https://fs.lianjia.com/ershoufang/108402771684.html,三水冠军城 西南街道,3室2厅,91.34,南,95.0,10401
伦教站地铁口300米电梯房，单价10000一方,https://fs.lianjia.com/ershoufang/108402732799.html,置富花园 伦教,3室2厅,107.0,南,105.0,9814
满二 视野开阔大户型，税少 方便,https://fs.lianjia.com/ershoufang/108402631956.html,碧桂园奥斯汀 北江新区,3室2厅,96.38,南,93.0,9650
北江新区 南向 三房 面对着花园，环境优美,https://fs.lianjia.com/ershoufang/108402065276.html,时代南湾 北江新区,3室2厅,95.0,东南 南,90.0,9474
南北通三房 采光好  紧靠人民医院 西南公园 园林市场,https://fs.lianjia.com/ershoufang/108402562885.html,新达街14号 西南街道,3室2厅,90.06,南,40.0,4442
满两年，精装修，收房没住过，业主急售,https://fs.lianjia.com/ershoufang/108402485595.html,汇信华府 北江新区,3室1厅,81.89,北,73.0,8915
中信豪庭精装四房 满5年唯一 南向花园 户型好,https://fs.lianjia.com/ershoufang/108402680971.html,中信豪庭 龙江,4室2厅,137.05,南,93.0,6786
誉东华府高层江景毛坯四房，业主诚意出售,https://fs.lianjia.com/ershoufang/108400366551.html,誉江华府 九江,4室2厅,131.91,南,130.0,9856
美的御海东郡  南北对流无遮挡4房 户型方正 双阳台,https://fs.lianjia.com/ershoufang/108402215182.html,美的御海东郡·东畔岛 容桂,4室2厅,143.99,南 北,156.0,10835
北江新区  博雅滨江 南北通透4房 满两年没个税 随时看,https://fs.lianjia.com/ershoufang/108402486185.html,三水博雅滨江 西南街道,4室2厅,131.0,南 北,106.0,8092
中海品质   环境优雅  居住舒适 视野无遮挡,https://fs.lianjia.com/ershoufang/108402748394.html,中海万锦公馆 伦教,3室2厅,100.0,西北,168.0,16800
西江新城  明湖二期  大平台好房低于市场价,https://fs.lianjia.com/ershoufang/108400397697.html,美的明湖花园二期 荷城,3室2厅,108.14,南,93.0,8600
依云华府 孝德湖 地铁口旁 满二年精装修 南向望花园,https://fs.lianjia.com/ershoufang/108402619727.html,依云华府 狮山,4室2厅,133.16,南,250.0,18775
急售！！御景花园2楼3房户型，大平台,https://fs.lianjia.com/ershoufang/108401949672.html,御景花园 荷城,3室2厅,134.8,南,65.0,4822
业主诚心出售 户型方正 价格低 全新未住,https://fs.lianjia.com/ershoufang/108402282773.html,顺德保利中央公园 伦教,3室1厅,97.0,东北,163.5,16856
伦教新城区 枫叶湾 南向 三房两卫 保养好 滨江旁,https://fs.lianjia.com/ershoufang/108402895847.html,枫叶湾 伦教,3室2厅,103.0,南,135.0,13107
伦教新城区 碧桂园珑湾苑 南北通透 江景房,https://fs.lianjia.com/ershoufang/108402775523.html,伦教碧桂园珑湾苑 伦教,4室2厅,124.82,南 北,193.0,15463
时代城二期112平大三房 满五年唯一少税 景观好望泳池,https://fs.lianjia.com/ershoufang/108402640720.html,时代城二期 北江新区,3室2厅,111.79,北,99.0,8856
碧桂园豪庭大四房，满5唯一，装修好诚意出售,https://fs.lianjia.com/ershoufang/108402137207.html,碧桂园豪庭 龙江,4室2厅,162.03,北,150.0,9258
纯南向中高层，视野好，大三房，阳光充足,https://fs.lianjia.com/ershoufang/108402475447.html,时代城六期 北江新区,3室2厅,101.0,南,95.0,9406
房子税满两年，南北对流，双阳台，靓,https://fs.lianjia.com/ershoufang/108402314380.html,保利·御江南 西南街道,4室2厅,122.8,南 北,82.0,6678
金碧新城东南靓户型步梯楼带租出售,https://fs.lianjia.com/ershoufang/108402724416.html,金碧新城 勒流,3室1厅,113.36,东南,99.5,8778
碧桂园珑湾苑 朝南 精装修 3房2卫,https://fs.lianjia.com/ershoufang/108402895509.html,伦教碧桂园珑湾苑 伦教,3室2厅,99.1,南,152.0,15339
明珠湾花园 毛坯房 一线江景无遮挡 南北对流 业主急售,https://fs.lianjia.com/ershoufang/108402492570.html,明珠湾花园 北江新区,4室2厅,208.4,南,172.0,8254
三盛颐景园 3房 精装修 楼层好,https://fs.lianjia.com/ershoufang/108402887995.html,三盛颐景园 西樵,3室2厅,88.71,南,93.5,10540
江景大盘 中高层南向 全新未住 满二低税 不用还贷,https://fs.lianjia.com/ershoufang/108402079583.html,时代南湾 北江新区,3室2厅,95.0,南,102.0,10737
此房唯一，户型方正，全明格局，中空复式。,https://fs.lianjia.com/ershoufang/108402269394.html,力迅城筑 罗村,4室2厅,155.59,南,230.0,14783
格局方正，中低楼层，视野开阔，采光通风佳。,https://fs.lianjia.com/ershoufang/108402256736.html,嘉禾新城美丽家园 罗村,3室2厅,112.74,东南,113.0,10024
盈信广场商圈 小区管理 靓楼层 毛坯 格局方正 南向,https://fs.lianjia.com/ershoufang/108401982688.html,富星半岛 荷城,4室2厅,187.88,南 北,138.0,7346
采光好，楼层靓，旁边配套完善，契税发票过两年,https://fs.lianjia.com/ershoufang/108402078652.html,樵顺嘉园 荷城,3室1厅,87.0,西,68.8,7909
南湾至笋！头排南向 望江中层，满二低税，吐血价出售,https://fs.lianjia.com/ershoufang/108402343277.html,时代南湾 北江新区,4室1厅,118.43,南,133.0,11231
万科金域中央 3室2厅 南,https://fs.lianjia.com/ershoufang/108402729903.html,万科金域中央 平洲,3室2厅,67.63,南,77.0,11386
三水北江新区 时代南湾 精装修3房 诚心出售 随时能看,https://fs.lianjia.com/ershoufang/108401789566.html,时代南湾 北江新区,3室2厅,94.15,北,83.5,8869
绿地丽雅香榭花城 三房毛坯 南北对流 易看房诚心出售,https://fs.lianjia.com/ershoufang/108402551647.html,绿地丽雅香榭花城 小塘,3室2厅,88.8,南,98.6,11104
罗村孝德湖  湖景苑  精装4房  满五近地铁,https://fs.lianjia.com/ershoufang/108401741302.html,湖景苑 罗村,4室2厅,123.0,南,135.0,10976
全新装修没住过  业主急售  地段好  价格105万,https://fs.lianjia.com/ershoufang/108402877509.html,悦珑湖 西樵,3室2厅,90.94,西,105.0,11547
平洲海伦堡海汇广场 100方 老少咸宜 抵玩,https://fs.lianjia.com/ershoufang/108401440472.html,海伦堡海汇广场 平洲,3室1厅,100.0,西,78.8,7880
碧桂园翡翠湾精装修 中高楼层 南向户型,https://fs.lianjia.com/ershoufang/108402414286.html,碧桂园·翡翠湾 西樵,3室2厅,103.0,南,78.0,7573
北江新区网红盘，2+1户型，实用率高，业主诚意出售,https://fs.lianjia.com/ershoufang/108402282342.html,时代城三期 北江新区,2室2厅,76.11,南,70.0,9198
此房满二，靓户型，好位置，南北对流，采光充足,https://fs.lianjia.com/ershoufang/108402149427.html,雅居乐雅湖半岛 云东海街道,4室2厅,138.39,南 北,158.0,11418
新城全新3房 精装没住过 采光通风好 入读新城校区,https://fs.lianjia.com/ershoufang/108401592215.html,江滨香格里 荷城,3室2厅,113.37,北,113.0,9968
伦教新城区，滨江公园旁，满五唯一少税，业主急售,https://fs.lianjia.com/ershoufang/108402775484.html,唯美尚筑 伦教,3室2厅,104.34,南,138.0,13226
双阳台 精装修 满两年 可拎包入住,https://fs.lianjia.com/ershoufang/108402980458.html,文沙东小区 桂城,2室1厅,76.56,东南 北,65.0,8491
新城博爱湖精装三房 高层 业主急售！,https://fs.lianjia.com/ershoufang/108402984367.html,新城·博爱湖首府 狮山,3室2厅,95.49,南,130.0,13614
江滨花园锦绣龙湾 3室1厅 东南,https://fs.lianjia.com/ershoufang/108403001842.html,江滨花园锦绣龙湾 西樵,3室1厅,119.35,东南,120.0,10055
精装三房 楼层好 交通便利 轻轨已开通康怡站,https://fs.lianjia.com/ershoufang/108403002366.html,乐怡花园 平洲,3室2厅,101.77,南,167.0,16410
怡富广场~视野广阔~五年唯一两房一厅,https://fs.lianjia.com/ershoufang/108402975538.html,怡富广场 黄岐,2室1厅,68.25,南 西,75.0,10990
五年唯一  精装 中层对流双阳台4房 保养到位 很少居住,https://fs.lianjia.com/ershoufang/108403002799.html,怡翠晋盛御园 乐从,4室2厅,122.85,东南 西北,307.0,24990
通风透气南北对流楼下莲塘地铁口精装实用四房,https://fs.lianjia.com/ershoufang/108402978158.html,童梦天下 张槎,4室1厅,112.43,南,186.0,16544
南向看花园不吵 装修保养好 格局方正 免增值税,https://fs.lianjia.com/ershoufang/108403000780.html,依岸康堤花园 平洲,3室2厅,85.55,南,220.0,25716
电梯高层 采光好 3房2厅 有入户花园 望文华公园,https://fs.lianjia.com/ershoufang/108402997077.html,力迅上筑 湖景,3室2厅,114.27,西南,239.0,20916
金沙新城 五年唯一 不是顶楼 装修保养好,https://fs.lianjia.com/ershoufang/108402988297.html,金沙新城 张槎,3室2厅,100.75,东北,116.0,11514
赤岗路19号 3室2厅 南 北,https://fs.lianjia.com/ershoufang/108403031459.html,赤岗路19号 西南街道,3室2厅,114.0,南 北,55.0,4825
满两年 税费低 采光好 户型方正,https://fs.lianjia.com/ershoufang/108403032959.html,容桂碧桂园花季苑二期 容桂,4室2厅,106.39,南,127.9,12022
顺德保利中央公园 3室1厅 东北,https://fs.lianjia.com/ershoufang/108403034445.html,顺德保利中央公园 伦教,3室1厅,96.0,东北,164.0,17084
急售无抵押，户型正，一家大小，采光足，上学买菜方便,https://fs.lianjia.com/ershoufang/108402997928.html,美的翰城 北滘,3室2厅,111.0,南,238.0,21442
南向 高层  通风采光好  视野开阔,https://fs.lianjia.com/ershoufang/108400167403.html,时代香海彼岸 湖景,3室1厅,85.56,南,203.0,23727
地铁二号线石湾站，可望南风古灶不靠路,https://fs.lianjia.com/ershoufang/108403004941.html,高庙路 石湾,3室1厅,100.56,东南 南,90.0,8950
"朝南,带300多方的大平台,满二税少",https://fs.lianjia.com/ershoufang/108402993508.html,北江明珠 北江新区,3室2厅,79.35,南,90.0,11343
靓楼层看花园，满2年，楼层好，自带装修,https://fs.lianjia.com/ershoufang/108402686228.html,翠湖绿洲花园 罗村,4室2厅,222.67,东南,290.0,13024
雅居乐英伦首府 5室3厅 南,https://fs.lianjia.com/ershoufang/108402649383.html,雅居乐英伦首府 北滘,5室3厅,295.62,南,1100.0,37210
雅居乐英伦首府 5室3厅 南,https://fs.lianjia.com/ershoufang/108402649383.html,雅居乐英伦首府 北滘,5室3厅,295.62,南,1100.0,37210
保利中景 带200方大平台 诚意出售南北对流双阳台 低税,https://fs.lianjia.com/ershoufang/108402448745.html,三水保利中央公园 云东海街道,3室2厅,89.99,南,85.0,9446
君兰大别墅诚心出售，位置好，带大花园,https://fs.lianjia.com/ershoufang/108402351481.html,君兰高尔夫别墅 北滘,6室3厅,651.61,西南,3150.0,48342
"房屋产权清晰,楼层座向好,环境安静舒适,小区保安整洁",https://fs.lianjia.com/ershoufang/108402013312.html,雍景豪园灏景台 盐步,6室2厅,145.83,北,330.0,22630
滘口旁，电梯高层采光好，带主套大三房,https://fs.lianjia.com/ershoufang/108402690355.html,瑞安花园 黄岐,3室1厅,126.0,西南,309.0,24524
长信银湾笋盘，精装修3房，低总价,https://fs.lianjia.com/ershoufang/108402993544.html,长信银湾 罗村,3室2厅,86.85,北,130.0,14969
两层单家独户，户型方正总价低！,https://fs.lianjia.com/ershoufang/108402973874.html,忠心横三巷 龙江,3室2厅,69.08,东南,37.0,5357
南向通透格局好，位置好，采光好视野开阔 中间楼层,https://fs.lianjia.com/ershoufang/108403004007.html,中恒海晖城 小塘,3室2厅,90.33,南,115.0,12732
罗村华盛楼 户型实用 南北对流 方便看房,https://fs.lianjia.com/ershoufang/108403006389.html,华盛楼 罗村,3室2厅,109.01,南 北,66.0,6055
越秀星汇云锦 装修新净  业主诚心卖房 楼下地铁站,https://fs.lianjia.com/ershoufang/108400250737.html,越秀星汇云锦 桂城,3室2厅,116.0,南,250.0,21552
银星雅苑 中层 向花园 精致 3房2卫一手业主,https://fs.lianjia.com/ershoufang/108403010024.html,银星雅苑 大良北区,3室2厅,129.4,东,142.0,10974
富丰新城 南北对流 精装三房 满五唯一,https://fs.lianjia.com/ershoufang/108403012872.html,富丰新城 平洲,3室2厅,88.42,南,210.0,23751
御景湾方正三房 无贷款 随时看房,https://fs.lianjia.com/ershoufang/108403009094.html,恒大御景湾 金沙洲,3室2厅,89.0,东,270.0,30338
金威郦都精装房可拎包入住业主诚心出售，此房满五唯一,https://fs.lianjia.com/ershoufang/108403033041.html,金威郦都 乐从,2室2厅,79.78,东 西南,100.0,12535
东海银湾少有25方大平台，北向望花园，安静舒适,https://fs.lianjia.com/ershoufang/108403023649.html,长信东海银湾 祖庙,3室2厅,80.88,北,210.0,25965
朝西南向，户型方正，交通便利。,https://fs.lianjia.com/ershoufang/108403014499.html,汇成华庭 大良南区,3室2厅,101.22,西南,153.0,15116
万达华府C区 3室2厅 南,https://fs.lianjia.com/ershoufang/108402992029.html,万达华府C区 云东海街道,3室2厅,87.69,南,76.0,8667
东向安静，带大平台，精装修、楼下风情街、配套齐全,https://fs.lianjia.com/ershoufang/108402986799.html,万科金域中央 平洲,3室2厅,68.0,东,88.0,12942
保利·御江南 3室2厅 西南,https://fs.lianjia.com/ershoufang/108402966047.html,保利·御江南 西南街道,3室2厅,86.01,西南,60.0,6976
业主急售，诚心卖，价格便宜，户型方正,https://fs.lianjia.com/ershoufang/108402983803.html,保利·御江南 西南街道,4室2厅,124.73,南 北,84.8,6799
水悦云天，精装修，3房两卫，户型方正，拎包入住，,https://fs.lianjia.com/ershoufang/108402981715.html,龙光水悦云天 容桂,3室2厅,115.08,南,165.0,14338
御江南小区中间位置景观靓看房方便业主诚心放卖,https://fs.lianjia.com/ershoufang/108403000751.html,保利·御江南 西南街道,4室2厅,118.0,南 北,89.0,7543
碧桂园凤凰湾 4室1厅 南,https://fs.lianjia.com/ershoufang/108402996533.html,碧桂园凤凰湾 容桂,4室1厅,108.43,南,123.0,11344
满两年，南向户型，没有贷款，，，，，,https://fs.lianjia.com/ershoufang/108402979250.html,时代南湾 北江新区,4室2厅,118.0,东南,115.0,9746
视野宽阔、空气流通性好，高楼层南北对流 采光好,https://fs.lianjia.com/ershoufang/108402985953.html,阳光棕榈园 伦教,3室1厅,92.17,南 北,99.9,10839
桂南银都  格局方正 满五唯一,https://fs.lianjia.com/ershoufang/108402989194.html,桂南银都 狮山,3室1厅,91.0,东,122.0,13407
三水冠军城 4室2厅 东南,https://fs.lianjia.com/ershoufang/108402996227.html,三水冠军城 西南街道,4室2厅,122.0,东南,142.0,11640
总价低 碧桂园凤凰湾 精装3房,https://fs.lianjia.com/ershoufang/108403006537.html,碧桂园凤凰湾 容桂,3室2厅,88.76,北,90.0,10140
罗村中区大四房 中间楼层 满两年不唯一 毛坯未住过,https://fs.lianjia.com/ershoufang/108403003658.html,外滩中区 罗村,4室2厅,132.55,南,73.0,5508
佳兆业金域天下 3室1厅 南,https://fs.lianjia.com/ershoufang/108402996302.html,佳兆业金域天下 容桂,3室1厅,112.0,南,125.0,11161
城光荟景144方大户型近容里楼下*市方便,https://fs.lianjia.com/ershoufang/108402365508.html,城光荟景 容桂,4室2厅,144.7,南,212.0,14652
业主急售 精装三房保养新 拎包入住,https://fs.lianjia.com/ershoufang/108402671488.html,顺德碧桂园花园区 顺德碧桂园,3室1厅,95.49,北,115.0,12044
金茂绿岛湖  大四房  格局方正 业主诚意出售,https://fs.lianjia.com/ershoufang/108401136792.html,金茂绿岛湖 绿岛湖,4室2厅,145.19,南,226.0,15566
大3房价格买4房不香？近校园地铁轻轨东平河湿地公园,https://fs.lianjia.com/ershoufang/108402702650.html,怡翠晋盛花园 乐从,4室2厅,127.22,东北,268.0,21066
配套成熟，南北对流 ，格局通透 ，阳台望佛山电视塔,https://fs.lianjia.com/ershoufang/108401930383.html,绿地璀璨家园2期 湖景,4室2厅,169.61,东南,450.0,26532
博爱湖精装四房 中高楼层 户型方正 视野开阔,https://fs.lianjia.com/ershoufang/108402029533.html,新城·博爱湖首府 狮山,4室2厅,129.0,南,185.0,14342
博澳城4房     毛坯    满2年   税费低,https://fs.lianjia.com/ershoufang/108402433702.html,博澳城 大良北区,4室2厅,132.54,北,133.8,10096
南北通透格局好。原装电梯房。近市场近公园近学.校。,https://fs.lianjia.com/ershoufang/108402335283.html,唐园小区 同济,3室2厅,139.71,南 北,140.0,10021
此房是三房，南北户型的，通风，中间楼层,https://fs.lianjia.com/ershoufang/108402763477.html,兰苑小区 罗村,3室1厅,116.91,南 北,60.0,5133
卫国路 楼梯楼 步梯楼 没有电梯 中楼层,https://fs.lianjia.com/ershoufang/108401730653.html,卫国路 祖庙,3室2厅,103.78,南 北,88.0,8480
此房户型方正 交通便利 配套成熟,https://fs.lianjia.com/ershoufang/108402456876.html,碧翠苑 盐步,3室2厅,106.2,南,172.0,16196
万达广场商圈 采光好中间楼层  无按揭 无户口 满二年,https://fs.lianjia.com/ershoufang/108402855751.html,嘉信城市花园二期 大良新区,3室2厅,101.5,北,155.0,15271
恒大热门小区 精装三房两卫 湖景小区,https://fs.lianjia.com/ershoufang/108402465637.html,恒大郦湖城 云东海街道,3室2厅,96.0,北,73.0,7605
佛山新城北岸品牌开发商精装3房2卫诚心出售看房方便,https://fs.lianjia.com/ershoufang/108402868433.html,碧桂园城市花园中区 东平,3室2厅,118.01,东,190.0,16101
佛山美的城4房2厅2卫1厨双阳台精装,https://fs.lianjia.com/ershoufang/108402578799.html,佛山美的城 杨和,4室2厅,140.1,南 北,98.0,6996
滨江边江景无遮挡 前江后湖 满二 精装交楼全新未住,https://fs.lianjia.com/ershoufang/108402797342.html,信业阳光城檀悦 绿岛湖,4室2厅,133.23,东 东北,284.0,21317
高楼层毛坯，景观好，户型方正，南北通透。,https://fs.lianjia.com/ershoufang/108402499209.html,普君新城华府 祖庙,3室2厅,89.57,南 北,220.0,24562
顺德雅居乐花园新装实用三房 随时可看,https://fs.lianjia.com/ershoufang/108402398768.html,顺德雅居乐花园 大良南区,3室1厅,91.6,东南,142.0,15503
世嘉花园3房 近商场  自带幼儿园  两梯三户 望花园,https://fs.lianjia.com/ershoufang/108401684296.html,怡翠世嘉花园 桂城,3室2厅,114.0,南 北,238.8,20948
产权清晰；正规格局，厅出阳台 精装保养好拎包..住,https://fs.lianjia.com/ershoufang/108403008797.html,玫瑰园 季华,4室2厅,157.69,南 北,170.0,10781
小区中间位置，安静舒适。配套成熟，适合刚需人群,https://fs.lianjia.com/ershoufang/108402229585.html,嘉信城市花园二期 大良新区,3室2厅,100.52,东,157.9,15709
价比很高的房子 三房主卫厕所不用争 南向景观房,https://fs.lianjia.com/ershoufang/108402832719.html,碧桂园翡翠山 云东海街道,3室2厅,96.5,南,67.8,7026
加装电梯 实用三房 通济桥景点 近同济地铁站 可贷款,https://fs.lianjia.com/ershoufang/108402661308.html,金鱼街 岭南大道,3室2厅,106.77,南 北,126.0,11802
海悦新城 3房2卫 向东向花园不吵  五年唯一 中层,https://fs.lianjia.com/ershoufang/108402484001.html,海悦新城 大良东区,3室2厅,121.68,东,210.0,17259
顺德碧桂园三房的只要两房的钱，南向，过五唯一,https://fs.lianjia.com/ershoufang/108402112436.html,顺德碧桂园教师宿舍 顺德碧桂园,3室2厅,75.0,南,82.0,10934
房子户型方正，看房方便，通风采光好。,https://fs.lianjia.com/ershoufang/108402449083.html,时代城三期 北江新区,3室2厅,78.0,南 北,78.0,10000
北滘美的海岸花园中高楼层3房，南向看花园可随时看房,https://fs.lianjia.com/ershoufang/108402727877.html,美的海岸花园 北滘,3室1厅,107.57,南,110.0,10226
普君北路地铁 有钥匙急售 东南向毛坯 满五唯一,https://fs.lianjia.com/ershoufang/108402149791.html,岭南天地尚苑 南桂西,3室2厅,152.69,南,288.0,18862
南北对流楼层好，雅致装修凸显品味格调,https://fs.lianjia.com/ershoufang/108403027887.html,绿城桂语兰庭 湖景,4室2厅,145.0,南,469.0,32345
文华尚领 毛坯大三房 叠滘地铁站旁 安静望花园,https://fs.lianjia.com/ershoufang/108402662872.html,文华尚领 祖庙,3室1厅,104.0,南,188.0,18077
加装电梯 实用三房 通济桥景点 近同济地铁站 可贷款,https://fs.lianjia.com/ershoufang/108402661308.html,金鱼街 岭南大道,3室2厅,106.77,南 北,126.0,11802
世嘉花园3房 近商场  自带幼儿园  两梯三户 望花园,https://fs.lianjia.com/ershoufang/108401684296.html,怡翠世嘉花园 桂城,3室2厅,114.0,南 北,238.8,20948
价比很高的房子 三房主卫厕所不用争 南向景观房,https://fs.lianjia.com/ershoufang/108402832719.html,碧桂园翡翠山 云东海街道,3室2厅,96.5,南,67.8,7026
高楼层毛坯，景观好，户型方正，南北通透。,https://fs.lianjia.com/ershoufang/108402499209.html,普君新城华府 祖庙,3室2厅,89.57,南 北,220.0,24562
顺德雅居乐花园新装实用三房 随时可看,https://fs.lianjia.com/ershoufang/108402398768.html,顺德雅居乐花园 大良南区,3室1厅,91.6,东南,142.0,15503
产权清晰；正规格局，厅出阳台 精装保养好拎包..住,https://fs.lianjia.com/ershoufang/108403008797.html,玫瑰园 季华,4室2厅,157.69,南 北,170.0,10781
小区中间位置，安静舒适。配套成熟，适合刚需人群,https://fs.lianjia.com/ershoufang/108402229585.html,嘉信城市花园二期 大良新区,3室2厅,100.52,东,157.9,15709
房子证满2年，税费少，澜石地铁站,https://fs.lianjia.com/ershoufang/108403026484.html,泷景二期 澜石,3室2厅,87.89,北,185.0,21050
同济市场 大方数四房 南北对流格局,https://fs.lianjia.com/ershoufang/108402288704.html,同济市场 岭南大道,4室2厅,157.6,南 北,100.0,6346
滘口五号线.瑞安花园交通方便近地铁.户型方正实用,https://fs.lianjia.com/ershoufang/108401980111.html,瑞安花园 黄岐,2室1厅,60.62,东,145.0,23920
证满两年，全新未住过，视野开阔高层望花园,https://fs.lianjia.com/ershoufang/108402744892.html,泷景五期 澜石,3室1厅,89.85,北,191.0,21258
电梯3房 格局好 拎包入住 随时看房 朝南向 急售,https://fs.lianjia.com/ershoufang/108403018044.html,阳光棕榈园 伦教,3室2厅,115.8,南,126.0,10881
汇信华府 精装 三房  看房方便 业主诚意出售,https://fs.lianjia.com/ershoufang/108402729470.html,汇信华府 北江新区,3室2厅,91.0,南 北,78.0,8572
海悦新城 3房2卫 向东向花园不吵  五年唯一 中层,https://fs.lianjia.com/ershoufang/108402484001.html,海悦新城 大良东区,3室2厅,121.68,东,210.0,17259
顺德碧桂园三房的只要两房的钱，南向，过五唯一,https://fs.lianjia.com/ershoufang/108402112436.html,顺德碧桂园教师宿舍 顺德碧桂园,3室2厅,75.0,南,82.0,10934
房屋新装修，未住过，拎包入住，看房方便。,https://fs.lianjia.com/ershoufang/108402253270.html,保利碧桂园悦公馆 大良新区,3室2厅,88.87,东,168.8,18995
离地铁口100米 电梯房 够笋 价钱还能谈 南北透通,https://fs.lianjia.com/ershoufang/108402572052.html,银海花园 黄岐,3室2厅,108.4,南,179.3,16541
207方 平湖视觉 景观好 满二年 随时看房,https://fs.lianjia.com/ershoufang/108402573248.html,绿岛湖壹号 绿岛湖,4室2厅,207.14,南,468.0,22594
70年产权住宅，产权证面积89方，实用*120%，精装修,https://fs.lianjia.com/ershoufang/108402237570.html,汇银环湖国际 湖景,4室2厅,90.0,北,240.0,26667
中间楼层，户型方正，采光通风好，配套完善,https://fs.lianjia.com/ershoufang/108401285092.html,保利翡翠公馆 绿岛湖,3室2厅,95.0,南,180.0,18948
山水居 中.心位置 安静不靠路 拎包入住 望泳池花园,https://fs.lianjia.com/ershoufang/108401459588.html,玫瑰园山水居 季华,3室2厅,141.04,北,250.0,17726
光明花半里 精装保养新净 南向户型方正 业主急售,https://fs.lianjia.com/ershoufang/108402389037.html,光明花半里 罗村,3室2厅,90.36,南 北,132.0,14609
电梯大三房 环境优美  户型方正,https://fs.lianjia.com/ershoufang/108402554534.html,碧桂园山水桃园 里水,3室2厅,92.0,北,118.0,12827
保利国际社区南向中层，满二低税，价格可谈,https://fs.lianjia.com/ershoufang/108402368210.html,保利·御江南 西南街道,3室2厅,96.3,南,65.0,6750
南北对流望花园中建楼层 三面南向满二,https://fs.lianjia.com/ershoufang/108402204619.html,普君新城华府 祖庙,3室2厅,90.28,南,225.0,24923
全新毛坯高层三房住宅 地铁600米,https://fs.lianjia.com/ershoufang/108402634352.html,盈天广场 东平,3室2厅,92.0,东南 南,162.0,17609
雍景改善型 南向四房望花园 实用率高 产权清晰,https://fs.lianjia.com/ershoufang/108402406704.html,雍景豪园灏景台 盐步,4室2厅,142.8,南,320.0,22409
园丁新村低层两房南向双阳台 总价低 适合长者居住,https://fs.lianjia.com/ershoufang/108402136554.html,园丁新村 岭南大道,2室1厅,63.66,南 北,59.0,9268
南北通透 采光好 户型方正 位置安静 入户花园,https://fs.lianjia.com/ershoufang/108402209931.html,力迅上筑 湖景,5室2厅,142.18,南 北,380.0,26727
中海凤凰熙岸 景观好 全景望江 无遮挡,https://fs.lianjia.com/ershoufang/108401881391.html,中海凤凰熙岸 张槎,4室2厅,144.41,南,230.0,15927
