金地香山湖全新毛坯高层南北通四房,https://gz.lianjia.com/ershoufang/108403026133.html,金地香山湖 永和,4室2厅,124.07,南 北,190.0,15314
怡新花园南向4房望花园，证过5年唯一税费低。,https://gz.lianjia.com/ershoufang/108403033966.html,怡新花园 梅花园,4室2厅,143.15,东南,798.0,55746
满五唯一，户型方正，南向景观好,https://gz.lianjia.com/ershoufang/108403021779.html,时代倾城(增城区) 荔城增江,3室2厅,108.19,南,138.0,12756
满五省税费，高楼层视野好三房~,https://gz.lianjia.com/ershoufang/108403029170.html,碧桂园凤凰城凤馨苑 凤凰城,3室2厅,93.49,北,173.0,18505
凤凰城凤锦苑  装修保养好  南向通风好  带主套实用,https://gz.lianjia.com/ershoufang/108403035629.html,碧桂园凤凰城凤锦苑 凤凰城,3室2厅,122.53,南,228.0,18608
白江地铁口少有南北对流二房诚心放卖,https://gz.lianjia.com/ershoufang/108403032358.html,新都盛世名门 白江,2室1厅,63.06,南,166.0,26325
满五唯一格局方正东南向，原装电梯高层采光通风景观好,https://gz.lianjia.com/ershoufang/108403013604.html,凯城华庭 黄花岗,3室1厅,120.72,东南,845.0,69997
保利城花园 4室2厅 南 北,https://gz.lianjia.com/ershoufang/108403021154.html,保利城花园 秀全街,4室2厅,149.69,南 北,200.0,13361
此房满五唯一，近地铁四房，自住保养好，配套齐全,https://gz.lianjia.com/ershoufang/108403005797.html,东方名都 白江,4室2厅,141.03,东北,325.0,23045
大户人家全新未住看别墅群视野开阔,https://gz.lianjia.com/ershoufang/108403025907.html,金山谷二期 金山谷,4室2厅,254.58,南 北,950.0,37317
石米外墙，朝向好，户型方正，采光充足,https://gz.lianjia.com/ershoufang/108403011692.html,增槎路 罗冲围,2室1厅,80.16,西南,168.0,20959
东方名都 4室2厅 东 南,https://gz.lianjia.com/ershoufang/108403020864.html,东方名都 白江,4室2厅,166.39,东 南,305.0,18331
一线江景花园小区 品质管理 环境舒适,https://gz.lianjia.com/ershoufang/108403033880.html,金海湾花园 滨江东,6室1厅,429.0,南 北,4180.0,97436
黄埔花园 交通便利 配套成熟 业主诚心卖,https://gz.lianjia.com/ershoufang/108403030318.html,黄埔花园 黄埔区府,3室2厅,104.28,南,404.0,38662
顶楼复式带空中花园。采光充足，小区安静舒适,https://gz.lianjia.com/ershoufang/108403035403.html,加拿大花园 华景新城,5室2厅,236.0,南,1080.0,45763
省级朝天，精装修低层七房，户型方正,https://gz.lianjia.com/ershoufang/108402843699.html,中山六路 西门口,7室2厅,120.01,北 南,456.0,37997
农讲所板块 全新精装三房 采光好 看房方便,https://gz.lianjia.com/ershoufang/108402345878.html,仓边路 农讲所,3室1厅,80.36,东南,352.0,43803
东方名都 精装四房三卫采光通风好 小区里侧望花园,https://gz.lianjia.com/ershoufang/108403023356.html,东方名都 白江,4室2厅,167.72,南 东,320.0,19080
户型方正，采光通风好，三房两卫，全新精装修,https://gz.lianjia.com/ershoufang/108403030960.html,东华西路 东川路,3室2厅,86.12,东 西,389.0,45170
万科新里程北向三房，近地铁，配套成熟,https://gz.lianjia.com/ershoufang/108403035799.html,万科新里程 科学城,3室1厅,88.81,西北,299.0,33601
嘉仕花园中层南向两房，通风采光好，格局方正，安静,https://gz.lianjia.com/ershoufang/108403030858.html,嘉仕花园东区 滨江东,2室2厅,79.25,南,640.0,80758
彩晴轩 03年楼龄 小区环境好 满五物业。,https://gz.lianjia.com/ershoufang/108403032764.html,彩晴轩 市桥北,3室1厅,98.41,北,270.0,27437
广园云苑新村 3室2厅 南,https://gz.lianjia.com/ershoufang/108403034109.html,广园云苑新村 景泰,3室2厅,69.7,南,228.0,32712
富力*禧花园二期，南向三房，看花园，采光通风好,https://gz.lianjia.com/ershoufang/108403031526.html,富力千禧花园 中大,3室2厅,88.9,南,616.0,69292
嘉汇城一期 3室2厅 南,https://gz.lianjia.com/ershoufang/108403031152.html,嘉汇城一期 镜湖大道,3室2厅,133.27,南,205.0,15383
同福西路 3房1厅   三面彩光  方方正正,https://gz.lianjia.com/ershoufang/108403030519.html,同福西路 同福,3室1厅,64.3,北 东南,170.0,26439
岭南新世界 三房两卫 带入户花园 满五 楼龄新,https://gz.lianjia.com/ershoufang/108403033456.html,岭南新世界 嘉禾望岗,3室2厅,101.02,东北,505.0,49991
荷塘月色 电梯高层 南向三房 采光充足 通风好,https://gz.lianjia.com/ershoufang/108403032178.html,白云高尔夫花园荷塘月色 黄石,3室1厅,90.29,东南 南,430.0,47625
飞鹅新村 精装修 准加装电梯 双阳台 三房两厅,https://gz.lianjia.com/ershoufang/108403035795.html,飞鹅新村 桂花岗,3室1厅,48.77,南,148.0,30347
星河丹堤南北对流毛坯三房中楼层,https://gz.lianjia.com/ershoufang/108402986408.html,广州星河丹堤 金洲,4室2厅,159.99,南,368.0,23002
翡翠绿洲湖滨苑 4室2厅 南,https://gz.lianjia.com/ershoufang/108402993109.html,翡翠绿洲湖滨苑 凤凰城,4室2厅,164.0,南,355.0,21647
天河公园北门 南向四房 户型方正 视野好,https://gz.lianjia.com/ershoufang/108402989237.html,喜洋居 华景新城,4室2厅,129.41,南,745.0,57569
满五不唯一 房出阳台 有加装电梯位 业主诚心放卖,https://gz.lianjia.com/ershoufang/108402988786.html,晓港东一马路 新港西,3室1厅,69.19,南 北,213.0,30785
宏城汇南向两房，自住保养好，诚心置换。,https://gz.lianjia.com/ershoufang/108403006388.html,新都盛世名门宏城汇 白江,2室1厅,76.72,南,168.0,21898
南比通透格局，视野宽阔，采光充足，交通便利,https://gz.lianjia.com/ershoufang/108403009612.html,石滩第一城 石滩镇,4室1厅,140.12,南,130.0,9278
此房采光充足，精装修，户型方正望花园，交通方便,https://gz.lianjia.com/ershoufang/108403024513.html,锦绣新天地 新塘南,3室1厅,91.93,东北,185.0,20125
：明珠湾CBD高档小区，品质精装，南向观江。,https://gz.lianjia.com/ershoufang/108403032761.html,南沙金茂湾 明珠湾,3室1厅,82.52,东南,175.0,21207
黄埔万科中心 2室1厅 南,https://gz.lianjia.com/ershoufang/108403019826.html,黄埔万科中心 文冲,2室1厅,50.85,南,120.0,23599
业主诚心放卖 可谈  单边位 精装全新未住,https://gz.lianjia.com/ershoufang/108403034365.html,南沙金茂湾 明珠湾,3室1厅,83.96,东南,175.0,20844
富雅都市华庭 南向两房 望花园 税费低,https://gz.lianjia.com/ershoufang/108403020270.html,富雅都市华庭 新塘北,2室1厅,74.79,南,133.0,17784
"满五唯一,楼层好,全新少住精致3房",https://gz.lianjia.com/ershoufang/108403020376.html,碧桂园凤凰城凤馨苑 凤凰城,3室2厅,93.82,北,162.0,17268
三房两卫 保养好 位置安静  高层视野开阔,https://gz.lianjia.com/ershoufang/108403019989.html,碧桂园凤凰城凤馨苑 凤凰城,3室1厅,93.0,北,186.0,20000
业主急卖 靓楼层  绿湖三房 次新房 户型方正 实用,https://gz.lianjia.com/ershoufang/108403018565.html,广州敏捷绿湖首府三期 石滩镇,3室1厅,85.03,东北,92.0,10820
锦绣天伦花园 业主自住 诚心放卖 刚需值得拥有,https://gz.lianjia.com/ershoufang/108403028183.html,敏捷锦绣天伦 新塘北,2室1厅,75.42,北,162.0,21480
锦绣天伦花园 南北对流两房 诚心放卖 值得拥有,https://gz.lianjia.com/ershoufang/108403027985.html,敏捷锦绣天伦 新塘北,2室1厅,75.42,北,160.0,21215
包增值税，实用3房两厅两卫，望挂绿湖，正中间楼层！,https://gz.lianjia.com/ershoufang/108403032947.html,碧桂园豪园林湖苑 增城碧桂园,3室2厅,116.93,北,167.5,14325
地铁口800米，快线到市区较方便，毛坯房可个性化定制,https://gz.lianjia.com/ershoufang/108403033590.html,西福蓝湾 朱村,3室1厅,107.96,南,175.0,16210
大东路 框架结构 大4房 可住一租一,https://gz.lianjia.com/ershoufang/108403017379.html,大东路 市桥,4室2厅,134.9,东,150.0,11120
东景双平层复式带三楼阳光花园，安静向园，高质精装修,https://gz.lianjia.com/ershoufang/108403023803.html,东怡新区东景园 东怡新区,7室4厅,180.42,西南,630.0,34919
市二宫三房三面单边 交通便利 采光充足 东南向 精装修,https://gz.lianjia.com/ershoufang/108403024699.html,南村路 江南大道中,3室1厅,78.0,东 东南 南,255.0,32693
年底买套房！尚东美御 南向4房 望珠江公园您值得拥有,https://gz.lianjia.com/ershoufang/108403026617.html,尚东美御 珠江新城东,4室2厅,159.97,南 北,1856.0,116022
畔江花园 顶层复式带游泳池 采光充足 看房方便,https://gz.lianjia.com/ershoufang/108403017681.html,畔江花园 磨碟沙,7室4厅,774.06,南 北,4600.0,59427
达道雅轩 原装电梯四房 花园小区 少有资源,https://gz.lianjia.com/ershoufang/108403011924.html,共和西小区 杨箕,4室2厅,173.1,南 北,1650.0,95321
满五唯一，有钥匙看房方便，诚心放卖，未入住,https://gz.lianjia.com/ershoufang/108402994867.html,惠百氏广场 白江,2室1厅,75.06,西,165.0,21983
此房子，业主有心放卖，产权清晰，繁华地段,https://gz.lianjia.com/ershoufang/108403002708.html,富逸华庭 新城片区,4室2厅,172.5,东南 南,170.0,9856
绿湖/环境优美/格局好/楼层好/视野开阔,https://gz.lianjia.com/ershoufang/108402984482.html,广州敏捷绿湖首府一期 石滩镇,3室2厅,111.71,东南,115.0,10295
通风好，采光充足，改三房 南北对流,https://gz.lianjia.com/ershoufang/108402983639.html,紫泉翠荔嘉园 太平镇,3室1厅,78.08,东南,88.0,11271
敏捷上城国际  高楼层  采光好  业主诚心放卖,https://gz.lianjia.com/ershoufang/108402974738.html,敏捷上城商务中心 万博,2室1厅,55.48,东,127.0,22892
东北向望花园四房，无按揭流程快哈。,https://gz.lianjia.com/ershoufang/108402989330.html,锦绣新天地 新塘南,4室2厅,139.16,东北,227.5,16349
绿湖国际城仅有南向两房中高楼层视野开阔采光好,https://gz.lianjia.com/ershoufang/108403002588.html,广州敏捷绿湖首府三期 石滩镇,2室2厅,77.89,南,88.0,11298
业主诚心卖，证过五不唯一。。。。。。。。,https://gz.lianjia.com/ershoufang/108403000220.html,珠光流溪御景 赤草,3室2厅,105.0,南 东南,90.0,8572
凤岗 科教城  南北户型 碧桂园物业 可议,https://gz.lianjia.com/ershoufang/108402983402.html,碧桂园城市花园漫绿苑 朱村,3室1厅,112.91,南 北,172.0,15234
13号线华为附件诚心出卖满五精装两房全明税费少,https://gz.lianjia.com/ershoufang/108403005335.html,松溪花园 罗冲围,2室1厅,49.05,北,105.0,21407
花样年华一期单证方正三房 位置安静,https://gz.lianjia.com/ershoufang/108403006944.html,番禺海伦堡花样年华一期 桥南,3室2厅,91.6,西北,309.0,33734
白天鹅花园 精装修 业主诚心 楼龄新,https://gz.lianjia.com/ershoufang/108403033621.html,白天鹅花园 沙太北,1室0厅,40.66,西,140.0,34432
总jia低 面积大 满5年 基建齐全 交通方便 格局好大,https://gz.lianjia.com/ershoufang/108403031759.html,北桥路 市桥,2室1厅,85.52,南,95.0,11109
封闭式花园小区 低楼层实用两房 户型靓 双阳台设计,https://gz.lianjia.com/ershoufang/108403019416.html,新市花园一区 新市,2室1厅,68.0,东,160.0,23530
招村 小面积 交通便利 产权满五非唯一，无贷款抵押,https://gz.lianjia.com/ershoufang/108403034714.html,花地大道中招村新街 花地湾,1室1厅,28.33,南 北,83.0,29298
商业大道 2室1厅 南,https://gz.lianjia.com/ershoufang/108403035767.html,商业大道 旧区,2室1厅,70.95,南,75.0,10571
电梯高层，南向实用三房，此房满五唯一,https://gz.lianjia.com/ershoufang/108403027837.html,万方园 机场路,3室1厅,102.7,南,263.0,25609
大三房，精装修，西南向，有车位,https://gz.lianjia.com/ershoufang/108403018957.html,雅居乐锦官城雍容南台 桥南,3室2厅,110.79,西南,288.0,25996
温泉小镇  户型方正实用  鸟语花 香优质的森林,https://gz.lianjia.com/ershoufang/108403014807.html,富力泉天下 温泉镇,4室2厅,146.77,南,136.0,9267
时代南湾南向海景4房2卫  天元二中 满五省税 看房方便,https://gz.lianjia.com/ershoufang/108403034203.html,时代南湾 南沙港,4室1厅,123.17,东南,325.0,26387
穗花社区 两房一厅  三阳台 南北对流 满五唯一,https://gz.lianjia.com/ershoufang/108403033665.html,江南大道中 江南大道中,2室1厅,79.01,南,338.0,42780
华景新城 怡华台 电梯实用精装两房 住着安静舒服,https://gz.lianjia.com/ershoufang/108403023235.html,华景新城怡华台 华景新城,2室1厅,77.63,北,434.0,55854
海伦堡御院   电梯2房2厅2卫 一手业主 证过五年,https://gz.lianjia.com/ershoufang/108403033125.html,番禺海伦堡御院 桥南,2室2厅,75.07,东南,240.0,31971
户型方正实用  中间楼层  采光通风好  笋,https://gz.lianjia.com/ershoufang/108403010421.html,万科柏悦湾 大坦沙,3室2厅,96.43,南,460.0,47703
东发大厦 2室1厅 西北,https://gz.lianjia.com/ershoufang/108403036267.html,东发大厦 市桥,2室1厅,76.4,西北,175.0,22906
江南西地铁50米，小区管理，原装电梯，三房两卫,https://gz.lianjia.com/ershoufang/108403015889.html,江南西路 江南西,3室2厅,81.75,西北,369.0,45138
怡乐路 实用2房 安静 楼梯中层,https://gz.lianjia.com/ershoufang/108403020251.html,怡乐路 中大,2室1厅,61.49,南,198.0,32201
地铁站 南向 2房 装修保养好 拎包入住,https://gz.lianjia.com/ershoufang/108403012906.html,华侨新村 淘金,2室1厅,52.93,南,347.0,65559
近大门口 过五年 朝南 楼间距开阔 视野好 诚心放卖,https://gz.lianjia.com/ershoufang/108403012592.html,广州碧桂园雅苑 南浦,3室2厅,102.5,南,297.0,28976
穗和家园 3室2厅 东,https://gz.lianjia.com/ershoufang/108403015263.html,穗和家园 人和,3室2厅,69.35,东,185.0,26677
江南大道北 2室1厅 东 东南 南,https://gz.lianjia.com/ershoufang/108403028326.html,江南大道北 同福,2室1厅,33.97,东 东南 南,109.0,32088
结婚婚房精选，过五年唯一，全新装修，拎包过新年,https://gz.lianjia.com/ershoufang/108403007451.html,荷景花园一区 沙湾,3室2厅,95.2,南,178.0,18698
新华五小 花果山地铁 复式4房2厅2卫 带露台使用,https://gz.lianjia.com/ershoufang/108403033598.html,花都富豪山庄 旧区,4室2厅,157.78,南,185.0,11726
楼层好，采光充足，出行方便，配套齐全,https://gz.lianjia.com/ershoufang/108403021653.html,同和路 同和,3室2厅,89.78,东南,205.0,22834
长隆旁 南向 精装3房2卫2阳台 视野好 风景好 无遮挡,https://gz.lianjia.com/ershoufang/108403021991.html,金城花园 大石,3室2厅,89.2,南,229.0,25673
远景路 新社区  电梯高层 光线好 生活方便,https://gz.lianjia.com/ershoufang/108403021033.html,正升雅境 机场路,2室2厅,78.98,西南,293.0,37098
温馨大两房 南向 阳光好 证过5年 少税,https://gz.lianjia.com/ershoufang/108403035274.html,祈福新村C区 祈福新村,2室1厅,68.87,南,162.0,23523
中海名都 精装修85平2室2厅 楼层好 视野无遮挡,https://gz.lianjia.com/ershoufang/108403030374.html,中海名都 滨江中,2室1厅,83.18,东南,640.0,76942
近地铁  满五年  户型方正  温馨舒适,https://gz.lianjia.com/ershoufang/108403016400.html,丽江花园九如通津 南浦,2室1厅,80.6,东北,269.0,33375
东风西路 小区环境好 格局方正通风,https://gz.lianjia.com/ershoufang/108403030721.html,东风西路 东风西,3室1厅,47.34,东南,203.0,42882
嘉逸华庭，精装修，近地铁，全新装修，随时可看,https://gz.lianjia.com/ershoufang/108403023465.html,嘉逸华庭 旧区,3室1厅,128.43,东南,205.0,15963
时代花园小区南向2房厅直出阳台电梯高层采光视野好,https://gz.lianjia.com/ershoufang/108403024677.html,时代花园 机场路,2室1厅,66.68,南,260.0,38993
富荣新村 东南向三房 高层电梯准备使用,https://gz.lianjia.com/ershoufang/108403030774.html,富荣新村 昌岗,3室1厅,71.05,东南,293.0,41239
公园前板块 全新精装三房 带主套 有加装电梯位,https://gz.lianjia.com/ershoufang/108403012919.html,起义路 解放南,3室2厅,76.45,东 西,318.0,41596
中铁高层两房，一线江景无遮挡，证过五年唯一物业,https://gz.lianjia.com/ershoufang/108403022703.html,中铁荔湾国际城 龙溪,2室2厅,83.55,北,320.0,38301
"采光充足，交通便利，配套完善,户型方正,加装电梯",https://gz.lianjia.com/ershoufang/108403036797.html,东华东路 东山口,3室1厅,70.18,西南,450.0,64121
岭南B区精装2房，阳台望小区中间位置，拎包入住户型,https://gz.lianjia.com/ershoufang/108403037221.html,岭南新世界 嘉禾望岗,2室2厅,75.21,北,386.0,51323
东浚荔景苑  安静又开阔单边采光通风三房  有锁匙看房,https://gz.lianjia.com/ershoufang/108403031899.html,东浚荔景苑 中山八,3室1厅,96.18,东北,450.0,46788
单证，小高层一梯两户，南北对流，精装修保养好。,https://gz.lianjia.com/ershoufang/108403015431.html,天湖峰境 北兴镇,4室2厅,153.53,东南,160.0,10422
低楼层 精装四房 通风采光好 南北对流 满五唯一,https://gz.lianjia.com/ershoufang/108403027687.html,菜园东 东川路,4室1厅,89.54,南 东南,498.0,55618
天河区时代新世界中心 近广州东站电梯大户型,https://gz.lianjia.com/ershoufang/108403018635.html,时代新世界 林和,3室2厅,120.02,东南 西北,390.0,32495
翠逸家园南向3房厅直出阳台电梯中层全明屋采光通风好,https://gz.lianjia.com/ershoufang/108403011919.html,翠逸家园 机场路,3室1厅,93.39,东南,372.0,39833
满五年唯一，三房两卫，南北对流,https://gz.lianjia.com/ershoufang/108403020578.html,番禺海伦堡御院 桥南,4室1厅,99.2,北,258.0,26009
全封闭式管理，准电梯南向正规两房，满五唯一税费少,https://gz.lianjia.com/ershoufang/108403009513.html,德埔小区 石牌,2室2厅,63.77,南,398.0,62412
此房楼层适中，安静不吵，装修精致，中空两房设计,https://gz.lianjia.com/ershoufang/108403034718.html,萝岗敏捷广场 科学城,2室1厅,54.25,北,115.0,21199
黄埔花园 证过五年 中楼层 视野开阔 采光好,https://gz.lianjia.com/ershoufang/108403017817.html,黄埔花园 黄埔区府,2室1厅,77.71,北,301.0,38662
业主急卖/绿湖国际城/全新未住/南向大三房精装物业好,https://gz.lianjia.com/ershoufang/108403020521.html,广州敏捷绿湖首府一期 石滩镇,3室2厅,121.83,南,130.7,10729
金港花园 交通便利 配套成熟 业主诚心卖,https://gz.lianjia.com/ershoufang/108403018527.html,金港花园（金堂楼/金满楼) 黄埔区府,3室2厅,101.97,南,365.0,35795
满五，小两房，温馨舒服，装修挺新，房出阳台,https://gz.lianjia.com/ershoufang/108403024084.html,黄石花园 黄石,2室1厅,50.42,南 北,148.0,29354
低层大三房，户型方正采光好，厅出阳台，免重税！,https://gz.lianjia.com/ershoufang/108403019054.html,大新路 海珠广场,3室2厅,80.19,东南 南,300.0,37412
五羊华轩 1室1厅 南,https://gz.lianjia.com/ershoufang/108403034511.html,五羊华轩 五羊新城,1室1厅,59.16,南,430.0,72685
天朗明居二期安静高楼层刚需2房,https://gz.lianjia.com/ershoufang/108403015006.html,富力天朗明居 棠下,2室1厅,78.22,西北,397.0,50725
湖山国际、精装复式、高层南向、视野开阔、带露台,https://gz.lianjia.com/ershoufang/108403015763.html,合生湖山国际 凤凰城,6室2厅,244.22,南,360.0,14741
中区力源花园电梯三层洋房，两个天台可用，使用率高,https://gz.lianjia.com/ershoufang/108402852764.html,力源花苑 荔城中区,5室2厅,198.3,南,154.0,7767
南北对流，户型方正，视野开阔，采光充足，配套齐,https://gz.lianjia.com/ershoufang/108402567200.html,锦绣御景国际二期 荔城西区,4室2厅,167.15,南,255.0,15256
豪进山湖珺璟，业主出增值税，南北通透4+1户型！,https://gz.lianjia.com/ershoufang/108402479662.html,豪进山湖珺璟 白江,4室2厅,131.0,南 北,299.0,22825
凤仪苑登楼复式五房 采光明亮 格局好！,https://gz.lianjia.com/ershoufang/108402710495.html,碧桂园凤凰城凤仪苑 凤凰城,5室2厅,165.85,南,230.0,13868
盛世名门中间楼层，满五年免重税无按揭,https://gz.lianjia.com/ershoufang/108402901432.html,新都盛世名门 白江,3室2厅,114.99,南 北,270.0,23481
金地荔湖城公园上城 3室2厅 东南,https://gz.lianjia.com/ershoufang/108402760022.html,金地荔湖城公园上城 永和,3室2厅,151.83,东南,215.0,14161
云山熹景 少有两房放盘 精装修 户型方正,https://gz.lianjia.com/ershoufang/108403031532.html,云山熹景 梅花园,2室2厅,86.06,西北,480.0,55776
电梯2房   满五唯一 新装修   采光充足  交通便利,https://gz.lianjia.com/ershoufang/108403026866.html,岗贝路海棠居 机场路,2室1厅,51.82,南,144.0,27789
秀苑南向三房阳光照射时长，中间楼层视野开阔,https://gz.lianjia.com/ershoufang/108403032612.html,广州碧桂园秀苑 南浦,3室1厅,102.5,西南,290.0,28293
珠光南沙御景 4室2厅 南 北,https://gz.lianjia.com/ershoufang/108403028574.html,珠光南沙御景 金洲,4室2厅,202.42,南 北,270.0,13339
鸿图苑 中层大三房免二次装修 够5年 看房方便,https://gz.lianjia.com/ershoufang/108403032335.html,鸿图苑 汾水,3室1厅,87.49,东南,230.0,26289
电梯高层 121方大三房 有钥匙方便看房,https://gz.lianjia.com/ershoufang/108403032365.html,康裕大厦 市桥,3室2厅,121.7,东,268.0,22022
过五年不唯一物业 南向 靓景靓装修,https://gz.lianjia.com/ershoufang/108403034779.html,金沙湾花园金沙御苑 桥南,3室1厅,138.68,南,395.0,28483
南向 大四房 看花园 看江景 包税 楼龄新,https://gz.lianjia.com/ershoufang/108403035162.html,丰泰城市公馆 新塘北,4室2厅,146.33,南 北,258.0,17632
越秀区 淘金 方正大三房 可看白云山 省中星,https://gz.lianjia.com/ershoufang/108403030880.html,淘金家园二三期 淘金,3室2厅,121.19,西北,1150.0,94893
小北路 3室1厅 南,https://gz.lianjia.com/ershoufang/108403028531.html,小北路 小北,3室1厅,77.52,南,590.0,76110
纯南向三房  业主诚心卖   视野好,https://gz.lianjia.com/ershoufang/108403026806.html,嘉骏豪苑 新塘南,3室1厅,90.61,东 南,148.0,16334
怡雅苑南向两房，商品房，视野开阔,https://gz.lianjia.com/ershoufang/108403025942.html,怡雅苑(海珠) 宝岗,2室2厅,81.64,南,360.0,44097
过五唯一 南向 采光足 通风好 方正电梯3房,https://gz.lianjia.com/ershoufang/108403027236.html,丽江花园丽影楼 南浦,3室1厅,86.1,西南,199.0,23113
康乐园，四房中间楼层，装修保养好，产权清晰。,https://gz.lianjia.com/ershoufang/108403034653.html,康乐园 市桥,4室2厅,124.0,南,280.0,22581
嘉裕公馆 4室2厅 东南,https://gz.lianjia.com/ershoufang/108403030729.html,嘉裕公馆 珠江新城中,4室2厅,152.47,东南,3049.0,199974
花园小区 电梯高层 全明三房 过五年唯一 免重税,https://gz.lianjia.com/ershoufang/108403030563.html,百顺台花园 新市,3室1厅,89.33,西 南,293.0,32800
花园小区 中层采光好 诚心出手 看房方便,https://gz.lianjia.com/ershoufang/108403033054.html,棠德花园 棠下,2室1厅,62.63,东,215.0,34329
云山居小三房看白云山东南向采光好,https://gz.lianjia.com/ershoufang/108403033746.html,云山居 元下田,3室1厅,76.07,东南,220.0,28921
鸿城花园，地铁500米，高层电梯，二次精装，即买即住,https://gz.lianjia.com/ershoufang/108403033375.html,鸿城花园 市桥,2室2厅,81.3,西南,227.0,27922
鸿运花园 3室1厅 东南,https://gz.lianjia.com/ershoufang/108403036187.html,鸿运花园 赤岗,3室1厅,65.87,东南,328.0,49796
安静看花园，全明户型，中高楼层，保养很好，拎包入住,https://gz.lianjia.com/ershoufang/108403032636.html,天健上城 车陂,2室1厅,61.34,西,390.0,63581
一楼带145平方前后花园入证，东南向，单边位,https://gz.lianjia.com/ershoufang/108403033988.html,芳华花园洛涛居南区 洛溪,3室2厅,87.9,东南,409.0,46531
金融城辐射区 满五唯一 南向大两房 位置安静,https://gz.lianjia.com/ershoufang/108403036321.html,棠德花园 棠下,2室2厅,64.24,东南,210.0,32690
"此房装修漂亮,住家精装修才一年多,三房户型,看房方便",https://gz.lianjia.com/ershoufang/108403035235.html,伍仙花园B区 沙太南,3室1厅,76.62,西南,305.0,39807
雅居乐二期 南向4+1户型 南北对流 中高层 带入户花园,https://gz.lianjia.com/ershoufang/108403032635.html,雅居乐雍华廷二期 新区,4室2厅,138.37,南,355.0,25656
5号线地铁【淘金】环市路商圈 1梯2户 电梯房 省级中星,https://gz.lianjia.com/ershoufang/108403029110.html,淘金北路 淘金,3室2厅,114.0,南 北,640.0,56141
西湾路 3室1厅 南 北,https://gz.lianjia.com/ershoufang/108403036665.html,西湾路 西村,3室1厅,59.49,南 北,215.0,36141
润田雅苑 2室1厅 西南,https://gz.lianjia.com/ershoufang/108403034656.html,润田雅苑 同福,2室1厅,81.0,西南,408.0,50371
富泽园 2室2厅 西,https://gz.lianjia.com/ershoufang/108403030393.html,富泽园 工业大道北,2室2厅,68.21,西,308.0,45155
穗花新村  电梯两房  视野开阔  满五年唯一物业,https://gz.lianjia.com/ershoufang/108403028915.html,穗花新村 昌岗,2室1厅,66.74,东北,310.0,46449
尚东尚筑 南向 高层三房 精装修,https://gz.lianjia.com/ershoufang/108403035473.html,尚东尚筑 番禺客运站,3室2厅,90.81,南,355.0,39093
Beautiful 小区中间位-南向望花园-视野开阔无遮挡,https://gz.lianjia.com/ershoufang/108403032950.html,万科金色梦想 香雪,3室2厅,86.65,南,325.0,37508
金建苑一梯两户南向4房业主诚意放卖,https://gz.lianjia.com/ershoufang/108403036766.html,金建苑 燕塘,4室2厅,93.37,东南 南,304.0,32559
做好隔音 全屋定制装修 中楼层,https://gz.lianjia.com/ershoufang/108403035735.html,亚运城天成 亚运城,3室1厅,90.1,北,303.0,33630
双阳台南北对流 大阳台入户 双地铁口,https://gz.lianjia.com/ershoufang/108403035303.html,天马丽苑二期 旧区,3室2厅,92.6,南,155.0,16739
满五年 房改房 近地铁 双阳台 户型方正 采光充足,https://gz.lianjia.com/ershoufang/108403033969.html,前进路(海珠) 前进路,2室1厅,61.24,南 北,165.0,26944
华景新城配套设施完善满五年唯一,https://gz.lianjia.com/ershoufang/108403030054.html,华景新城芳满庭园 华景新城,1室1厅,40.1,东,224.0,55854
高层东南向厅出阳台  视野好 安静望小区花园,https://gz.lianjia.com/ershoufang/108403037237.html,天誉华庭 龙口西,3室2厅,97.36,南,938.0,96344
满五唯一 南向方正两房 厅出阳台,https://gz.lianjia.com/ershoufang/108403037463.html,天誉华庭 龙口西,2室2厅,74.43,南,745.0,100095
奥园城市天地精装修复式 看房方便南向,https://gz.lianjia.com/ershoufang/108403030726.html,奥园城市天地 汉溪长隆,1室1厅,47.34,南,86.0,18167
琶洲新村 优质房源推荐 刚需两房一厅 业主急卖 近地铁,https://gz.lianjia.com/ershoufang/108403021330.html,琶洲新村 万胜围,2室1厅,88.0,西北,320.0,36364
保养好，阳台望花园，户型方正，楼层高光线好,https://gz.lianjia.com/ershoufang/108403013731.html,富力金港城南区 花东镇,2室1厅,79.91,北,45.0,5632
厅出阳台，阳台朝东，光线好；格局方正，无暗房。,https://gz.lianjia.com/ershoufang/108400306002.html,积德花园 同德围,2室1厅,61.83,北,123.0,19894
大石近地铁少有国有证村屋 业主诚意放卖 看房方便,https://gz.lianjia.com/ershoufang/108402989690.html,植村五路东一区 大石,5室4厅,171.91,东,285.0,16579
一品湖山 5室1厅 南 北,https://gz.lianjia.com/ershoufang/108402985681.html,一品湖山 南湖,5室1厅,142.0,南 北,435.0,30634
高尔夫花园南向3+1房，中楼层望花园，居住舒适,https://gz.lianjia.com/ershoufang/108402976578.html,白云高尔夫花园东区 黄石,4室2厅,150.99,南,510.0,33778
马赛克外墙，东南向住家精装三房，通风视野好,https://gz.lianjia.com/ershoufang/108402991623.html,大新路 海珠广场,3室1厅,69.06,东南,210.0,30409
西门口商圈首层东南带30方后花园采光好2房,https://gz.lianjia.com/ershoufang/108402241400.html,大德路 解放南,2室1厅,34.92,东南,118.0,33792
东方之珠花园 高层4房采光好 装修保养好 住家舒适,https://gz.lianjia.com/ershoufang/108402993009.html,东方之珠花园 天润路,4室2厅,130.08,西,1035.0,79567
老黄埔  中间楼层 南向三房两卫 满五年,https://gz.lianjia.com/ershoufang/108402983845.html,黄埔花园 黄埔区府,3室2厅,104.28,南,404.0,38662
地铁口  锦绣天伦花园  精致两房 满五年唯一 税费 少,https://gz.lianjia.com/ershoufang/108403012292.html,敏捷锦绣天伦 新塘北,2室2厅,75.42,北,154.0,20419
锦绣天伦花园 精装自住南向 诚心放卖,https://gz.lianjia.com/ershoufang/108403020319.html,敏捷锦绣天伦 新塘北,3室2厅,89.56,南,206.0,23002
此房过五不唯一，税费低，中高楼层，采光好,https://gz.lianjia.com/ershoufang/108403033739.html,锦绣新天地 新塘南,2室2厅,82.71,东北,160.0,19345
嘉仕花园东区 3室1厅 北,https://gz.lianjia.com/ershoufang/108403016238.html,嘉仕花园东区 滨江东,3室1厅,90.49,北,580.0,64096
满五，楼层适中 看小区花园，业主诚心卖,https://gz.lianjia.com/ershoufang/108403005809.html,富雅名居 新塘北,2室2厅,71.34,西北,120.0,16821
大城云山 3室1厅 东北,https://gz.lianjia.com/ershoufang/108403036906.html,大城云山 太平镇,3室1厅,102.78,东北,142.0,13816
凤馨温馨小户型， 单边位通风采光好，隐私性强,https://gz.lianjia.com/ershoufang/108403016928.html,碧桂园凤凰城凤馨苑 凤凰城,3室2厅,93.12,北,178.0,19116
温馨小两房 装修保养好  投 zi自住皆可,https://gz.lianjia.com/ershoufang/108403016185.html,景新豪苑 新塘北,2室1厅,60.68,北,105.0,17304
满五年电梯单边位，四阳台，采光视野好，公园旁,https://gz.lianjia.com/ershoufang/108402981250.html,华翠街小区 天河公园,3室2厅,104.94,东南 南,750.0,71470
厅出阳台，东向户型，地段好 近地铁,https://gz.lianjia.com/ershoufang/108402982175.html,康盈阁 机场路,3室1厅,82.58,东,180.0,21798
此房证满五年，南北向电梯三房装修好采光通风良好。,https://gz.lianjia.com/ershoufang/108402974394.html,环市东路 环市东,3室2厅,91.08,南,450.0,49408
番禺人民医院宿舍 框架结构 过五唯一,https://gz.lianjia.com/ershoufang/108402990274.html,番禺人民医院宿舍 市桥,3室2厅,79.3,南,120.0,15133
地铁沿线，楼龄新，小区管理，购房成本低,https://gz.lianjia.com/ershoufang/108402992998.html,荟翠苑 新港西,2室1厅,44.35,东,93.0,20970
滨江东路(海珠) 2室1厅 东,https://gz.lianjia.com/ershoufang/108402989013.html,滨江东路(海珠) 滨江东,2室1厅,51.2,东,170.0,33204
豪 华装修  业主自己住 保养好 满五唯一,https://gz.lianjia.com/ershoufang/108402976223.html,敏捷锦绣天伦 新塘北,2室1厅,80.55,北,170.0,21105
格局方正，采光通风好，近北站地铁口，配套设施齐全,https://gz.lianjia.com/ershoufang/108402987330.html,祈福辉煌台 旧区,2室2厅,87.5,南,135.0,15429
南向大两房 全明格式 中层好房 诚心卖房,https://gz.lianjia.com/ershoufang/108402987917.html,迎翠春庭 棠下,2室1厅,60.88,南,180.0,29567
业主诚心卖 高楼层视野好 南北对流,https://gz.lianjia.com/ershoufang/108402975784.html,天河广场 东圃,3室1厅,99.71,南 北,346.0,34701
广顺花园 全新精装拎包入住 地铁口物业,https://gz.lianjia.com/ershoufang/108403000347.html,广顺花园 机场路,2室1厅,47.24,南,146.0,30907
满五唯一税费少，南向格局方正保养好,https://gz.lianjia.com/ershoufang/108402978115.html,富力金港城东区 花东镇,2室2厅,79.59,南,98.0,12314
东方新世界熹园 2室1厅 西南,https://gz.lianjia.com/ershoufang/108402972985.html,东方新世界熹园 天河公园,2室1厅,82.29,西南,633.0,76922
配套成熟，近地铁，可用公积金，随时都可看房,https://gz.lianjia.com/ershoufang/108402990592.html,丹桂园 市桥,3室2厅,101.0,南 北,178.0,17624
东华西 低层精装修三房 南北向 单边位 环境好 采光好,https://gz.lianjia.com/ershoufang/108402981047.html,东华西路 东川路,3室1厅,66.0,南 北,338.0,51213
精装电梯三房，满五年免重税，东南向,https://gz.lianjia.com/ershoufang/108402990123.html,桥东大厦 滘口,3室1厅,127.58,东南,318.0,24926
客厅宽敞，通风采光好，房屋面积配比合理,https://gz.lianjia.com/ershoufang/108402974422.html,南湖半山东苑 南湖,3室2厅,95.42,南,260.0,27248
豪骏名苑 南向三房精装修 采光好 户型方正,https://gz.lianjia.com/ershoufang/108402977496.html,城央御景 旧区,3室1厅,94.62,南,167.0,17650
精装修南向四房 户型方正 楼层采光好,https://gz.lianjia.com/ershoufang/108402998760.html,广州融创文旅城A2区 花城街,4室2厅,114.0,南,295.0,25878
百福园 3室2厅 南,https://gz.lianjia.com/ershoufang/108403001836.html,百福园 石楼,3室2厅,108.7,南,138.0,12696
珠江嘉园精装三房，采光好，出行方便。,https://gz.lianjia.com/ershoufang/108403003260.html,珠江嘉园 科学城,3室2厅,101.54,南,228.0,22455
金碧雅苑 厅出阳台 高层两房两厅,https://gz.lianjia.com/ershoufang/108402983388.html,金碧雅苑 黄边,2室1厅,71.53,东北,265.0,37048
店长推荐，鸣翠苑 小区中间位置，南向看花园  满五,https://gz.lianjia.com/ershoufang/108402984435.html,鸣翠苑 市桥北,2室1厅,87.3,东南,228.0,26117
新花苑，格局方正，配套完善，采光通风好.近地铁....,https://gz.lianjia.com/ershoufang/108402978131.html,新花苑小区 旧区,3室2厅,112.98,南,133.0,11772
此房满五，南北对流格局，视野宽阔，采光充足,https://gz.lianjia.com/ershoufang/108402981354.html,和平南小区 西场,2室1厅,67.65,南,263.0,38877
地铁口 南北对流，楼层好采光充足，精装修，交通便利,https://gz.lianjia.com/ershoufang/108402996094.html,花城路 旧区,3室2厅,85.0,南,89.0,10471
马赛克外墙 楼龄新净 公积金可以贷30年 拎包入住,https://gz.lianjia.com/ershoufang/108402980601.html,乐居苑 宝岗,3室1厅,73.65,北,238.0,32316
证过五年，南北对流，电梯高层，视野开阔采光好,https://gz.lianjia.com/ershoufang/108403004439.html,亚运城媒体北村 亚运城,2室2厅,82.68,北,225.0,27214
一手买入全新未住过，业主诚心卖房,https://gz.lianjia.com/ershoufang/108402984766.html,亚运城媒体北村 亚运城,2室2厅,76.91,北,219.0,28475
江南西地铁 前进路 全明两房一厅 南北对流 采光好精装,https://gz.lianjia.com/ershoufang/108402974600.html,前进路(海珠) 前进路,2室1厅,43.88,南 北,135.0,30766
地铁口 南北对流，楼层好采光充足，精装修，交通便利,https://gz.lianjia.com/ershoufang/108402996094.html,花城路 旧区,3室2厅,85.0,南,89.0,10471
电梯高层，望白云山，视野开阔，房子通风好,https://gz.lianjia.com/ershoufang/108402993833.html,君华香柏广场 京溪,3室2厅,92.82,北,535.0,57639
和馨雅居 厅直出阳台 精装两房 电梯高层,https://gz.lianjia.com/ershoufang/108402985664.html,和馨雅居 新市,2室1厅,64.01,东北,210.0,32808
广清新华出口直线距离均在1.5公里左右 毛坯3房,https://gz.lianjia.com/ershoufang/108403007174.html,南华时代城 旧区,3室1厅,89.64,东南,153.0,17069
远景路 电梯精准2房 格局方正 过五年 有钥匙 看房方便,https://gz.lianjia.com/ershoufang/108402998140.html,银苑大厦(白云) 机场路,2室1厅,53.41,西,148.0,27711
近地铁 无抵押产权清晰  高楼层 看房方便,https://gz.lianjia.com/ershoufang/108402991800.html,祈福万景峰 旧区,2室1厅,77.42,北,123.0,15888
楼层好 近梅花园地铁站 白云山脚下,https://gz.lianjia.com/ershoufang/108402993948.html,擎山苑 梅花园,2室1厅,52.34,西南,178.0,34009
美力百富雅苑：业主诚意放卖，交通便利，近花都湖,https://gz.lianjia.com/ershoufang/108403002794.html,美力百富雅苑 旧区,4室2厅,147.35,南 北,235.0,15949
江南西地铁 前进路 全明两房一厅 南北对流 采光好精装,https://gz.lianjia.com/ershoufang/108402974600.html,前进路(海珠) 前进路,2室1厅,43.88,南 北,135.0,30766
一手买入全新未住过，业主诚心卖房,https://gz.lianjia.com/ershoufang/108402984766.html,亚运城媒体北村 亚运城,2室2厅,76.91,北,219.0,28475
惠福西路 3室1厅 东 东南,https://gz.lianjia.com/ershoufang/108402995391.html,惠福西路 解放南,3室1厅,77.64,东 东南,335.0,43148
马赛克外墙 楼龄新净 公积金可以贷30年 拎包入住,https://gz.lianjia.com/ershoufang/108402980601.html,乐居苑 宝岗,3室1厅,73.65,北,238.0,32316
证过五年，南北对流，电梯高层，视野开阔采光好,https://gz.lianjia.com/ershoufang/108403004439.html,亚运城媒体北村 亚运城,2室2厅,82.68,北,225.0,27214
金融城满五唯一物业，税费少，精装修三房一厅,https://gz.lianjia.com/ershoufang/108402980018.html,穗茵园 天河公园,3室1厅,68.89,南 北,330.0,47903
华南新城3房户型，户型方正采光好。,https://gz.lianjia.com/ershoufang/108402997958.html,华南新城 华南新城,3室1厅,144.47,南,419.0,29003
育兰小区 封闭式小区 高层电梯采光视野好,https://gz.lianjia.com/ershoufang/108402984472.html,育兰小区 天河南,2室2厅,72.48,南 北,425.0,58637
此房满五唯一 珠江公园全景 重金精心打造 南北对流,https://gz.lianjia.com/ershoufang/108403001536.html,誉峰 珠江新城东,3室1厅,204.91,东南,3100.0,151286
穗发花园 低层南向大两房 户型实用  地铁口,https://gz.lianjia.com/ershoufang/108402984888.html,穗发花园 新港西,2室1厅,58.99,西南,195.0,33057
珠江新城楼龄新，满五年，省税费 。纯南向，采光好,https://gz.lianjia.com/ershoufang/108402989266.html,珠江都荟华庭 珠江新城西,3室2厅,128.33,南,1680.0,130913
汇丽国际 4室2厅 南,https://gz.lianjia.com/ershoufang/108402994502.html,汇丽国际 科学城,4室2厅,146.56,南,350.0,23882
广工大院南北朝向中层三房 大院管理环境好,https://gz.lianjia.com/ershoufang/108403006477.html,广工大院 黄花岗,3室1厅,89.0,南 北,550.0,61798
高层 东北向四房 一线望江 视野开阔 业主诚心放卖,https://gz.lianjia.com/ershoufang/108402995098.html,广州雅居乐花园剑桥郡 雅居乐,4室2厅,140.75,东北,625.0,44405
天寿大厦大四房 格局方正，南北对流 通风采光好,https://gz.lianjia.com/ershoufang/108402978523.html,天寿大厦 林和,4室2厅,171.76,南,1470.0,85585
电梯精装修3房东南向 一手业主 视野开阔通风采光好,https://gz.lianjia.com/ershoufang/108402998693.html,广园云苑新村 景泰,3室1厅,52.5,东南,185.0,35239
华乐苑，原装电梯，正南向一房，近客村地铁,https://gz.lianjia.com/ershoufang/108402975293.html,华乐苑 新港西,1室1厅,51.6,南,235.0,45543
精装三房 山河东街 安静舒适 环境优美,https://gz.lianjia.com/ershoufang/108402979354.html,达道西路 东山口,3室1厅,81.4,东 南 北,598.0,73465
实地常春藤精装三房 位置安静 望花园 业主全新未住,https://gz.lianjia.com/ershoufang/108402984051.html,实地常春藤 科学城,3室2厅,95.73,北,240.0,25071
亚运城媒体南村 2室2厅 南,https://gz.lianjia.com/ershoufang/108402984931.html,亚运城媒体南村 亚运城,2室2厅,84.35,南,260.0,30824
此房满两年税费较低，户型方正，视野开阔采光足通风好,https://gz.lianjia.com/ershoufang/108402982738.html,碧桂园城市花园花岸苑 朱村,3室1厅,105.2,南,156.0,14829
建设实用三房 精装修 有钥匙看房方便,https://gz.lianjia.com/ershoufang/108403003588.html,建设大马路 建设路,3室1厅,43.24,东,235.0,54348
保利中辰 安静不吵 满五年 看房有钥匙,https://gz.lianjia.com/ershoufang/108402998599.html,保利中辰广场 龙口西,2室1厅,80.34,南 北,788.0,98084
房子产权清晰54.54平方两房。使用率高，南北对流,https://gz.lianjia.com/ershoufang/108402981666.html,紫荆花园 新市,2室2厅,54.54,南 北,183.0,33554
满五唯一 精装修拎包入住 位置安静 产权清晰,https://gz.lianjia.com/ershoufang/108402987967.html,番禺奥林匹克花园 桥南,3室2厅,122.39,东,375.0,30640
尚东阳光 高层两房 小区花园漂亮,https://gz.lianjia.com/ershoufang/108400146848.html,尚东阳光雅苑 沙村,2室2厅,85.74,南,168.0,19595
芷兰苑 南向复式望泳池花园 带70方大平台,https://gz.lianjia.com/ershoufang/108402413728.html,芷兰苑 旧区,5室2厅,213.07,南,198.0,9293
蓝山花园 宜居大三房 可用26方大平台 南北对流有钥匙,https://gz.lianjia.com/ershoufang/108402625821.html,万科蓝山 南湖,3室2厅,145.67,南 北,399.0,27391
改善大户型三代宜居，两套打通一起放卖,https://gz.lianjia.com/ershoufang/108402788366.html,碧桂园凤凰城凤馨苑 凤凰城,3室2厅,101.05,南,215.0,21277
风神花园，家门口地铁，小区绿化好，配套齐全,https://gz.lianjia.com/ershoufang/108402254786.html,风神公社 秀全街,4室2厅,154.86,东南,175.0,11301
大院管理 低楼层  江畔生活就在此刻,https://gz.lianjia.com/ershoufang/108401934396.html,滨江中路 滨江中,3室2厅,74.03,南,215.0,29043
260度阳台，环境优美，精装修直接拎包入住,https://gz.lianjia.com/ershoufang/108401464073.html,石楼碧桂园 石楼,6室2厅,535.23,南,850.0,15882
"满五唯一，大院管理，交通便利,户型方正",https://gz.lianjia.com/ershoufang/108402439139.html,江南西路 江南西,4室2厅,82.84,东南,368.0,44423
电梯平层  南向  视野开阔  四房户型  大阳台,https://gz.lianjia.com/ershoufang/108402809190.html,晓港东一马路 新港西,4室2厅,72.52,南,248.0,34198
满五唯一，省个税，阳光好位置好,https://gz.lianjia.com/ershoufang/108402810552.html,保利林语山庄 科学城,5室2厅,221.0,南,734.0,33192
江南西商圈 精装修中层三房东南向 近地铁 *松园,https://gz.lianjia.com/ershoufang/108402431331.html,江南大道中 江南大道中,3室2厅,51.76,南,198.0,38254
侨爱苑绿化小区大三房，全明设计，环境好生活居住舒适,https://gz.lianjia.com/ershoufang/108401587123.html,侨爱苑 机场路,3室2厅,101.35,西北,239.0,23582
荔苑公寓实用大三房产权清晰业主诚心出*,https://gz.lianjia.com/ershoufang/108401514934.html,荔苑公寓 南湖,3室2厅,106.66,东 西,161.0,15095
恒大绿洲 带有装修 景观好 视野开阔,https://gz.lianjia.com/ershoufang/108402548395.html,恒大绿洲花园 金沙洲,3室2厅,179.01,东南,600.0,33518
保利城花园 精装大四房 户型方正  近地铁口,https://gz.lianjia.com/ershoufang/108402777230.html,保利城花园 秀全街,4室2厅,149.69,南 北,179.0,11959
亚运城 裕丰新村 毛坯四房 采光通风好,https://gz.lianjia.com/ershoufang/108402532693.html,裕丰新村 亚运城,4室1厅,159.96,南,245.0,15317
业主急急急，房子采光好，南北对流，阳台宽敞方正四房,https://gz.lianjia.com/ershoufang/108401528537.html,亚运城天誉 亚运城,4室2厅,185.36,南,415.0,22389
市二宫地铁口300米 98年小区 户型方正,https://gz.lianjia.com/ershoufang/108402429066.html,益丰花园 前进路,3室2厅,90.05,南,306.0,33982
此房江南西地铁站旁，户型方正两房户型，三面单边,https://gz.lianjia.com/ershoufang/108402843336.html,中国电信宿舍 江南大道中,2室2厅,64.0,东,188.0,29375
天河北 西雅苑 密度低 高层采光好 南北对流 地铁900米,https://gz.lianjia.com/ershoufang/108402857325.html,西雅苑 体育中心,3室2厅,109.71,西,785.0,71553
银湾满五大平层，视野开阔可拎包入住，业主诚意出,https://gz.lianjia.com/ershoufang/108402776826.html,锦绣银湾 大石,4室2厅,160.76,南,530.0,32969
东向五房望花园安静  中空经典复式住宅,https://gz.lianjia.com/ershoufang/108402779843.html,花地河湾 西朗,5室1厅,86.0,东,320.0,37210
三房两厅两卫，望花园视野广，通风光线好,https://gz.lianjia.com/ershoufang/108402878868.html,麓景雅苑 麓景,3室2厅,128.66,东 北,858.0,66688
小区中层望花园泳池 新装修 带租约 户型方正实用,https://gz.lianjia.com/ershoufang/108402792401.html,怡新花园 梅花园,3室2厅,106.7,东北,588.0,55108
"此房满五年，户型间隔方正,居住环境良好.",https://gz.lianjia.com/ershoufang/108402745548.html,谷围新村 国际创新城,8室2厅,218.0,南 北,600.0,27523
番禺桥南奥园广场 海伦堡御院半岛28号 5房复式大户型,https://gz.lianjia.com/ershoufang/108401597815.html,番禺海伦堡御院 桥南,5室2厅,413.61,南,1000.0,24178
尊贵大户型，南向大阳台，中高楼层，视野开阔，景观好,https://gz.lianjia.com/ershoufang/108402525145.html,锦绣香江花园山水华府 汉溪长隆,5室2厅,476.4,东南 南,1661.0,34850
