全屋品牌家电，精装修，带40平大露台。,https://huangshi.lianjia.com/ershoufang/104107896198.html,黄石大桥一品園 花湖,3室2厅,133.65,东南,105.0,7857
石化大夏 精装修三室 直接拎包入住,https://huangshi.lianjia.com/ershoufang/104103149441.html,石化大厦 团城山,3室2厅,137.34,南,66.8,4864
磁湖旁奥山磁湖天下小区*，一线全湖景房拎包即住,https://huangshi.lianjia.com/ershoufang/104104470308.html,奥山磁湖天下 沈家营,3室1厅,113.83,南,80.0,7029
博雅花园2栋 装修大两房 房东急卖,https://huangshi.lianjia.com/ershoufang/104107226071.html,博雅花园 沈家营,2室2厅,99.6,南,41.8,4197
黄石公園 2室2厅 南 北,https://huangshi.lianjia.com/ershoufang/104107927543.html,黄石公園 楠竹林,2室2厅,90.74,南 北,56.0,6172
市内高品质小区  精装两房  可拎包入住,https://huangshi.lianjia.com/ershoufang/104107908394.html,恒大·锦绣磁湖 市中心,2室2厅,85.57,东南,88.0,10284
好房推荐 黄石公园二期高层一线湖景房 楼层好 满二年,https://huangshi.lianjia.com/ershoufang/104107921992.html,黄石公園 楠竹林,3室2厅,108.6,南,84.0,7735
冶电二村三室一厅中层 天然气可报装后使用 看房有钥匙,https://huangshi.lianjia.com/ershoufang/104107921246.html,冶电二村 沈家营,3室1厅,67.81,东,30.0,4425
老火车站旁公安医院楼上三房房东低价出售,https://huangshi.lianjia.com/ershoufang/104107936227.html,公安医院楼上 上窑,3室2厅,123.96,西南,60.0,4841
精装修大三房电梯中层 户型方正视野开阔采光好近居然,https://huangshi.lianjia.com/ershoufang/104107869245.html,美鑫·锦绣华庭 团城山,3室2厅,126.41,南 北,68.0,5380
团城山发展大道黄石北站恒大碧桂园旁毛坯电梯高层两房,https://huangshi.lianjia.com/ershoufang/104107905555.html,美鑫·锦绣华庭 团城山,2室1厅,92.28,南,40.0,4335
丽岛半山华府 精装通透大三房 带家具家电买即住,https://huangshi.lianjia.com/ershoufang/104104645558.html,丽岛半山华府 团城山,4室2厅,149.19,南,125.0,8379
新装修大两房，视野好，采光好温馨户型,https://huangshi.lianjia.com/ershoufang/104107900643.html,东贝名苑 八卦嘴,2室2厅,90.73,东南 南,38.0,4189
万达华府精装修大3房拎包住，证满两年全屋电暖带家电,https://huangshi.lianjia.com/ershoufang/104107891668.html,万达华府 万达,3室2厅,125.24,南,105.0,8384
安家凤凰城  通透大三房 毛坯任意装修,https://huangshi.lianjia.com/ershoufang/104102725490.html,安佳凤凰城 团城山,5室2厅,166.5,南,90.0,5406
万达华府精装婚房2室，电梯中层采光好证满2年拎包即住,https://huangshi.lianjia.com/ershoufang/104107906773.html,万达华府 万达,2室1厅,89.78,南,77.5,8633
天方百花园 精装朝南两房 满五唯一 低公摊,https://huangshi.lianjia.com/ershoufang/104107930796.html,天方百花園 万达,2室2厅,72.43,南,42.0,5799
白马山小区 精装三房 满两年  拎包入住,https://huangshi.lianjia.com/ershoufang/104107921092.html,白马山小区 团城山,3室1厅,103.54,南 北,80.0,7727
市内 金花旁毛坯电梯高层三房 市府路 满二税费低,https://huangshi.lianjia.com/ershoufang/104105615688.html,名门世界小区 武商,3室2厅,135.47,东南,108.0,7973
精装小三房，南北视野好，直接拎包入住！,https://huangshi.lianjia.com/ershoufang/104106992934.html,宏维·星都 团城山,3室2厅,102.46,南 北,95.0,9272
此房户型好，采光不错，坐北朝南，成熟小区交便利,https://huangshi.lianjia.com/ershoufang/104107229357.html,嘉泰·银河湾 团城山,3室2厅,98.7,南,77.0,7802
万达商圈楼梯中层大四房 南北通透采光好,https://huangshi.lianjia.com/ershoufang/104107331962.html,宝石名城 万达,4室2厅,137.26,南 北,79.8,5814
中间楼层 ，采光好，小区配套设施齐全。,https://huangshi.lianjia.com/ershoufang/104107726642.html,天域·名流天地 团城山,3室2厅,116.88,南,76.0,6503
万达商圈宝石名城精装修楼梯大三房拎包入住,https://huangshi.lianjia.com/ershoufang/104107680574.html,宝石名城 万达,3室2厅,112.33,南,67.0,5965
此房位于江边离十四中一路之隔，小区环境好，满五税低,https://huangshi.lianjia.com/ershoufang/104107215161.html,佳美星城 万达,3室2厅,125.96,南,84.0,6669
房子满二，好楼层，好价格，主干道，,https://huangshi.lianjia.com/ershoufang/104104171466.html,阳光新干线 团城山,3室2厅,135.15,南 北,68.0,5032
黄石港江景小区，精装修大四房，拎包即住,https://huangshi.lianjia.com/ershoufang/104103061309.html,江泰春岸 花湖,4室2厅,136.14,南 北,90.0,6611
沿湖路温馨两房，巨好采光！户型拎包入住！,https://huangshi.lianjia.com/ershoufang/104107872216.html,沿湖路642号 八卦嘴,2室2厅,81.28,东南,20.0,2461
宏维人家园林小区南北户型，户型采光好，房东诚心售！,https://huangshi.lianjia.com/ershoufang/104107861215.html,宏维人家 新城区,3室2厅,128.53,南,80.0,6225
花湖红地世博园电梯精装大三房保养得当拎包入住,https://huangshi.lianjia.com/ershoufang/104107845154.html,红地世博园 花湖,3室2厅,108.6,南,47.0,4328
新城之光 全新精装四房  光线充足大阳台,https://huangshi.lianjia.com/ershoufang/104107887618.html,碧桂园新城之光 团城山,4室2厅,143.32,南,86.0,6001
《龙湾一品 精装修大4房》电梯房 产证满两年 诚心卖,https://huangshi.lianjia.com/ershoufang/104107896408.html,龙湾一品 团城山,4室2厅,134.24,南 北,91.0,6779
北近黄石北站 南近中医院 东近居然之家 团城山万达,https://huangshi.lianjia.com/ershoufang/104107861564.html,美鑫·锦绣华庭 团城山,3室2厅,96.76,东南,48.0,4961
宝石名城精装电梯三房，拎包入住，满五唯一,https://huangshi.lianjia.com/ershoufang/104107601294.html,宝石名城 万达,3室2厅,103.43,南 北,67.8,6556
中山十四中 楼梯低层大三房朝南采光好,https://huangshi.lianjia.com/ershoufang/104107332252.html,花湖大道18号 万达,3室2厅,105.9,东南,53.0,5005
精装两房，产证满两年，房东诚心卖,https://huangshi.lianjia.com/ershoufang/104107185762.html,新西南国际花园 团城山,3室2厅,103.07,南,60.0,5822
此房属于一手房，湿地公园，房型方正，视野好,https://huangshi.lianjia.com/ershoufang/104107911769.html,龙湾一品 团城山,4室2厅,166.0,西南,92.0,5543
万达旁精装两房，中小轻松解决。,https://huangshi.lianjia.com/ershoufang/104107934771.html,金港明珠小区 万达,2室1厅,88.0,东南,63.0,7160
到万达广场步行50米，就读中山，出行方便，闹中取静,https://huangshi.lianjia.com/ershoufang/104106639401.html,爱佳雅苑 万达,3室2厅,139.48,南 北 东,70.0,5019
宝石名城 3室2厅 南,https://huangshi.lianjia.com/ershoufang/104107360163.html,宝石名城 万达,3室2厅,97.71,南,68.0,6960
宏维山水明城三房，成交快，得房率高,https://huangshi.lianjia.com/ershoufang/104106459878.html,宏维山水明城 团城山,3室2厅,103.83,南,80.0,7705
颐阳路大三房，三甲医院旁，满五税费低，诚心出售,https://huangshi.lianjia.com/ershoufang/104106141695.html,颐阳路 八卦嘴,4室2厅,122.27,东 西,53.0,4335
锦绣华庭  毛坯小三房  居家适宜,https://huangshi.lianjia.com/ershoufang/104101251961.html,美鑫·锦绣华庭 团城山,3室2厅,106.88,南,53.0,4959
电梯中间楼层采光好，高质小区配套齐全，房东诚心出售,https://huangshi.lianjia.com/ershoufang/104103127599.html,白马山小区 团城山,3室2厅,125.89,东南,91.0,7229
房子是中山，十四中旁，全新装修，诚心出售,https://huangshi.lianjia.com/ershoufang/104102574442.html,黄石大道57号 万达,2室2厅,102.59,东,53.0,5167
鸿儒翰林居 3室2厅 南 北,https://huangshi.lianjia.com/ershoufang/104106543617.html,鸿儒翰林居 团城山,3室2厅,134.0,南 北,91.9,6859
八卦嘴温馨大两房！满二税费低！,https://huangshi.lianjia.com/ershoufang/104107866707.html,磁湖新都 八卦嘴,2室2厅,105.0,南,55.0,5239
大户型适合三代同堂，精装修，拎包即住！,https://huangshi.lianjia.com/ershoufang/104107707475.html,黄石大桥一品園 花湖,2室1厅,89.02,东南,62.0,6965
天行御景庄园二期精装修三居室 南北通透 证满少税,https://huangshi.lianjia.com/ershoufang/104107863155.html,天行 · 御景庄园 花湖,3室2厅,107.0,南 北,58.0,5421
碧桂园 3室2厅 南,https://huangshi.lianjia.com/ershoufang/104107845294.html,碧桂园 老城区,3室2厅,132.14,南,79.0,5979
中窑低楼层大三房 全明方正 税费低,https://huangshi.lianjia.com/ershoufang/104107899539.html,中窑湾小区 上窑,3室2厅,112.5,东,46.0,4089
电梯中层精装修三房 环境好采光好 拎包入住。,https://huangshi.lianjia.com/ershoufang/104107854992.html,扬子玉龙湾 团城山,3室2厅,135.94,南,93.0,6842
七中精装电梯中高层大三房，地段好,https://huangshi.lianjia.com/ershoufang/104106563451.html,顺佳四季花城 万达,3室2厅,144.25,南 北,80.0,5546
中山，十四中。电梯小高层三房，生活便利,https://huangshi.lianjia.com/ershoufang/104107675184.html,金港明珠小区 万达,3室2厅,90.44,南 北,76.0,8404
宝石名城三房两厅两卫，电梯中高层，精装,https://huangshi.lianjia.com/ershoufang/104107923464.html,宝石名城 万达,3室1厅,128.5,南,80.0,6226
三江共和城精装小3房拎包即住，证满两年朝南大阳台,https://huangshi.lianjia.com/ershoufang/104107687886.html,三江共和城 万达,3室2厅,87.34,东南,59.0,6756
铜花小区 2室2厅 西南,https://huangshi.lianjia.com/ershoufang/104107746944.html,铜花小区 新下陆,2室2厅,75.03,西南,28.0,3732
万达华府 3室2厅 南,https://huangshi.lianjia.com/ershoufang/104104719365.html,万达华府 万达,3室2厅,135.0,南,97.2,7200
满福楼酒楼100米处小区，南北通透，交通便捷,https://huangshi.lianjia.com/ershoufang/104105135530.html,新下陆街239号 新下陆,3室1厅,102.39,南 北,23.0,2247
天然气小区采光好毛坯两房，视野开阔，景色宜人,https://huangshi.lianjia.com/ershoufang/104103698724.html,阳光星都 花湖,2室2厅,82.0,南,31.0,3781
双环花园，满五唯一，可以贷款，急售。,https://huangshi.lianjia.com/ershoufang/104105062693.html,双环花园西区 沈家营,2室2厅,88.17,南 北,32.0,3630
万达商圈，经典户型，楼梯好楼层，采光好,https://huangshi.lianjia.com/ershoufang/104107177389.html,宝石名城 万达,3室2厅,107.0,南,68.0,6356
橄榄家园小区 3室2厅 东南,https://huangshi.lianjia.com/ershoufang/104107706455.html,橄榄家园小区 万达,3室2厅,129.08,东南,89.8,6957
黄石大道 3室1厅 东 南,https://huangshi.lianjia.com/ershoufang/104107607304.html,黄石大道 沈家营,3室1厅,75.65,东 南,44.0,5817
此房满五唯一税费低，模范小区环境好，适合一家人居住,https://huangshi.lianjia.com/ershoufang/104103963677.html,十五冶康宁园 老下陆,2室1厅,67.0,南 北,15.0,2239
经典小三房，户型方正，采光好，适合居家,https://huangshi.lianjia.com/ershoufang/104107047381.html,金港明珠小区 万达,3室2厅,90.0,南 北,74.0,8223
全朝南的经典小户型，交通方便 好楼层,https://huangshi.lianjia.com/ershoufang/104107568893.html,金港明珠小区 万达,2室2厅,85.22,南,45.0,5281
城上城毛坯大四房 采光好视野开阔 可看湖景,https://huangshi.lianjia.com/ershoufang/104104892074.html,城上城 团城山,4室2厅,158.0,东 南 北,92.0,5823
团城山湿地公园旁高层毛坯三房大阳台,https://huangshi.lianjia.com/ershoufang/104106800192.html,嘉泰银河湾三期 团城山,3室2厅,125.0,南,90.0,7200
顺佳四季花城精装修大三房满五税费低直接拎包入住,https://huangshi.lianjia.com/ershoufang/104106656801.html,顺佳四季花城 万达,3室2厅,124.0,南 北,72.0,5807
毛坯房，1楼带院子环境好，住行方便！,https://huangshi.lianjia.com/ershoufang/104105691201.html,黄石公園 楠竹林,3室2厅,111.82,南 北,56.5,5053
大露台房子，新街口精装修，通透户型  无公摊,https://huangshi.lianjia.com/ershoufang/104107268174.html,人民街 万达,4室2厅,90.0,南 北,61.0,6778
湿地公园电梯中层，毛坯随意装修，采光好，环境幽雅,https://huangshi.lianjia.com/ershoufang/104107811368.html,嘉泰银河湾三期 团城山,3室2厅,123.89,南,100.0,8072
万达商圈，精装修大三房，户型方正，采光好,https://huangshi.lianjia.com/ershoufang/104107628904.html,顺佳四季花城 万达,3室2厅,135.75,东南,82.0,6041
嘉泰.银河湾《高层4房，带3个露台》满2年,https://huangshi.lianjia.com/ershoufang/104104290238.html,嘉泰·银河湾 团城山,4室2厅,141.81,南,108.0,7616
纯朝南户型，阳光充足，四开间朝南，房型温暖！,https://huangshi.lianjia.com/ershoufang/104107653159.html,碧桂园新城之光 团城山,4室2厅,130.0,南,78.0,6000
居然之家大都会旁边，房东急售。,https://huangshi.lianjia.com/ershoufang/104107584764.html,阳光新干线 团城山,3室2厅,104.07,南 北,70.0,6727
天虹金福园 3室2厅 北,https://huangshi.lianjia.com/ershoufang/104107405359.html,天虹金福园 万达,3室2厅,117.0,北,65.0,5556
白马山小区边户三房，户型方正，满二年,https://huangshi.lianjia.com/ershoufang/104106846781.html,白马山小区 团城山,3室2厅,144.53,南,99.0,6850
万达商圈电梯高层精品三居待价而估,https://huangshi.lianjia.com/ershoufang/104103180303.html,万达华府 万达,3室2厅,126.68,南,85.0,6710
橄榄家园，三开间朝南，毛坯三房，中山、十四中,https://huangshi.lianjia.com/ershoufang/104107816174.html,橄榄家园小区 万达,3室2厅,129.08,南,89.0,6895
陈家湾 广场旁 武商近 可贷款  绿化好,https://huangshi.lianjia.com/ershoufang/104107705032.html,冶钢钢花花苑 八卦嘴,3室2厅,128.25,南 北,72.0,5615
户型方正，三房两卫两厅，无遮挡视野 采光通风*赞,https://huangshi.lianjia.com/ershoufang/104105120576.html,黄石绿城玉兰花园 万达,3室2厅,139.0,西南,101.0,7267
美鑫三期 电梯高层 边户 南北通透采光通风好毛坯随心,https://huangshi.lianjia.com/ershoufang/104105453565.html,美鑫·锦绣华庭 团城山,3室2厅,118.0,南 北,58.0,4916
发展大道电梯中层南北通透毛坯双阳台 户型方正 采光好,https://huangshi.lianjia.com/ershoufang/104107745687.html,美鑫·锦绣华庭 团城山,3室2厅,119.28,南 北,60.0,5031
《宏维星都 180°看湿地公园》无遮挡 大3房 证满五年,https://huangshi.lianjia.com/ershoufang/104107343780.html,宏维·星都 团城山,3室2厅,126.0,东南,99.0,7858
楠竹林社区 1室1厅 南 北,https://huangshi.lianjia.com/ershoufang/104107888570.html,楠竹林社区 楠竹林,1室1厅,49.24,南 北,18.0,3656
市内 繁华地段 17年电梯精装南向两房 满二税费低,https://huangshi.lianjia.com/ershoufang/104107866737.html,德馨鑫圣广场 市中心,2室2厅,83.7,南,98.0,11709
黄石大道57号 2室1厅 东 西南,https://huangshi.lianjia.com/ershoufang/104107825125.html,黄石大道57号 万达,2室1厅,107.18,东 西南,44.0,4106
1门公交车站旁边 临江 可贷款 方正户型 出行便利,https://huangshi.lianjia.com/ershoufang/104107837109.html,一鸣酒家楼上 上窑,2室1厅,82.98,南 北,35.0,4218
碧桂园精装温馨两房，装修保养好，可拎包入住,https://huangshi.lianjia.com/ershoufang/104107911356.html,碧桂园 老城区,2室2厅,95.0,南,60.0,6316
市中芯闹市成熟大小区 大两房 南北通透 采光通风好,https://huangshi.lianjia.com/ershoufang/104107908792.html,黄石大道 沈家营,2室2厅,90.92,南 北,55.0,6050
此房满两年，电梯高层，采光充足，精装修，可拎包入住,https://huangshi.lianjia.com/ershoufang/104106890302.html,花湖开发区香槟印象 万达,2室2厅,98.45,南,62.9,6390
宏维人家，130平带露台和入户花园,https://huangshi.lianjia.com/ershoufang/104106399561.html,宏维人家 新城区,3室2厅,133.7,南 北,90.0,6732
新华书店楼上，方型方正，武商20米，交通方便,https://huangshi.lianjia.com/ershoufang/104105099066.html,交通路146号 武商,2室2厅,74.0,西,38.0,5136
万达商圈 优质毛坯 采光好 户型好 满五税费低,https://huangshi.lianjia.com/ershoufang/104105520332.html,天方百花園 万达,3室2厅,140.0,南 北,72.0,5143
毛坯大三房 电梯高层 看房有钥匙！！,https://huangshi.lianjia.com/ershoufang/104106421913.html,紫金花城 花湖,3室2厅,121.39,南,66.0,5438
天方大型小区。精装大三房，，，，，,https://huangshi.lianjia.com/ershoufang/104107148721.html,天方百花園 万达,3室2厅,116.0,东南,62.0,5345
此房是万达华府电梯中层，全新毛坯，配套齐全,https://huangshi.lianjia.com/ershoufang/104107549127.html,万达华府 万达,3室2厅,125.1,南,93.0,7435
诚心出售 电梯高层 通透户型 满二税费低 看房有钥匙！,https://huangshi.lianjia.com/ershoufang/104106772974.html,三江共和城 万达,3室2厅,115.0,南 北,66.0,5740
阳光新干线 电梯洋房 好楼层 满两年 通透户型,https://huangshi.lianjia.com/ershoufang/104106809497.html,阳光新干线 团城山,3室2厅,104.0,西南,61.0,5866
此房 精装修~拎包入住~采光*好~~~,https://huangshi.lianjia.com/ershoufang/104103869409.html,东方装饰城 万达,2室2厅,82.7,东南,41.0,4958
此房满五唯一 户型通透 价格低 均价才3700,https://huangshi.lianjia.com/ershoufang/104105238269.html,中窑湾社区 上窑,4室2厅,147.9,东,55.0,3719
雨润附J精装三房，户型采光好，带露台，证满五唯一,https://huangshi.lianjia.com/ershoufang/104107250521.html,天怡嘉园 新城区,3室2厅,114.59,南,58.0,5062
广场路101号 2室1厅 南 北,https://huangshi.lianjia.com/ershoufang/104107288106.html,广场路101号 市中心,2室1厅,58.0,南 北,37.0,6380
王家湾路口低层大两房，满五唯一，可贷款,https://huangshi.lianjia.com/ershoufang/104107579600.html,王家湾105号 上窑,2室1厅,73.91,东南,35.0,4736
小区环境好，离二中近，好出租，电梯中层，居家养老。,https://huangshi.lianjia.com/ershoufang/104105643411.html,琥珀山庄小区 团城山,2室1厅,90.0,东南,60.0,6667
延安路中山。十四中，三房，满五税费低！,https://huangshi.lianjia.com/ershoufang/104106359701.html,延安路6号 万达,3室1厅,88.48,南 北,39.8,4499
此房满二年 房产证在手 房子装修好朝向好出行方便,https://huangshi.lianjia.com/ershoufang/104106727821.html,东方装饰城 万达,2室1厅,82.0,南,40.0,4879
小区环境好，小区内设有健身器材，适合养老,https://huangshi.lianjia.com/ershoufang/104106251788.html,十五冶康宁园 老下陆,2室1厅,56.0,南 北,16.0,2858
万达华府满二双阳台大两房房东诚心出售,https://huangshi.lianjia.com/ershoufang/104105784895.html,万达华府 万达,2室2厅,101.0,南 北,73.0,7228
一品园精装好房，带冷暖空调，产证在手，随时过户,https://huangshi.lianjia.com/ershoufang/104105874377.html,黄石大桥一品園 花湖,2室2厅,91.39,南,65.0,7113
佳美星城 2室2厅 北,https://huangshi.lianjia.com/ershoufang/104107457316.html,佳美星城 万达,2室2厅,95.96,北,66.0,6878
工院二村简装两房，三面采光，房东诚心出售,https://huangshi.lianjia.com/ershoufang/104106202715.html,工院二村 八卦嘴,2室1厅,57.25,南,30.0,5241
八卦嘴都市静苑 精装温馨两房，朝南户型 可以拎包入住,https://huangshi.lianjia.com/ershoufang/104107456405.html,都市静苑 八卦嘴,2室1厅,74.4,南,48.0,6452
万达华府 钻石地段 电梯高层 随时看房 满二年,https://huangshi.lianjia.com/ershoufang/104107740219.html,万达华府 万达,2室1厅,89.8,南,65.0,7239
万达沃尔玛两大商圈精装电梯大两房，保养得当，采光好,https://huangshi.lianjia.com/ershoufang/104106769896.html,银海华山公馆 万达,2室2厅,91.99,西南,54.0,5871
2房 通透 精致小户型满2 看房方便,https://huangshi.lianjia.com/ershoufang/104107258491.html,纺织一路 万达,2室2厅,53.08,南,29.0,5464
此房源成交快欢迎大家来带看 产权清晰,https://huangshi.lianjia.com/ershoufang/104106352210.html,宏维山水明城 团城山,2室1厅,88.0,南,63.8,7250
武商旁边商品电梯房，精装修大两房，业主诚售,https://huangshi.lianjia.com/ershoufang/104105158380.html,大上海广场金桂雅苑 市中心,2室2厅,94.48,东南,85.0,8997
黄石港的首要之地，中山十四中，机关幼儿园，户型好，,https://huangshi.lianjia.com/ershoufang/104107710238.html,黄石大道58号 万达,2室1厅,69.74,南,35.5,5091
此房位于理工大学隔壁，中高楼层，采光很好,https://huangshi.lianjia.com/ershoufang/104106235776.html,闻书苑 团城山,2室1厅,98.0,南,58.0,5919
《城上城》精装修 小3房 视野开阔 看磁湖 看黄荆山景,https://huangshi.lianjia.com/ershoufang/104104844987.html,城上城 团城山,3室2厅,97.0,南,73.0,7526
中山，十四中。步梯大两房，简单装修,https://huangshi.lianjia.com/ershoufang/104106294114.html,青山花园文化大院 沈家营,2室2厅,90.37,南 北,45.0,4980
《琥珀山庄 电梯大2房》南北通透 产证满五年 过户费低,https://huangshi.lianjia.com/ershoufang/104107189058.html,琥珀山庄小区 团城山,2室2厅,100.0,南 北,72.0,7200
《怡康花园 供电小区 小3房》毛坯新房 单位福利 宜居,https://huangshi.lianjia.com/ershoufang/104107608873.html,怡康花园(下陆区) 团城山,3室2厅,109.97,南 北,71.0,6457
香格里拉精装一室一厅  楼梯中层视野开阔！,https://huangshi.lianjia.com/ershoufang/104107061245.html,航宇香格里拉-嘉谷区 花湖,1室1厅,43.0,南 北,28.8,6698
中卫·坑头商厦 2室2厅 东南,https://huangshi.lianjia.com/ershoufang/104107177020.html,中卫·坑头商厦 老城区,2室2厅,97.88,东南,39.9,4077
磁湖南郡，精装大三房，南北通透，可看湖景,https://huangshi.lianjia.com/ershoufang/104105035562.html,磁湖南郡 八卦嘴,3室2厅,118.05,南 北,78.5,6650
万达商圈 金色港湾 电梯湖景房 视野好 满二,https://huangshi.lianjia.com/ershoufang/104107794247.html,金色港湾 楠竹林,3室2厅,118.0,西南,82.0,6950
湖边温馨大三房~三开间朝南!户型拎包入住！,https://huangshi.lianjia.com/ershoufang/104106741809.html,环湖路 八卦嘴,3室2厅,117.39,南 北,36.0,3067
八卦嘴 牧羊湖 电梯大三房 南北通透,https://huangshi.lianjia.com/ershoufang/104107690733.html,水云轩 八卦嘴,3室2厅,130.0,南 北,65.0,5000
黄石港万达商圈精装修大户型附大露台,https://huangshi.lianjia.com/ershoufang/104107243885.html,天方百花園 万达,4室2厅,155.0,南,66.0,4259
团城山杭州西路主干道电梯中层大四房满两年,https://huangshi.lianjia.com/ershoufang/104107402212.html,卫生人才公寓 团城山,4室2厅,164.0,南,98.8,6025
顺佳四季花城电梯中层，精装四房，学 校在小区门口。,https://huangshi.lianjia.com/ershoufang/104107777486.html,顺佳四季花城 万达,4室2厅,140.0,南 北,76.0,5429
江天世纪苑 3室2厅 南,https://huangshi.lianjia.com/ershoufang/104107622074.html,江天世纪苑 武商,3室2厅,144.75,南,110.0,7600
电梯中层 毛坯三房 采光好无遮挡,https://huangshi.lianjia.com/ershoufang/104104090490.html,佳美星城 万达,3室2厅,121.44,南,70.0,5765
.桂花湾广场.配套完善.交通便利,https://huangshi.lianjia.com/ershoufang/104106214903.html,顺佳花苑 楠竹林,3室1厅,107.9,南,50.0,4634
两室两厅一厨一卫户型方正电梯中层全朝南无遮挡板式楼,https://huangshi.lianjia.com/ershoufang/104106653970.html,美鑫·锦绣华庭 团城山,2室2厅,81.3,南,37.7,4638
磁湖一线精装湖景房拎包入住价格美丽,https://huangshi.lianjia.com/ershoufang/104107682165.html,黄石公園 楠竹林,4室2厅,157.0,南,106.0,6752
武铁苑 4室2厅 东南,https://huangshi.lianjia.com/ershoufang/104107795622.html,武铁苑 团城山,4室2厅,153.97,东南,100.0,6495
大冶市政府家属区 3室2厅 东南,https://huangshi.lianjia.com/ershoufang/104107315734.html,大冶市政府家属区 老城区,3室2厅,97.9,东南,43.0,4393
滨湖小校付近三房，全屋装修保养如新，直接拎包入住！,https://huangshi.lianjia.com/ershoufang/104107538563.html,城建湖景花园 新城区,3室2厅,136.0,南,88.0,6471
适合一家人温馨3房，朝南户型，交通便利,https://huangshi.lianjia.com/ershoufang/104107763436.html,紫竹花园 老下陆,3室2厅,115.29,东南,36.0,3123
大上海旁，满五唯一，税费低，采光好，交通便利,https://huangshi.lianjia.com/ershoufang/104107747828.html,江天世纪苑 武商,2室1厅,81.0,东南,37.0,4568
大 两 房 湿 地 公 园 旁 居 家 首 选,https://huangshi.lianjia.com/ershoufang/104107098567.html,金广厦·未来城 团城山,2室2厅,94.0,南,47.0,5000
市内摩尔城旁 歌舞团大院 满五唯一  可贷款 采光好,https://huangshi.lianjia.com/ershoufang/104107634561.html,武汉路42号 市中心,2室2厅,83.58,东南,42.0,5026
银海华山公馆 2室2厅 东南,https://huangshi.lianjia.com/ershoufang/104107183213.html,银海华山公馆 万达,2室2厅,93.16,东南,56.0,6012
电梯复式楼，房东诚心卖，看房方便,https://huangshi.lianjia.com/ershoufang/104107779640.html,龙湾一品 团城山,4室2厅,164.45,南,90.0,5473
此房位置好，楼层好，通透性好，离湖边近。,https://huangshi.lianjia.com/ershoufang/104107607755.html,澄月社区 八卦嘴,2室1厅,57.38,东南,33.8,5891
阳光水岸装修大二房小区环境优雅地段成熟交通便利,https://huangshi.lianjia.com/ershoufang/104107827024.html,阳光水岸 团城山,2室2厅,103.5,南,62.0,5991
八卦嘴好地段，出行方便........,https://huangshi.lianjia.com/ershoufang/104107729336.html,都市静苑 八卦嘴,2室1厅,67.34,南 北,46.0,6832
陈家湾湖边好地段  精装两房  满五唯一  可拎包入住,https://huangshi.lianjia.com/ershoufang/104107760847.html,电缆厂小区 八卦嘴,2室2厅,67.65,南 北,37.0,5470
万达商圈 毛坯 三房 急售 满二 看房有钥匙,https://huangshi.lianjia.com/ershoufang/104107475545.html,江泰春岸 花湖,3室2厅,98.34,南,58.0,5898
采光好，视野开阔，交通出行便利,https://huangshi.lianjia.com/ershoufang/104107426229.html,沿湖路 八卦嘴,2室2厅,81.85,南,29.0,3544
万达旁精装小两房 户型采光好  对口,https://huangshi.lianjia.com/ershoufang/104107794508.html,金港明珠小区 万达,2室2厅,84.25,南,74.0,8784
黄石国贸电梯中层，双阳台、好朝向户型方正,https://huangshi.lianjia.com/ershoufang/104102901530.html,黄石国贸 市中心,3室2厅,141.65,东 西北,112.0,7907
楼梯大三房  采光好   简装可拎包入住,https://huangshi.lianjia.com/ershoufang/104104608372.html,永安里小区 市中心,3室2厅,98.86,东南,45.0,4552
加泰金海岸 3室1厅 东,https://huangshi.lianjia.com/ershoufang/104105542159.html,加泰金海岸 新城区,3室1厅,121.4,东,75.0,6178
玻璃瓶厂 3室2厅 南,https://huangshi.lianjia.com/ershoufang/104107724358.html,玻璃瓶厂 老城区,3室2厅,98.0,南,41.0,4184
两湖天地 3室2厅 南 北,https://huangshi.lianjia.com/ershoufang/104107681128.html,两湖天地 老城区,3室2厅,121.5,南 北,78.0,6420
此房在牧羊湖水机路边华森牧羊春城小区。,https://huangshi.lianjia.com/ershoufang/104105814792.html,华森牧羊春城 八卦嘴,3室2厅,98.75,南,49.0,4963
香格里拉家园 3室2厅 东南,https://huangshi.lianjia.com/ershoufang/104107729681.html,香格里拉家园 新城区,3室2厅,120.0,东南,58.0,4834
房子是朝南的户型，楼层好，视野开阔，交通便利,https://huangshi.lianjia.com/ershoufang/104104602130.html,奥山星城 黄金山,4室2厅,142.7,南 北,60.0,4205
电梯大三房，产证满二，精装修，拎包入住,https://huangshi.lianjia.com/ershoufang/104107157611.html,中卫水云馨苑 楠竹林,3室2厅,131.0,东南,93.0,7100
小城故事3-2-1-2 92.00m² 35 万,https://huangshi.lianjia.com/ershoufang/104107538226.html,小城故事 花湖,3室2厅,92.0,南 北,35.0,3805
未二精装修 朝南对湿地公园两房电梯低层。。。。。。,https://huangshi.lianjia.com/ershoufang/104106049901.html,金广厦·未来城 团城山,2室2厅,84.0,南,53.0,6310
户型好楼层好采光好装修好温馨两房,https://huangshi.lianjia.com/ershoufang/104107395409.html,大上海广场玉兰雅苑 武商,2室2厅,72.0,南 北,63.0,8750
八卦嘴都市静苑 精装温馨两房，朝南户型 可以拎包入住,https://huangshi.lianjia.com/ershoufang/104107620680.html,都市静苑 八卦嘴,2室1厅,74.4,南,46.0,6183
小区环境好，居家陪读两房总价低。生活配套完善。,https://huangshi.lianjia.com/ershoufang/104107513387.html,琥珀山庄小区 团城山,2室2厅,82.1,南,58.0,7065
磁湖旁  楼梯中层 公摊少  朝南两房,https://huangshi.lianjia.com/ershoufang/104107743323.html,周家巷 八卦嘴,2室2厅,76.64,南 北,28.0,3654
华瑞南岸星城大两房，采光好，2室2厅朝南户型,https://huangshi.lianjia.com/ershoufang/104106405706.html,华瑞南岸星城 八卦嘴,2室2厅,99.06,南,61.9,6249
万达商圈.金福园.满五唯一.94平63万.南北通透.,https://huangshi.lianjia.com/ershoufang/104107611114.html,天虹金福园 万达,2室2厅,93.47,南 北,63.0,6741
延安路6号 2室2厅 南 北,https://huangshi.lianjia.com/ershoufang/104107696752.html,延安路6号 万达,2室2厅,87.75,南 北,49.8,5676
电梯中间楼层，采光好，户型方正，小区配套设施齐全。,https://huangshi.lianjia.com/ershoufang/104107729303.html,天域·名流天地 团城山,2室2厅,105.17,南,71.6,6809
房主诚心卖房，楼层好，采光好，房主预约看房,https://huangshi.lianjia.com/ershoufang/104106558318.html,芜湖路11号 市中心,2室1厅,84.43,南,35.0,4146
上窑江景房，满五唯一，南北通透，采光好,https://huangshi.lianjia.com/ershoufang/104107656467.html,黄石大道411号 上窑,2室1厅,84.54,南 北,37.0,4377
市内汇龙大厦 精装电梯房 一室一厅 拎包即住,https://huangshi.lianjia.com/ershoufang/104106164661.html,汇龙大厦 市中心,1室1厅,45.0,西北,33.0,7334
万达商圈江泰春岸精装电梯大两房朝向好采光佳,https://huangshi.lianjia.com/ershoufang/104107776661.html,江泰春岸 花湖,2室2厅,95.0,南 北,60.0,6316
精装两房，低楼层，万达商圈，生活方便,https://huangshi.lianjia.com/ershoufang/104107251964.html,都市村庄 万达,2室2厅,92.67,东南,50.0,5396
两湖天下精装3房，落地窗，视野开阔，即买即住。,https://huangshi.lianjia.com/ershoufang/104106997925.html,两湖天下 老城区,3室2厅,107.74,南 北,65.0,6034
黄石港万达商圈 安全小区 交通便利 公摊小,https://huangshi.lianjia.com/ershoufang/104107796712.html,黄石交投集团 花湖,2室2厅,91.82,南,40.0,4357
延安路5号院 2室2厅 两房朝南 ，楼梯三楼,https://huangshi.lianjia.com/ershoufang/104107842520.html,延安路5号院 万达,2室1厅,60.0,南,35.0,5834
银海华山公馆 3室2厅 南 北,https://huangshi.lianjia.com/ershoufang/104107871505.html,银海华山公馆 万达,3室2厅,117.8,南 北,74.0,6282
2016年新小区，新装修保养可以领包入住，诚意出售,https://huangshi.lianjia.com/ershoufang/104107943970.html,磁湖南郡 八卦嘴,1室1厅,50.0,东南,32.0,6400
房子南北户型，采光好，配套设施齐，全交通便利,https://huangshi.lianjia.com/ershoufang/104107921227.html,雅兴花园 新城区,3室2厅,98.0,南,45.0,4592
滨都丽园 3室2厅 南,https://huangshi.lianjia.com/ershoufang/104107894907.html,滨都丽园 花湖,3室2厅,102.0,南,36.0,3530
武商商圈，购物方便。大户型，价格优惠。,https://huangshi.lianjia.com/ershoufang/104107923304.html,万利大厦 武商,4室2厅,160.28,南,125.0,7799
天方百花园毛坯大4房南北双阳台，满五年,https://huangshi.lianjia.com/ershoufang/104107857888.html,天方百花園 万达,4室2厅,162.38,南,82.0,5050
湖景花园《4房毛坯，南北通透，视野佳》,https://huangshi.lianjia.com/ershoufang/104101271472.html,明盛湖景花园 团城山,4室2厅,198.0,南 北,129.0,6516
万达商圈博雅怡景花城楼梯大三房诚心出售,https://huangshi.lianjia.com/ershoufang/104107903659.html,博雅怡景花城 万达,3室2厅,137.8,南,72.0,5225
港发龙园 3室2厅 南 北,https://huangshi.lianjia.com/ershoufang/104107935644.html,港发龙园 花湖,3室2厅,123.51,南 北,65.0,5263
扬子玉龙湾电梯大三房小区环境优美单价便宜,https://huangshi.lianjia.com/ershoufang/104107942311.html,扬子玉龙湾 团城山,3室2厅,137.15,南,92.0,6708
满两年低税费的毛坯大三房 房东诚心出售 看中价格可谈,https://huangshi.lianjia.com/ershoufang/104107291192.html,中卫水云馨苑 楠竹林,3室2厅,127.96,东南,84.9,6635
冶电二村 2室2厅 东南,https://huangshi.lianjia.com/ershoufang/104107845882.html,冶电二村 沈家营,2室2厅,72.67,东南,28.0,3854
市内简装电梯房业主降价诚心出售,https://huangshi.lianjia.com/ershoufang/104107926636.html,威伊盛 市中心,2室1厅,63.69,东北,50.0,7851
就在马路旁边，卧室很安静，进出方便,https://huangshi.lianjia.com/ershoufang/104102489531.html,三江共和城 万达,3室2厅,137.0,南 北,83.0,6059
师院路自来水住宅小区 两室简装 视野开阔闹中取静,https://huangshi.lianjia.com/ershoufang/104107940744.html,师院路 沈家营,2室1厅,80.64,南,32.0,3969
七中旁水云馨苑电梯精装大3房拎包住，证满2带入户花园,https://huangshi.lianjia.com/ershoufang/104107913725.html,中卫水云馨苑 楠竹林,3室1厅,130.59,南,85.0,6509
"du中山,生活便利，拎包入住，养老好房",https://huangshi.lianjia.com/ershoufang/104107935207.html,爱佳雅苑 万达,2室2厅,103.53,南,58.0,5603
紫金花城毛坯大三房，电梯高层户型方正采光好,https://huangshi.lianjia.com/ershoufang/104103086256.html,紫金花城 花湖,3室2厅,133.92,南,82.7,6176
紫金花城毛坯*大三房，房东诚心出售，价格可谈,https://huangshi.lianjia.com/ershoufang/104103086331.html,紫金花城 花湖,3室2厅,127.9,东南,82.0,6412
一线湖景房 高档小区  全明户型,https://huangshi.lianjia.com/ershoufang/104107917387.html,佳木景湖丽园 楠竹林,5室2厅,204.1,南,139.0,6811
黄石大桥一品園 4室2厅 南 北,https://huangshi.lianjia.com/ershoufang/104107942517.html,黄石大桥一品園 花湖,4室2厅,134.2,南 北,98.0,7303
磁湖地段坐北朝南，户型好，小区绿化好，采光充足,https://huangshi.lianjia.com/ershoufang/104107954578.html,航宇仁智山水 楠竹林,5室3厅,208.73,南,160.0,7666
绿城玉兰花园电梯精装修三房，满二税费低！,https://huangshi.lianjia.com/ershoufang/104107957557.html,黄石绿城玉兰花园 万达,3室1厅,110.98,南 北,99.8,8993
杭州公馆毛坯大三房，中层楼层，采光户型独特,https://huangshi.lianjia.com/ershoufang/104103471709.html,杭州公馆 团城山,3室2厅,122.0,南,82.0,6722
杭州西路主干道与白马路交汇天域名流 两室两厅一厨卫,https://huangshi.lianjia.com/ershoufang/104106379174.html,天域·名流天地 团城山,2室2厅,98.88,南,70.0,7080
满五唯一，税费低，交通方便， 生活便利,https://huangshi.lianjia.com/ershoufang/104102644749.html,石榴园 团城山,3室2厅,93.74,南 北,53.0,5654
《美地金城阳光里》电梯大3房 户型方正 毛坯,https://huangshi.lianjia.com/ershoufang/104102745561.html,美地金城阳光里 黄金山,3室2厅,122.09,南,48.0,3932
《美地金城阳光里》电梯大3房 户型方正 毛坯,https://huangshi.lianjia.com/ershoufang/104102745561.html,美地金城阳光里 黄金山,3室2厅,122.09,南,48.0,3932
江天凤凰山庄精装修两房出售，小区物业好，楼间距大,https://huangshi.lianjia.com/ershoufang/104101881442.html,江天凤凰山庄 团城山,2室2厅,94.0,南,64.0,6809
复式楼，采光好，得房率高，居住环境好，配套齐全。,https://huangshi.lianjia.com/ershoufang/104105662081.html,至尊门第 团城山,4室2厅,179.85,南,90.0,5005
好小区内好楼层的好户型，房东诚心卖，人民广场对过,https://huangshi.lianjia.com/ershoufang/104101868733.html,扬子尚居 团城山,2室2厅,105.06,东,82.0,7806
威尼斯dm天然气小区 带入室花园 满五唯一 视野开阔,https://huangshi.lianjia.com/ershoufang/104103184527.html,东方太阳城 花湖,4室2厅,115.19,南 北,60.0,5209
理工大学隔壁，低楼层，交通便利，毛坯可随意装修。,https://huangshi.lianjia.com/ershoufang/104103009836.html,闻书苑 团城山,3室2厅,131.74,南,75.5,5731
电梯房低楼层三房两厅两卫双阳台大三房视野开阔！满二,https://huangshi.lianjia.com/ershoufang/104103354139.html,美鑫·锦绣华庭 团城山,3室2厅,124.0,西南 北,65.0,5242
此房位于老下陆神牛路，楼梯高层采光充足,https://huangshi.lianjia.com/ershoufang/104102655412.html,神牛路20号 老下陆,2室2厅,79.22,南 北,18.0,2273
锦绣华庭电梯高层，三房毛坯随心装修，户型方正无遮,https://huangshi.lianjia.com/ershoufang/104104871960.html,美鑫·锦绣华庭 团城山,3室2厅,100.7,东南,53.0,5264
新西南二期毛坯电梯高层南北通透四房钥匙在手满二,https://huangshi.lianjia.com/ershoufang/104103614158.html,新西南国际花园 团城山,4室2厅,137.24,南 北,78.0,5684
电梯高层 大三房 三面采光 视野好无遮挡 近居然之家,https://huangshi.lianjia.com/ershoufang/104102149830.html,美鑫·锦绣华庭 团城山,4室2厅,125.88,南 北,68.0,5402
磁湖湖景大四房户型方正税费低价格可谈,https://huangshi.lianjia.com/ershoufang/104106995858.html,黄石公園 楠竹林,4室2厅,168.74,南,138.0,8179
电梯3房 户型好 采光好 诚心出售,https://huangshi.lianjia.com/ershoufang/104102599032.html,阳光新干线 团城山,3室2厅,104.78,南,54.0,5154
白马山小区电梯大两房，两梯三户，小区环境好,https://huangshi.lianjia.com/ershoufang/104101752835.html,白马山小区 团城山,2室2厅,107.94,南,72.0,6671
京华路 4室1厅 南 北,https://huangshi.lianjia.com/ershoufang/104107831822.html,京华路 武商,4室1厅,155.42,南 北,90.0,5791
万达写字楼 1室1厅 东南,https://huangshi.lianjia.com/ershoufang/104107882793.html,万达写字楼 万达,1室1厅,109.07,东南,66.0,6052
老虎头小xue后面，全朝南采光很好，小区醉低,https://huangshi.lianjia.com/ershoufang/104107830692.html,都市村庄 万达,2室2厅,96.87,东南 南,45.0,4646
天方百花园三期 双阳台+房间阳台 朝南户型 诚心出售,https://huangshi.lianjia.com/ershoufang/104107871865.html,天方百花園 万达,2室2厅,95.85,南,59.0,6156
颐阳路30号院 2室1厅 西,https://huangshi.lianjia.com/ershoufang/104107928822.html,颐阳路30号院 武商,2室1厅,69.81,西,39.0,5587
成熟老小区，配套齐全，交通便利，税费低。,https://huangshi.lianjia.com/ershoufang/104107831030.html,华新小区 团城山,2室2厅,86.21,南,29.0,3364
繁华地段精装修三房、视野宽阔、采光充足,https://huangshi.lianjia.com/ershoufang/104107853276.html,江天金色华邸 市中心,3室2厅,117.24,南,103.0,8786
阳光花城新领地3-2-1-2 130.00m² 70 万,https://huangshi.lianjia.com/ershoufang/104107871313.html,阳光花城新领地 万达,3室2厅,133.47,东,70.0,5245
东方装饰城静装修拎包入住大三房,https://huangshi.lianjia.com/ershoufang/104107898110.html,东方装饰城 万达,3室2厅,107.56,南,63.0,5858
团城山万达广场旁电梯中层大五房，前后无遮挡采光充足,https://huangshi.lianjia.com/ershoufang/104107833565.html,安佳凤凰城 团城山,5室2厅,166.65,南 北,95.0,5701
小区背山面湖，自然风景很好，小区人车分流 湖景很好,https://huangshi.lianjia.com/ershoufang/104105764982.html,航宇仁智山水 楠竹林,4室2厅,149.8,南,160.0,10681
交通路 3室1厅 东南,https://huangshi.lianjia.com/ershoufang/104107958004.html,交通路 武商,3室1厅,124.72,东南,98.0,7858
宏维星都精装大三房满二年 带装修88万 钥匙在手随时看,https://huangshi.lianjia.com/ershoufang/104107958764.html,宏维·星都 团城山,3室2厅,117.0,南,88.0,7522
玉龙湾平层大户型，户型通透，双阳台视野好,https://huangshi.lianjia.com/ershoufang/104102455902.html,扬子玉龙湾 团城山,5室2厅,178.0,南,165.0,9270
团城山电梯大五房，房东诚心出售，钥匙在手看房方便。,https://huangshi.lianjia.com/ershoufang/104103725830.html,安佳凤凰城 团城山,5室2厅,166.5,南,94.0,5646
枇杷山小区 8室3厅 南 北,https://huangshi.lianjia.com/ershoufang/104106124753.html,枇杷山小区 沈家营,8室3厅,184.58,南 北,125.0,6773
房子是满五唯一，婚房装修，户型方正，采光充足,https://huangshi.lianjia.com/ershoufang/104107935595.html,太子湾 八卦嘴,2室2厅,72.86,南,35.0,4804
黄石公园大门正旁边，前排一线湖景房，大2房楼层好。,https://huangshi.lianjia.com/ershoufang/104107921731.html,磁湖路37号 楠竹林,2室2厅,80.1,南,42.0,5244
白小陪Du，证在手！白马山小区，交通便利,https://huangshi.lianjia.com/ershoufang/104107966723.html,白马山小区 团城山,3室2厅,135.3,南,98.0,7244
居然中高楼层，中间楼栋，阳光太好。,https://huangshi.lianjia.com/ershoufang/104107916880.html,居然悦隽大都会 团城山,3室2厅,112.0,南,75.0,6697
江泰春岸 3室2厅 东南,https://huangshi.lianjia.com/ershoufang/104107922358.html,江泰春岸 花湖,3室2厅,110.6,东南,83.0,7505
天方百花園 5室1厅 东南,https://huangshi.lianjia.com/ershoufang/104107918245.html,天方百花園 万达,5室1厅,139.0,东南,86.0,6188
江泰春岸 3室2厅 东南,https://huangshi.lianjia.com/ershoufang/104107922195.html,江泰春岸 花湖,3室2厅,110.6,东南,83.0,7505
仁智山水磁湖美景，中高楼层，阳光好，视野开阔。,https://huangshi.lianjia.com/ershoufang/104107911169.html,仁智山水二期 楠竹林,3室2厅,137.0,南,135.0,9855
三江共和城 3室1厅 南,https://huangshi.lianjia.com/ershoufang/104107902775.html,三江共和城 万达,3室1厅,91.01,南,53.0,5824
万达公寓 1室1厅 西南,https://huangshi.lianjia.com/ershoufang/104107959973.html,万达公寓 万达,1室1厅,45.0,西南,25.5,5667
博雅丽都 2室1厅 东 南,https://huangshi.lianjia.com/ershoufang/104107954796.html,博雅丽都 万达,2室1厅,96.01,东 南,95.0,9895
万达华府电梯高层精装修两房，带地暖,https://huangshi.lianjia.com/ershoufang/104107950558.html,万达华府 万达,2室1厅,89.32,南 北,82.0,9181
此房满五税费低，户型方正无遮挡采光好,https://huangshi.lianjia.com/ershoufang/104101721377.html,渝鄂光福苑 万达,3室2厅,146.07,南 北,59.0,4040
黄石港人事局宿舍，出行方便，经典好房,https://huangshi.lianjia.com/ershoufang/104106879220.html,黄石港人事局小区 万达,3室2厅,127.83,南 北,66.0,5164
"怡康花园供电局福利房，物业好，公摊小,建筑品质高",https://huangshi.lianjia.com/ershoufang/104101303046.html,怡康花园(下陆区) 团城山,3室2厅,148.0,南,120.0,8109
湖景毛坯房满二，户型好朝向好。。。。,https://huangshi.lianjia.com/ershoufang/104104114195.html,黄石公園 楠竹林,2室2厅,100.3,南,85.0,8475
万达商圈实惠三房房东诚心卖寻找有缘人,https://huangshi.lianjia.com/ershoufang/104101513126.html,天虹小区 万达,3室2厅,106.0,南,45.0,4246
天方百花园楼梯  装修三房 三面采光,https://huangshi.lianjia.com/ershoufang/104101854152.html,天方百花園 万达,3室2厅,115.0,南,61.5,5348
武汉路数码广场大三房诚心出售。,https://huangshi.lianjia.com/ershoufang/104102668759.html,数码广场 市中心,3室2厅,115.2,南,67.5,5860
经济适用、环境好、税费低、龙湾小区的好房子,https://huangshi.lianjia.com/ershoufang/104105459742.html,武铁苑 团城山,3室2厅,128.11,南,82.0,6401
湖滨大道 二楼  边户 证齐 靠湖边 老人住 办公都 可,https://huangshi.lianjia.com/ershoufang/104107093040.html,南岳社区 沈家营,3室2厅,88.34,南 北,45.0,5094
阳光水岸高层湖景房，产证满两年，距离团城山公园步远,https://huangshi.lianjia.com/ershoufang/104107766702.html,阳光水岸 团城山,3室2厅,147.49,南 北,108.0,7323
天方百花园，精装大四房 小区交通，生活方便,https://huangshi.lianjia.com/ershoufang/104106571615.html,天方百花園 万达,4室2厅,157.16,南 北,96.0,6109
香格里拉 一梯两户 南北通透 古典洋房 仅售6200/㎡,https://huangshi.lianjia.com/ershoufang/104107126783.html,航宇香格里拉 花湖,3室2厅,151.89,南 北,95.0,6255
商圈成熟，配套齐全，得房率高，税费低。,https://huangshi.lianjia.com/ershoufang/104103352359.html,武汉路24号 市中心,3室1厅,83.42,东南,45.0,5395
精装大三房，户型方正。自带花园,https://huangshi.lianjia.com/ershoufang/104106308580.html,两宜園 万达,3室2厅,119.31,南,80.0,6706
采光好楼层好地段好温馨大三房一厅一厨一卫,https://huangshi.lianjia.com/ershoufang/104106012191.html,南京路19号 武商,3室1厅,93.87,南,66.0,7032
万达商圈 电梯精装大三房 三开间朝南采光好,https://huangshi.lianjia.com/ershoufang/104105724216.html,银海花苑 万达,3室2厅,133.97,东南,85.0,6345
白马山柯尔山居家陪读3房供电局单位房满2年业主外出,https://huangshi.lianjia.com/ershoufang/104106872163.html,怡康花园(下陆区) 团城山,3室2厅,124.49,南,83.0,6668
天行二期电梯高层，精装修，证件满两年,https://huangshi.lianjia.com/ershoufang/104105526826.html,天行 · 御景庄园 花湖,3室2厅,129.18,南,76.0,5884
