市区华侨新邨中层两房，南向户型，装修新保养好采光好,https://jiangmen.lianjia.com/ershoufang/105109571091.html,华桥新村 鹤山市,2室2厅,81.45,南,18.8,2309
永盛新村~温馨三房两厅~首付13万~有钥匙在手,https://jiangmen.lianjia.com/ershoufang/105109652694.html,永盛村 白沙农林,3室2厅,83.59,南,43.8,5240
时代倾城（鹤山） 3室2厅 南,https://jiangmen.lianjia.com/ershoufang/105109643366.html,时代倾城（鹤山） 鹤山市,3室2厅,109.0,南,83.0,7615
经纬北苑温馨两房，业主诚心出售，带露台！,https://jiangmen.lianjia.com/ershoufang/105109054358.html,经纬花园北苑 鹤山市,2室2厅,66.0,东南 南,38.0,5758
金色海伦湾，大三房，精装出售，高楼层,https://jiangmen.lianjia.com/ershoufang/105108892264.html,金色海伦湾 外海,3室2厅,104.0,西南,130.0,12500
即买即出租 证在手  满5年  交通方便   配套齐全,https://jiangmen.lianjia.com/ershoufang/105107650849.html,南山里 鹤山市,3室2厅,90.22,南,18.0,1996
复式精装带露台坚美园洋房，业主诚心出售,https://jiangmen.lianjia.com/ershoufang/105108220371.html,坚美园 鹤山市,3室2厅,138.41,南,97.0,7009
龙口镇文明路 3室2厅 南,https://jiangmen.lianjia.com/ershoufang/105106377067.html,龙口镇文明路 鹤山市,3室2厅,90.44,南,18.0,1991
市区电梯洋房  单价低  拎包入住 业主诚心出售此房子,https://jiangmen.lianjia.com/ershoufang/105109568203.html,雍逸豪庭 鹤山市,2室2厅,156.7,东南,63.0,4021
碧桂园公园1号柏丽湾 4室2厅 南,https://jiangmen.lianjia.com/ershoufang/105109658606.html,碧桂园公园1号柏丽湾 鹤山市,4室2厅,202.0,南,118.0,5842
此房源采光好，户型靓，带装修业主诚心出售,https://jiangmen.lianjia.com/ershoufang/105109678430.html,保利中央公园 鹤山市,3室2厅,89.0,南,75.0,8427
配大天台笋盘出售中，看房请提前预约时间。,https://jiangmen.lianjia.com/ershoufang/105104217610.html,瑞华苑 外海,3室2厅,97.28,南 北,39.8,4092
碧桂园花岸大四房保养好，朝向通风采光好，低楼层,https://jiangmen.lianjia.com/ershoufang/105109565887.html,花岸 鹤山市,4室2厅,127.11,北,78.0,6137
新华城 中间楼层 小区管理 生活方便 南北对流,https://jiangmen.lianjia.com/ershoufang/105109586948.html,鹤山新华城 鹤山市,4室2厅,125.0,西南,88.0,7040
江门奥园 电梯小区 单价8字头,https://jiangmen.lianjia.com/ershoufang/105109539949.html,江门奥园冠军城 双龙,3室1厅,116.0,南,102.0,8794
汇悦城旁育德安居小区电梯   7楼,https://jiangmen.lianjia.com/ershoufang/105109540487.html,育德安居 育德,3室2厅,74.0,北,49.8,6730
业主是朋友好说话，有车位，上车笋盘.,https://jiangmen.lianjia.com/ershoufang/105109632276.html,东华云景 河南,3室2厅,107.0,东南,95.0,8879
灏景园步梯低楼层，正规三房，阳台望小区,https://jiangmen.lianjia.com/ershoufang/105109640755.html,灏景园 杜阮,3室1厅,92.75,南 北,63.8,6879
碧桂园水畔翠庭大三房 带产权车位,https://jiangmen.lianjia.com/ershoufang/105109645560.html,碧桂园-水畔翠庭 鹤山市,3室2厅,121.6,北,72.0,5922
五邑碧桂园漫绿苑 3室2厅 南 北,https://jiangmen.lianjia.com/ershoufang/105109643871.html,五邑碧桂园漫绿苑 杜阮,3室2厅,90.43,南 北,85.0,9400
和平路 3室2厅 南,https://jiangmen.lianjia.com/ershoufang/105108251624.html,和平路 鹤山市,3室2厅,87.85,南,18.0,2049
房子带装修，保养新净，配套实施齐全，交通便利,https://jiangmen.lianjia.com/ershoufang/105109542017.html,十里方圆―芳菲庭园 鹤山市,5室2厅,188.0,东南,168.0,8937
江右里 2室2厅 南,https://jiangmen.lianjia.com/ershoufang/105109669394.html,江右里 江华港口,2室2厅,89.0,南,45.0,5057
精装修，诚意出售，采光通透，拎包入住,https://jiangmen.lianjia.com/ershoufang/105109633629.html,怡康华庭 北新区,4室2厅,150.21,南,151.0,10053
仓后路 3室1厅 南,https://jiangmen.lianjia.com/ershoufang/105109669287.html,仓后路 白沙农林,3室1厅,69.0,南,33.8,4899
乐民邨中间楼层 单价低，配套成熟,https://jiangmen.lianjia.com/ershoufang/105109668255.html,乐民邨 鹤山市,3室2厅,101.0,南,30.0,2971
总价低两房，带装修，看房方便。,https://jiangmen.lianjia.com/ershoufang/105109630766.html,江海碧桂园 外海,2室2厅,70.0,南,55.0,7858
业主急售，人民西路。户型方正南向！不用补地价！,https://jiangmen.lianjia.com/ershoufang/105105960047.html,人民西路 鹤山市,2室1厅,60.0,南,9.5,1584
育德聚德富康小区中层精装2房2厅91.8方南北入怡福,https://jiangmen.lianjia.com/ershoufang/105106625034.html,富康小区 育德,2室2厅,91.8,南,65.0,7081
城区中楼层靓房，单价低，装修环境好，另带7平方车库,https://jiangmen.lianjia.com/ershoufang/105109606370.html,人民西路 鹤山市,3室2厅,80.0,南,23.5,2938
精装修带90方大平台，楼层靓，全小区Z笋！,https://jiangmen.lianjia.com/ershoufang/105109631176.html,宏盛花园一区 鹤山市,3室2厅,115.0,南,70.8,6157
骑虎东 3室2厅 西南,https://jiangmen.lianjia.com/ershoufang/105109613578.html,骑虎东 中心城区,3室2厅,110.0,西南,59.8,5437
东堤湾花园电梯房，带130方大平台,https://jiangmen.lianjia.com/ershoufang/105109601356.html,东堤湾花园 江华港口,3室2厅,182.0,南,205.0,11264
抛网苑 底层3房2厅 位置好，生活便利,https://jiangmen.lianjia.com/ershoufang/105109614101.html,抛网苑 鹤山市,3室1厅,78.0,东南,30.0,3847
熙悦轩电梯高层非顶毛坯3房2厅93方，视野开阔,https://jiangmen.lianjia.com/ershoufang/105109671108.html,熙悦轩 双龙,3室2厅,93.0,南,105.0,11291
市区步梯南向低层满五唯一 可入户 配套齐全交通便利,https://jiangmen.lianjia.com/ershoufang/105108890307.html,长塘二街 鹤山市,3室2厅,85.64,南,22.0,2569
杏花邨唯一电梯房，楼龄新拧包入住，满五唯一配套齐全,https://jiangmen.lianjia.com/ershoufang/105109081840.html,杏花邨 鹤山市,3室2厅,77.26,南,43.0,5566
保利新城区中高楼层 视野风景好,https://jiangmen.lianjia.com/ershoufang/105107714807.html,保利中央花园中韵 鹤山市,5室2厅,170.0,南,160.0,9412
跃进路大面积四方，每个房间都能采光，无暗房,https://jiangmen.lianjia.com/ershoufang/105107019205.html,跃进路 江华港口,4室2厅,117.0,南,69.0,5898
江北路 4室1厅 南 北,https://jiangmen.lianjia.com/ershoufang/105109244894.html,江北路 良化北街,4室1厅,91.0,南 北,63.0,6924
7300单价 一手交易 即买即入住 带装修,https://jiangmen.lianjia.com/ershoufang/105107433270.html,时代倾城（鹤山） 鹤山市,4室2厅,117.21,南,80.0,6826
7300单价 一手交易 即买即入住 带装修,https://jiangmen.lianjia.com/ershoufang/105107433247.html,时代倾城（鹤山） 鹤山市,4室2厅,115.0,南,80.0,6957
滨江新区 保利中汇花园 毛坯四房电梯中层,https://jiangmen.lianjia.com/ershoufang/105101890858.html,保利·中汇花园二期 滨江新区,4室2厅,122.78,东北,135.0,10996
首付20万买枢纽新城靓小区，环境优美成熟小区现房交付,https://jiangmen.lianjia.com/ershoufang/105109516808.html,南湖壹号 枢纽新城,3室2厅,91.0,东北,95.0,10440
翠湖湾是一个成熟小区，生活配套各方面都齐全,https://jiangmen.lianjia.com/ershoufang/105109525670.html,翠湖湾 河南,3室2厅,111.24,南,74.0,6653
海悦君庭 3室2厅 南 北,https://jiangmen.lianjia.com/ershoufang/105109576890.html,海悦君庭 经济开发,3室2厅,92.0,南 北,88.8,9653
实力房地产 打造一个城市小区 环境优美,https://jiangmen.lianjia.com/ershoufang/105109580833.html,保利·西海岸 经济开发,3室2厅,95.16,南,86.0,9038
跃进路 2室2厅 南,https://jiangmen.lianjia.com/ershoufang/105109595927.html,跃进路 江华港口,2室2厅,70.0,南,33.8,4829
汇悦城旁，复。式！总价低，带装修，拎包入住看房方便,https://jiangmen.lianjia.com/ershoufang/105109553007.html,骏景湾豪庭(蓬江区) 北新区,4室2厅,153.0,南,161.0,10523
松鹤百合苑 2室2厅 西南,https://jiangmen.lianjia.com/ershoufang/105109528619.html,松鹤百合苑 鹤山市,2室2厅,66.34,西南,42.0,6332
滨江新区 范罗岗旁 配套成熟 户型方正,https://jiangmen.lianjia.com/ershoufang/105109544522.html,保利·中宇花园 滨江新区,4室2厅,124.0,东南,148.0,11936
南北对流格局，视野开阔，电梯中层，采光好,https://jiangmen.lianjia.com/ershoufang/105109554604.html,中天国际花园 北新区,3室2厅,133.35,南,149.0,11174
蓬江怡景湾汇悦城100米商圈精装正规3房怡景湾,https://jiangmen.lianjia.com/ershoufang/105109550182.html,胜坚怡景湾 北新区,3室2厅,95.5,北,108.0,11309
育德商圈 业主诚心出售 大露台 视野开阔,https://jiangmen.lianjia.com/ershoufang/105109584906.html,建德街 育德,3室2厅,68.0,南,43.0,6324
朗表里 3室1厅 南,https://jiangmen.lianjia.com/ershoufang/105109592867.html,朗表里 江华港口,3室1厅,73.0,南,36.0,4932
良化新村南 3室1厅 北 南,https://jiangmen.lianjia.com/ershoufang/105109592546.html,良化新村南 良化北街,3室1厅,91.85,北 南,28.8,3136
古镇客户福音  业主诚心出售 中间楼层,https://jiangmen.lianjia.com/ershoufang/105109543011.html,珑山居 外海,3室2厅,110.0,东南,102.0,9273
向南：采光好，通风好，电梯楼层，配套完善,https://jiangmen.lianjia.com/ershoufang/105109605876.html,名门壹号花园 河南,3室2厅,93.0,南,89.8,9656
宏盛花园二区 采光充足 格局通透 明厨明卫,https://jiangmen.lianjia.com/ershoufang/105105707759.html,宏盛花园二区 鹤山市,3室2厅,91.85,东北,43.0,4682
鹤山城芯地段 松鹤广场 居家自住保养好 低价出,https://jiangmen.lianjia.com/ershoufang/105108408169.html,松鹤广场冲尾苑 鹤山市,3室2厅,97.42,南 北,45.0,4620
天河西路 3室2厅 南,https://jiangmen.lianjia.com/ershoufang/105109615289.html,天河西路 双龙,3室2厅,122.6,南,58.0,4731
经纪人【尚光晴】为您推荐了北郊成熟社区的必看好房,https://jiangmen.lianjia.com/ershoufang/105107886866.html,天龙二街 双龙,3室2厅,112.0,南 北,35.0,3125
桥东新村 1室1厅 南,https://jiangmen.lianjia.com/ershoufang/105109669984.html,桥东新村 河南,1室1厅,52.0,南,38.0,7308
鹤山沙坪经纬花园东苑步梯小两房带露台,https://jiangmen.lianjia.com/ershoufang/105108806316.html,经纬花园东苑 鹤山市,2室2厅,68.78,南,30.0,4362
全新装修，户型方正，采光充足，旺中带静,https://jiangmen.lianjia.com/ershoufang/105109634018.html,聚德街 育德,2室2厅,85.0,南 北,61.0,7177
9成新，龙昌路2楼低楼层，好用装修新净、楼下就是邮局,https://jiangmen.lianjia.com/ershoufang/105109682431.html,龙昌路 中心城区,1室2厅,60.0,南,33.8,5634
东湖旁长怡阁小区，四房两厅两卫，满五唯一,https://jiangmen.lianjia.com/ershoufang/105107688979.html,长怡阁 江华港口,4室2厅,151.99,南,78.0,5132
4楼毛坯楼层好，采光好，毛坯可以根据自己的设计装修,https://jiangmen.lianjia.com/ershoufang/105106120359.html,宏盛花园二区 鹤山市,3室2厅,103.19,南,50.0,4846
春晖苑 2室1厅 东南,https://jiangmen.lianjia.com/ershoufang/105109662695.html,春晖苑 白沙农林,2室1厅,96.54,东南,40.0,4144
南北对流格局，高楼层，视野开阔，采光充足,https://jiangmen.lianjia.com/ershoufang/105105086551.html,珠江御景山庄 滨江新区,4室2厅,191.0,南,220.0,11519
保利大都会二期 改善四房 中高楼层 视野无遮挡,https://jiangmen.lianjia.com/ershoufang/105103663964.html,保利·中汇花园二期 滨江新区,4室2厅,125.6,北,140.0,11147
大两房  适合各年龄段人士居住 改动性大,https://jiangmen.lianjia.com/ershoufang/105105641010.html,幸福新村 白沙农林,2室2厅,72.0,南,37.5,5209
房子满五年，售价低。属于市繁华地带，格局方正。,https://jiangmen.lianjia.com/ershoufang/105106365272.html,小范街 鹤山市,3室2厅,94.4,南,19.8,2098
星语中楼层两房 带装修低首付 拎包入住,https://jiangmen.lianjia.com/ershoufang/105109465964.html,碧桂园星语 鹤山市,2室1厅,68.0,东南 西北,38.0,5589
东庆花园健步高层，业主诚意出售,https://jiangmen.lianjia.com/ershoufang/105106612255.html,东庆花园 中心城区,2室2厅,78.87,东 南,48.8,6188
五福三街 全新装修 南北对流 3房,https://jiangmen.lianjia.com/ershoufang/105108598978.html,五福三街 双龙,3室2厅,74.0,南 北,39.8,5379
滨江区双紫茶 毛坯电梯高层 南北对流 望江景园林景,https://jiangmen.lianjia.com/ershoufang/105108187270.html,天悦星院 滨江新区,4室2厅,168.0,南,185.0,11012
迎宾大道西全新精装3房，户型方正，拎包入住,https://jiangmen.lianjia.com/ershoufang/105109284645.html,迎宾大道西 双龙,3室2厅,71.0,东南,46.8,6592
业主诚心出售 喜欢的随时可以看房,https://jiangmen.lianjia.com/ershoufang/105107797568.html,恒大御景半岛 礼乐,3室2厅,75.23,南,65.8,8747
金色海伦湾 精装3房南向  带全屋名品家私电器 9成新,https://jiangmen.lianjia.com/ershoufang/105108840328.html,金色海伦湾 外海,3室2厅,89.0,北,89.0,10000
春华苑 中层 全新装修 拧包入住即可,https://jiangmen.lianjia.com/ershoufang/105108481787.html,春华苑 双龙,3室1厅,82.82,南,52.8,6376
鹤山繁华地段 生活配套完善 总价便宜,https://jiangmen.lianjia.com/ershoufang/105104192170.html,中山路 鹤山市,2室1厅,70.0,南,14.0,2000
梧岗里 3室2厅 南,https://jiangmen.lianjia.com/ershoufang/105107369262.html,梧岗里 江华港口,3室2厅,97.0,南,49.8,5135
满五唯一，简装三房两厅，采光好，业主急售。,https://jiangmen.lianjia.com/ershoufang/105109298188.html,利亨新路21号 外海,3室2厅,99.41,南,35.0,3521
碧桂园星语实用三房，采光好视野开阔,https://jiangmen.lianjia.com/ershoufang/105107318969.html,碧桂园星语 鹤山市,3室2厅,105.0,东南 南,57.0,5429
三房两厅，光线足 ，总价低，业主诚意出售。。,https://jiangmen.lianjia.com/ershoufang/105105530808.html,兴业苑 鹤山市,3室2厅,77.0,南,19.0,2468
怡福苑小区精装3房2厅106方仅售50万正在加装电梯,https://jiangmen.lianjia.com/ershoufang/105108984530.html,怡福苑小区 育德,3室2厅,106.0,南,45.0,4246
大户型高楼层，南北对流，景观好。,https://jiangmen.lianjia.com/ershoufang/105106429707.html,上城铂雍汇 滨江新区,4室2厅,171.0,南 北,183.0,10702
保利一期 带装大3房 通风采光好 南北对流 3阳台,https://jiangmen.lianjia.com/ershoufang/105109346842.html,名冠骏凯豪庭二期 经济开发,3室2厅,121.0,南 北,90.0,7439
鹤山市 经纬东苑 3房2厅2卫 大露台 够五年唯一,https://jiangmen.lianjia.com/ershoufang/105107406382.html,经纬花园东苑 鹤山市,3室2厅,111.69,南 北,50.0,4477
育德东苑小区 正规三房 边楼 56.8万,https://jiangmen.lianjia.com/ershoufang/105108198262.html,育德东苑 育德,3室2厅,76.0,南,53.8,7079
蓬江区    地段好    配套齐,https://jiangmen.lianjia.com/ershoufang/105105552262.html,五福四街小区 双龙,3室2厅,94.0,南,35.7,3798
嘉悦名都 温馨2房 配套齐全 随时可以入住,https://jiangmen.lianjia.com/ershoufang/105103228819.html,嘉悦名都 鹤山市,2室1厅,65.0,南,35.0,5385
凤湾里，步梯中层，配套完善，随时看房,https://jiangmen.lianjia.com/ershoufang/105109460468.html,凤湾里 江华港口,4室0厅,85.0,南,31.8,3742
白沙大道西小区 低楼层 温馨三房 配套成熟 生活便利,https://jiangmen.lianjia.com/ershoufang/105105971155.html,白沙大道西小区 白沙农林,3室2厅,82.62,南,48.8,5907
怡福苑小区 健康步梯    正规三房   户型端正  南向风,https://jiangmen.lianjia.com/ershoufang/105107304000.html,怡福苑小区 育德,3室1厅,100.71,南,43.0,4270
市区中生活便利，单价低，南山里3房，业主诚心出售,https://jiangmen.lianjia.com/ershoufang/105106382252.html,南山里 鹤山市,3室2厅,97.0,东,16.5,1702
全新装修，拧包入住。低首付，总价靓仔,https://jiangmen.lianjia.com/ershoufang/105108422365.html,幸福新村 白沙农林,3室1厅,79.0,南,41.8,5292
新会城区砖仔楼总价只需5字头，享成熟配套,https://jiangmen.lianjia.com/ershoufang/105109043450.html,新会大道中60号 中心城区,3室2厅,92.31,东北,57.0,6175
碧桂园精装三房有大平台，税费低，楼层靓,https://jiangmen.lianjia.com/ershoufang/105109385696.html,碧桂园公园1号 鹤山市,3室2厅,130.0,东南,69.8,5370
良化新村西 步梯健康楼层 楼下幼儿园 精装修,https://jiangmen.lianjia.com/ershoufang/105107004813.html,良化新村西 良化北街,3室2厅,77.45,南,53.8,6947
五福街2楼 全新装修4房 南北对流 即买即入住,https://jiangmen.lianjia.com/ershoufang/105107037495.html,五福二街 双龙,4室2厅,98.0,东南,59.8,6103
业主急售，配套完善，楼下就是市场,https://jiangmen.lianjia.com/ershoufang/105109034116.html,乐民邨 鹤山市,2室2厅,79.34,南,16.6,2093
帝豪尚品汇中层，毛坯大三房，小区管理，,https://jiangmen.lianjia.com/ershoufang/105109136367.html,帝豪·尚品汇广场 双龙,3室2厅,92.0,南,94.0,10218
江海碧桂园 精装三房两厅两卫 中间楼层 采光好,https://jiangmen.lianjia.com/ershoufang/105107454409.html,江海碧桂园 外海,3室2厅,90.44,南,89.0,9841
柏丽湾，精装三房。另有产权车位,https://jiangmen.lianjia.com/ershoufang/105108215133.html,碧桂园公园1号柏丽湾 鹤山市,3室2厅,102.0,南,70.0,6863
新华城4房亏本出售，电梯高层视野无遮挡，配套成熟,https://jiangmen.lianjia.com/ershoufang/105105956839.html,鹤山新华城 鹤山市,4室2厅,124.4,北,89.0,7155
保利云海少有现房小3房，7字有买江边电梯洋房！好风景,https://jiangmen.lianjia.com/ershoufang/105107347143.html,名冠骏凯豪庭二期 经济开发,3室1厅,75.42,南,58.0,7691
该房子南北对流，空气流通性好，采光性好,https://jiangmen.lianjia.com/ershoufang/105108177356.html,秀丽轩 白沙农林,3室2厅,90.0,南 北,68.0,7556
电梯洋房，精装，拎包入住，价钱优惠,https://jiangmen.lianjia.com/ershoufang/105108781078.html,泮海蓝湾一期 双龙,3室2厅,98.48,南,86.8,8814
小区环境优美.配套齐全.居住良好，小区干净,https://jiangmen.lianjia.com/ershoufang/105109502958.html,保利中央花园中嘉 鹤山市,4室2厅,137.56,南,122.0,8869
坚美园中层两房两厅，装修很新，,https://jiangmen.lianjia.com/ershoufang/105105260388.html,坚美园 鹤山市,2室2厅,78.0,南,60.0,7693
鹤山广场东华邨 中高层洋房 望鹤华操场 新装修没入住,https://jiangmen.lianjia.com/ershoufang/105108303547.html,东华村 鹤山市,3室1厅,79.46,南,30.8,3877
汇悦城商圈！农林双朗！户型方正！南向毛坯 ！无欠款,https://jiangmen.lianjia.com/ershoufang/105108929707.html,江门奥园冠军城 双龙,3室2厅,95.0,南,97.2,10232
良化新村西低层三房，业主急售，产权清晰，正常过户,https://jiangmen.lianjia.com/ershoufang/105108600410.html,良化新村西 良化北街,3室2厅,82.0,南,45.8,5586
益华后面精装大三房 有钥匙看房 随时交易,https://jiangmen.lianjia.com/ershoufang/105108336680.html,金汇豪庭 北新区,3室2厅,121.64,东北,125.0,10277
保利西海岸君湖轩中层毛坯大面积4房，江墅双景洋房,https://jiangmen.lianjia.com/ershoufang/105108954124.html,名冠骏凯豪庭二期 经济开发,4室2厅,113.18,南 北,80.36,7101
业主诚心出售    健康楼层     采光好,https://jiangmen.lianjia.com/ershoufang/105107043776.html,育德西小区 育德,3室2厅,93.58,南 东南,51.0,5450
良化西3楼3房南向，北街，培英  西江,https://jiangmen.lianjia.com/ershoufang/105108744516.html,良化新村西 良化北街,3室1厅,80.0,南,53.0,6625
财富广场3房2厅     62万,https://jiangmen.lianjia.com/ershoufang/105108269124.html,财富广场 鹤山市,3室2厅,110.92,东南,60.0,5410
实用率高 南北对流3房2卫 里仁旁 帝豪尚品汇 方便看房,https://jiangmen.lianjia.com/ershoufang/105109195753.html,帝豪·尚品汇广场 双龙,3室2厅,82.0,北,83.8,10220
小区管理，全新精装，拎包入住，婚房之选,https://jiangmen.lianjia.com/ershoufang/105108902122.html,春晖苑 白沙农林,3室2厅,81.93,南,51.8,6323
新华城刚需两房 高楼层 采光好,https://jiangmen.lianjia.com/ershoufang/105105717964.html,鹤山新华城 鹤山市,2室2厅,74.0,南,53.0,7163
保利·西海岸 4室2厅 南 北,https://jiangmen.lianjia.com/ershoufang/105109116414.html,保利·西海岸 经济开发,4室2厅,125.0,南 北,98.9,7912
无遮挡采光好，南北对流，位置好配套完善。,https://jiangmen.lianjia.com/ershoufang/105107597371.html,明泰城 府西,4室2厅,124.0,南 北,118.0,9517
天河西路，精装大四房，即可拎包入住！！,https://jiangmen.lianjia.com/ershoufang/105109194280.html,天河西路 双龙,4室2厅,124.0,南,62.0,5000
精装修，带家私电器，电梯靓楼层。,https://jiangmen.lianjia.com/ershoufang/105108703595.html,东华大厦 江华港口,3室1厅,116.0,东,73.8,6363
满五唯一  南北对流带天台 旺中带静 舒适宜居,https://jiangmen.lianjia.com/ershoufang/105109527419.html,聚龙里小区 江华港口,2室2厅,68.0,南,20.0,2942
明月清泉别墅位置靓位于中轴花园隔壁家私家电齐全,https://jiangmen.lianjia.com/ershoufang/105105205127.html,明月清泉 鹤山市,4室2厅,180.0,东南,193.0,10723
笋！单价8100！汇悦城旁！电梯中层！毛坯对流双阳台！,https://jiangmen.lianjia.com/ershoufang/105107235743.html,紫茵庭园 北新区,4室2厅,178.0,东南,138.8,7798
圣廷苑 复式 实用面积大 生活配套完善,https://jiangmen.lianjia.com/ershoufang/105107657058.html,圣廷苑 白沙农林,5室3厅,235.0,南,285.0,12128
朗表里 6室3厅 南,https://jiangmen.lianjia.com/ershoufang/105106671600.html,朗表里 江华港口,6室3厅,203.0,南,135.0,6651
良化新村东-精装3房-视野无遮挡南向-带家私家电,https://jiangmen.lianjia.com/ershoufang/105105536589.html,良化新村东 良化北街,3室2厅,104.06,东南,36.0,3460
蓝鸟花园 3房精装修 位于鹤山城区位置 出入方便,https://jiangmen.lianjia.com/ershoufang/105109527970.html,蓝鸟花园 鹤山市,3室2厅,82.07,东南,39.0,4753
恒新花园 3室2厅 南 北,https://jiangmen.lianjia.com/ershoufang/105109540981.html,恒新花园 中心城区,3室2厅,75.0,南 北,39.8,5307
帕佳图尚城雅苑 3室2厅 东南 西北,https://jiangmen.lianjia.com/ershoufang/105109551171.html,帕佳图尚城雅苑 鹤山市,3室2厅,80.0,东南 西北,75.0,9375
单价一万四，毛坯可自由DIY，中高层,https://jiangmen.lianjia.com/ershoufang/105108801584.html,越秀·星汇名庭 北新区,2室1厅,102.9,南,130.0,12634
福泉新村精装修步梯两房低楼层拎包入住,https://jiangmen.lianjia.com/ershoufang/105109644066.html,鸣泉居 杜阮,2室2厅,68.25,北,53.0,7766
精装修三房，宽敞大3房，配套好，交通便利,https://jiangmen.lianjia.com/ershoufang/105108902955.html,河南中沙 河南,3室2厅,100.0,南,53.0,5300
新装修3房。拎包入住。低楼层。小区楼下配套成熟！,https://jiangmen.lianjia.com/ershoufang/105107922345.html,兴南小区 河南,3室2厅,80.78,东南 南,66.0,8171
益华商圈 天福路 全新装修三房 63.8万,https://jiangmen.lianjia.com/ershoufang/105108126562.html,天福路42号 北新区,3室2厅,85.38,南,62.0,7262
鹤山碧桂园花岸步梯洋房中低层户型方正,https://jiangmen.lianjia.com/ershoufang/105108480858.html,花岸 鹤山市,4室2厅,127.0,南 东南,72.8,5733
此房带精装修出售，地段成熟，配套完善，生活方便,https://jiangmen.lianjia.com/ershoufang/105108544854.html,会龙里 江华港口,3室2厅,79.87,东南,34.8,4358
低楼层，采光通风良好，户型方正，居住舒适，精装修,https://jiangmen.lianjia.com/ershoufang/105108435724.html,蓬苑里 河南,4室2厅,100.0,南 北,69.8,6980
抛网苑 2房一厅 地段好 格局方正,https://jiangmen.lianjia.com/ershoufang/105106259453.html,抛网苑 鹤山市,2室1厅,86.0,东南,29.0,3373
鹤山新华城 2室2厅 北,https://jiangmen.lianjia.com/ershoufang/105109454452.html,鹤山新华城 鹤山市,2室2厅,72.09,北,52.0,7214
坚美园生活配套齐全 近坚美广场、鹤山汽车总站,https://jiangmen.lianjia.com/ershoufang/105105194024.html,坚美园 鹤山市,4室2厅,137.87,南,85.0,6166
汇悦城旁  奢华商圈  精装大三房,https://jiangmen.lianjia.com/ershoufang/105106081085.html,骏景湾豪庭(蓬江区) 北新区,3室2厅,109.0,西南,112.0,10276
长寿里 3室2厅 东南,https://jiangmen.lianjia.com/ershoufang/105108509072.html,长寿里 白沙农林,3室2厅,96.5,东南,46.8,4850
碧桂园唯一临湖小区，翠湖湾大户型，环境优美!,https://jiangmen.lianjia.com/ershoufang/105108352095.html,碧桂园翠湖湾 鹤山市,3室2厅,90.0,南,56.5,6278
跃进路中层，全新装修正规三房，拎包入住,https://jiangmen.lianjia.com/ershoufang/105108619625.html,跃进路 江华港口,3室1厅,97.6,南,59.8,6128
良化新村西 3室2厅 南,https://jiangmen.lianjia.com/ershoufang/105107983842.html,良化新村西 良化北街,3室2厅,81.0,南,49.8,6149
东湖公园 丹井里低层  新装修对流户型 可拎包入住,https://jiangmen.lianjia.com/ershoufang/105107953791.html,丹井里 江华港口,3室2厅,88.0,南,66.8,7591
建设路一字楼，南北对流，采光好健步4楼,https://jiangmen.lianjia.com/ershoufang/105107665170.html,建设路 白沙农林,3室2厅,105.0,南,45.8,4362
雅逸尚都  通透格局  不近路    任意装饰你美好的家,https://jiangmen.lianjia.com/ershoufang/105109145966.html,雅逸尚都 圭峰,3室2厅,85.16,南,81.0,9512
十里方圆云玺 3室2厅 南,https://jiangmen.lianjia.com/ershoufang/105108949704.html,十里方圆云玺 鹤山市,3室2厅,107.0,南,66.0,6169
雅逸尚都   通透格局   采光好  任意装饰您美好的家,https://jiangmen.lianjia.com/ershoufang/105109145938.html,雅逸尚都 圭峰,3室2厅,79.59,南,75.6,9499
鹤山碧桂园柏丽湾 电梯洋房 精装温馨三房业主诚心出售,https://jiangmen.lianjia.com/ershoufang/105106885063.html,碧桂园公园1号柏丽湾 鹤山市,3室2厅,123.0,东南,78.0,6342
五福街成熟地段3楼精装满五随时可看,https://jiangmen.lianjia.com/ershoufang/105109279868.html,五福五街小区 双龙,3室1厅,104.24,南,55.0,5277
全新装修，对流三房，拎包入住。,https://jiangmen.lianjia.com/ershoufang/105109314451.html,胜利路 白沙农林,3室2厅,85.0,南,41.8,4918
"全新装修，3房2厅，拎包入住,婚房之选",https://jiangmen.lianjia.com/ershoufang/105108724372.html,幸福新村 白沙农林,3室2厅,74.0,南,39.8,5379
新围街三巷 3室2厅 南 北,https://jiangmen.lianjia.com/ershoufang/105107495469.html,新围街三巷 杜阮,3室2厅,77.57,南 北,49.8,6421
鹤山保利一期，阔景中层，实用性价三房,https://jiangmen.lianjia.com/ershoufang/105109198054.html,保利中央公园 鹤山市,3室2厅,89.0,南,73.0,8203
农林西路 3室1厅 南,https://jiangmen.lianjia.com/ershoufang/105109505660.html,农林西路 白沙农林,3室1厅,90.0,南,49.8,5534
北园陈经纶 北园新村5楼 简装2房 价格还可以商量,https://jiangmen.lianjia.com/ershoufang/105107917723.html,北园新村 圭峰,2室2厅,78.87,南,29.0,3677
美的公园天下边位，中楼层，南北对流双阳台，诚意出售,https://jiangmen.lianjia.com/ershoufang/105109343553.html,美的公园天下 滨江新区,3室2厅,116.0,南 北,143.0,12328
鹤山 北湖公园旁 昆英绿洲小区 中楼层 采光通风好,https://jiangmen.lianjia.com/ershoufang/105107879258.html,昆英绿洲 鹤山市,3室2厅,102.0,南,67.0,6569
此房楼层好，通透格局，视野宽阔，采光充足配套齐全。,https://jiangmen.lianjia.com/ershoufang/105109499915.html,新会大道中60号 中心城区,3室2厅,90.0,南,58.0,6445
低层3楼 精装 南北对流 3房带露台 带车房 看房方便,https://jiangmen.lianjia.com/ershoufang/105109144908.html,江杜东路23号 杜阮,3室2厅,76.34,东北,44.5,5830
江华电梯洋房  全新装修3房  面积实用,https://jiangmen.lianjia.com/ershoufang/105109021856.html,江华一路 江华港口,3室2厅,85.0,南,56.8,6683
面积不过豪 宅线的中空复式四房双套间，向南 景观靓,https://jiangmen.lianjia.com/ershoufang/105109178493.html,骏景湾品峰 双龙,4室1厅,138.0,南,153.0,11087
此房楼层靓、观景好、环视园区！望别墅无遮挡、风景靓,https://jiangmen.lianjia.com/ershoufang/105108352020.html,十里方圆―九章 鹤山市,4室2厅,130.0,北,106.0,8154
农林新村温馨三房，全新装修，拎包入住,https://jiangmen.lianjia.com/ershoufang/105108737737.html,农林新村 白沙农林,3室2厅,83.0,南,39.8,4796
农林 南北对流 采光好 无遮挡 面积大,https://jiangmen.lianjia.com/ershoufang/105108905175.html,农林横路 白沙农林,3室2厅,102.0,南,41.0,4020
创新！万达旁砖仔含车房 通透格局 装修新净  拎包入住,https://jiangmen.lianjia.com/ershoufang/105107924756.html,中心南路 中心城区,3室2厅,86.78,南 北,59.8,6891
户型方正，装修保养新净，小区环境好，24小时小区管理,https://jiangmen.lianjia.com/ershoufang/105108274582.html,时代倾城（鹤山） 鹤山市,3室2厅,82.0,南,58.0,7074
白沙大道西中高层，对流大三房，采光通透，户型方正,https://jiangmen.lianjia.com/ershoufang/105107701395.html,白沙大道西小区 白沙农林,3室2厅,101.93,南,33.0,3238
户型靓，楼层风景好，可望江看山，电梯洋房,https://jiangmen.lianjia.com/ershoufang/105108117270.html,十里方圆云玺 鹤山市,3室2厅,108.18,东南,76.0,7026
五邑碧桂园漫绿二街三房两厅诚意出售,https://jiangmen.lianjia.com/ershoufang/105108100847.html,五邑碧桂园漫绿二期 杜阮,4室2厅,133.66,南,107.0,8006
健步楼梯，全新装修，光线空气充足,https://jiangmen.lianjia.com/ershoufang/105109058258.html,怡乐苑 育德,3室2厅,92.0,东南,63.8,6935
户型靓，楼层风景好，可望江看山，电梯洋房,https://jiangmen.lianjia.com/ershoufang/105108117270.html,十里方圆云玺 鹤山市,3室2厅,108.18,东南,76.0,7026
五邑碧桂园漫绿二街三房两厅诚意出售,https://jiangmen.lianjia.com/ershoufang/105108100847.html,五邑碧桂园漫绿二期 杜阮,4室2厅,133.66,南,107.0,8006
北郊天河西路中高层，精装三房带套间，拎包即入住,https://jiangmen.lianjia.com/ershoufang/105108262816.html,天河西路 双龙,4室2厅,100.0,东,49.8,4980
明泰城大型小区管理，业主诚意出售,https://jiangmen.lianjia.com/ershoufang/105108126961.html,明泰城 府西,3室2厅,90.0,南,92.0,10223
保利大都会二期，精装修，业主诚心出售！,https://jiangmen.lianjia.com/ershoufang/105109488936.html,保利·中汇花园二期 滨江新区,3室2厅,90.0,南 东南,115.0,12778
鹤山十里方圆 叠加别墅 位置好 户型方正实用,https://jiangmen.lianjia.com/ershoufang/105106830396.html,明月清泉 鹤山市,4室2厅,180.0,南,160.0,8889
此房满两年，对流双阳台，精装大三房,https://jiangmen.lianjia.com/ershoufang/105105861743.html,嘉盛华庭 北新区,3室2厅,113.0,西,90.0,7965
人民一巷  中间楼层 业主诚心出售,https://jiangmen.lianjia.com/ershoufang/105108664044.html,人民一巷 鹤山市,4室2厅,89.0,南,24.0,2697
院傍坊 1室1厅 南,https://jiangmen.lianjia.com/ershoufang/105108702947.html,院傍坊 白沙农林,1室1厅,48.0,南,31.0,6459
税费低，采光好，地段好，楼层好，楼下就是公园,https://jiangmen.lianjia.com/ershoufang/105108163086.html,南山里 鹤山市,2室2厅,82.12,东南,14.0,1705
丰盛小区 健步楼层 成熟配套 生活方便,https://jiangmen.lianjia.com/ershoufang/105107618601.html,丰盛里小区 白沙农林,2室1厅,61.0,南,29.8,4886
育德东苑小区 可加装电梯 怡福 小区管理随时看房,https://jiangmen.lianjia.com/ershoufang/105108329892.html,育德东苑 育德,2室2厅,74.0,南 北,38.0,5136
近古镇，高楼层，采光好，价格低，业主诚心出售,https://jiangmen.lianjia.com/ershoufang/105107788240.html,奕聪花园 外海,2室1厅,76.0,南 北,68.0,8948
楼层好，视野宽阔，精装修，随时拎包入住。,https://jiangmen.lianjia.com/ershoufang/105107430237.html,江门奥园冠军城 双龙,2室2厅,85.22,北,78.0,9153
江海碧桂园 2室1厅 东南,https://jiangmen.lianjia.com/ershoufang/105109026302.html,江海碧桂园 外海,2室1厅,65.5,东南,62.0,9466
小区环境好，配套设施齐全，交通便利,https://jiangmen.lianjia.com/ershoufang/105108144610.html,碧桂园翠湖湾 鹤山市,2室2厅,68.8,南,40.0,5814
育德小区不靠路精装两房正南向光线好,https://jiangmen.lianjia.com/ershoufang/105109485021.html,育德安居 育德,2室2厅,70.0,东南,48.0,6858
刚需两房，价格优美， 配套设施齐全 交通便利。,https://jiangmen.lianjia.com/ershoufang/105107322242.html,连海苑 外海,2室2厅,82.54,南,79.8,9669
业主急售，单价6900有装修，中间楼层采光好,https://jiangmen.lianjia.com/ershoufang/105107538064.html,碧桂园公园1号三期 鹤山市,2室2厅,79.54,南,55.0,6915
华侨新村横岭街电梯中层全新精装3房2厅拎包入住,https://jiangmen.lianjia.com/ershoufang/105108904682.html,横岭街 白沙农林,3室2厅,90.0,南,63.0,7000
贯溪低总价，采光好，对流户型，楼下市场,https://jiangmen.lianjia.com/ershoufang/105109046683.html,江杜东路21号 杜阮,2室2厅,85.66,南,24.0,2802
房源位置好户型端正阳台景观好，通风，户型实用,https://jiangmen.lianjia.com/ershoufang/105108505614.html,天龙二街 双龙,2室2厅,63.0,南,43.0,6826
精装修，低楼层，步梯两房，业主诚心出售，价格美丽,https://jiangmen.lianjia.com/ershoufang/105108429086.html,金海苑 外海,2室2厅,67.5,南,43.0,6371
育德现成电梯7楼2房，精装修，拧包入住,https://jiangmen.lianjia.com/ershoufang/105108655757.html,建德街 育德,2室1厅,66.0,北,48.0,7273
外海刚需小两房，电梯房中间楼层，近外海市场生活便利,https://jiangmen.lianjia.com/ershoufang/105107913829.html,连海苑 外海,2室1厅,65.07,东南,52.0,7992
业主诚心出售      采光好，户型方正,https://jiangmen.lianjia.com/ershoufang/105109446246.html,中天国际花园 北新区,2室1厅,93.0,东南,85.0,9140
嘉和苑正规二房业主保养房子好方便看房,https://jiangmen.lianjia.com/ershoufang/105109459831.html,嘉和苑 双龙,2室1厅,61.28,南,38.0,6202
上城嘉泰 全新二房，没住过 阳台望泳池,https://jiangmen.lianjia.com/ershoufang/105107825769.html,上城嘉泰 育德,2室2厅,66.88,北,83.8,12530
嘉悦名都 投.资性.价比高 即买即租,https://jiangmen.lianjia.com/ershoufang/105108407453.html,嘉悦名都 鹤山市,2室2厅,45.69,北,19.0,4159
新湖二巷  房屋格局方正实用 采光足,https://jiangmen.lianjia.com/ershoufang/105104411384.html,新湖二巷 鹤山市,2室1厅,66.0,南,12.0,1819
外海刚需小两房，电梯房中间楼层，近外海市场生活便利,https://jiangmen.lianjia.com/ershoufang/105107913829.html,连海苑 外海,2室1厅,65.07,东南,52.0,7992
业主诚出 小区纯熟 配套齐全生活便利,https://jiangmen.lianjia.com/ershoufang/105108574100.html,银泉花园B区 河南,2室1厅,57.73,北 南,36.0,6236
置业花园大三房低楼层 单价低 市区配套完善 够五唯一,https://jiangmen.lianjia.com/ershoufang/105105559580.html,置业花园 鹤山市,3室2厅,112.0,南,30.0,2679
鹤城工业城中芯——融创御府大面积对流四房户型,https://jiangmen.lianjia.com/ershoufang/105109004720.html,融创御府 鹤山市,4室2厅,128.0,南,83.0,6485
南景华府 2室2厅 南,https://jiangmen.lianjia.com/ershoufang/105103199038.html,南景华府 鹤山市,2室2厅,70.0,南,33.0,4715
汇侨花园1期低层 拎包入住 业主诚意出售 欢迎咨询,https://jiangmen.lianjia.com/ershoufang/105109471095.html,汇侨花园 其他城区,3室2厅,108.5,西南,88.0,8111
笋盘出售，精装修3房  南北对流 价格优惠业主诚心出售,https://jiangmen.lianjia.com/ershoufang/105108806091.html,祥庆苑 双龙,3室2厅,93.0,东南,47.5,5108
首付7万，碧桂园洋房中层，近大润发配套成熟房屋新净,https://jiangmen.lianjia.com/ershoufang/105106386983.html,碧桂园-叠彩轩 鹤山市,2室2厅,67.8,南,33.0,4868
碧桂园别墅   有花园  环境优美   旺中带静,https://jiangmen.lianjia.com/ershoufang/105109069068.html,大泽碧桂园山湖湾 其他城区,4室2厅,167.0,南 北,110.0,6587
此房南北对流格局，视野宽阔，采光充足，配套设施齐,https://jiangmen.lianjia.com/ershoufang/105109336014.html,凤山水岸2期誉城 双龙,4室2厅,123.45,北,127.0,10288
前进路配套成熟，户型方正实用，楼层好,https://jiangmen.lianjia.com/ershoufang/105109045437.html,前进路 鹤山市,3室1厅,79.09,东南,16.0,2024
双龙凤山水岸二期10楼，毛坯，南向,https://jiangmen.lianjia.com/ershoufang/105104458789.html,凤山水岸2期誉城 双龙,4室2厅,126.0,南,142.8,11334
水围新村 中低层 三房满五唯一税费低，采光充足,https://jiangmen.lianjia.com/ershoufang/105109451141.html,水围新村 鹤山市,3室2厅,90.02,南 北,36.0,4000
房子平靓正，业主好商量，看房提前约,https://jiangmen.lianjia.com/ershoufang/105105553387.html,帕佳图尚品 礼乐,3室2厅,137.0,南,110.0,8030
文昌中层，南北对流，精致装修。,https://jiangmen.lianjia.com/ershoufang/105106788218.html,文昌花园 礼乐,3室2厅,81.0,南,41.6,5136
方圆月岛，前后对花园，前后无遮挡，带有5万车位券,https://jiangmen.lianjia.com/ershoufang/105105559622.html,方圆·月岛首府 经济开发,4室2厅,117.46,南,93.0,7918
碧桂园桐林人家别墅，带花园，位置好,https://jiangmen.lianjia.com/ershoufang/105108247861.html,碧桂园-桐林人家 鹤山市,5室2厅,215.37,东南,216.0,10030
此房满五，税费低，户型实用，中高楼层,https://jiangmen.lianjia.com/ershoufang/105108554692.html,前进路 鹤山市,3室2厅,108.0,南,26.0,2408
采光通风好，步梯低层不靠路，实用面积大,https://jiangmen.lianjia.com/ershoufang/105107354665.html,丽苑南奥园 良化北街,3室2厅,109.0,南,79.8,7322
小范苑2000年楼龄，低楼层，拎包入住,https://jiangmen.lianjia.com/ershoufang/105109172699.html,小范苑 鹤山市,3室1厅,72.0,南 北,35.0,4862
恒晖花园三房单阳台，业主诚意出售 价格优惠。,https://jiangmen.lianjia.com/ershoufang/105108230867.html,恒晖花园 鹤山市,3室2厅,99.0,南,18.0,1819
步梯健康楼层 ，采光通透 ，南北对流， 户型方正,https://jiangmen.lianjia.com/ershoufang/105106434763.html,丰盛苑 育德,3室2厅,89.6,南 北,73.8,8237
新会精装电梯2房，总价低，户型好，即买即入住,https://jiangmen.lianjia.com/ershoufang/105109255464.html,大泽碧桂园山湖湾 其他城区,3室2厅,118.0,南,66.8,5662
江门奥园，带装修出售，拎包入住,https://jiangmen.lianjia.com/ershoufang/105102207363.html,江门奥园冠军城 双龙,3室2厅,123.8,南,113.0,9128
电梯高楼层，毛坯出售，市区地段。,https://jiangmen.lianjia.com/ershoufang/105107646868.html,西江悦府 良化北街,3室2厅,89.0,南 北,108.0,12135
业主诚心出售岭南印象 电梯洋房出售,https://jiangmen.lianjia.com/ershoufang/105107403300.html,岭南印象 双龙,3室2厅,96.61,北 南,100.0,10351
金海湾花园电梯精装3房121方，仅售96万，旺中带静，,https://jiangmen.lianjia.com/ershoufang/105105746995.html,金海湾花园 良化北街,3室2厅,121.46,北 南,96.0,7904
置业花园，三房两厅，采光充足，交通出行方便,https://jiangmen.lianjia.com/ershoufang/105106624292.html,置业花园 鹤山市,3室2厅,100.0,南,18.5,1850
业主诚出全新装修 随时可签 欢迎鉴赏,https://jiangmen.lianjia.com/ershoufang/105108767070.html,君汇熙庭 外海,3室2厅,95.0,东南,94.0,9895
9成新 碧桂园7楼，生活便利、采光通透、配套成熟,https://jiangmen.lianjia.com/ershoufang/105109272897.html,新会碧桂园 枢纽新城,3室2厅,145.45,东南,126.0,8663
鹤山南景湾山水城 电梯洋房 3房2厅,https://jiangmen.lianjia.com/ershoufang/105101776828.html,南景湾山水城 鹤山市,3室2厅,140.2,南,93.0,6634
业主置换，满五唯一，税费低，诚心出售,https://jiangmen.lianjia.com/ershoufang/105107201383.html,碧桂园-鹤起香泉 鹤山市,2室2厅,68.0,南,34.0,5000
滨江新区，碧桂园滨江天际房子，看园山湖，业主急售。,https://jiangmen.lianjia.com/ershoufang/105107644434.html,碧桂园滨江天际 棠下,3室2厅,106.0,南,105.0,9906
滨江新区 电梯中层 配套完善 交通便利 双紫茶,https://jiangmen.lianjia.com/ershoufang/105104587927.html,帕佳图 · 世家 滨江新区,3室2厅,118.32,南,129.5,10945
凤山水岸不靠路望别墅精装大三房！,https://jiangmen.lianjia.com/ershoufang/105106744686.html,凤山水岸 双龙,3室2厅,117.0,北,107.8,9214
星汇名庭靓位置 精装3房双阳台 中高层不靠路,https://jiangmen.lianjia.com/ershoufang/105105113189.html,越秀·星汇名庭 北新区,3室2厅,106.4,南 北,170.0,15978
天市花园  健康五楼 三房改四房,https://jiangmen.lianjia.com/ershoufang/105109407086.html,天市花园 棠下,3室2厅,110.6,南 北,67.0,6058
户型精致实用，采光通风良好。随时看房,https://jiangmen.lianjia.com/ershoufang/105109267263.html,圭峰花园森林官邸 圭峰,3室2厅,125.83,南,95.0,7550
新会碧桂园·柏丽郡3-2-1-2,https://jiangmen.lianjia.com/ershoufang/105109102099.html,新会碧桂园·柏丽郡 枢纽新城,3室2厅,89.9,南,93.0,10345
凤山水岸誉城  朝南向的小三房户型,https://jiangmen.lianjia.com/ershoufang/105108647298.html,凤山水岸2期誉城 双龙,3室2厅,101.0,东南 南,106.8,10575
楼龄新，砖仔外墙，户型方正对流，拧包入住,https://jiangmen.lianjia.com/ershoufang/105109476633.html,金都花园 白沙农林,3室2厅,73.0,南,46.0,6302
"笋盘出售, 精装三房, 地段好,  首付低 拎包入住",https://jiangmen.lianjia.com/ershoufang/105109437731.html,祥庆苑 双龙,3室2厅,76.0,南,36.0,4737
户型方正，南向采光充足，价格优惠,https://jiangmen.lianjia.com/ershoufang/105106669479.html,锦绣华虹 鹤山市,3室2厅,137.0,南,65.8,4803
格局方正、楼层好，楼距宽。小区环境绿化好、,https://jiangmen.lianjia.com/ershoufang/105105660457.html,碧桂园公园1号柏丽湾 鹤山市,3室2厅,110.88,南,76.0,6855
坚美园精装两房 户型端正 装修新净 度假式入住,https://jiangmen.lianjia.com/ershoufang/105108566032.html,坚美园 鹤山市,2室2厅,68.03,南,52.0,7644
西江悦府 3房两厅两卫 东南向 采光充足 无无遮挡,https://jiangmen.lianjia.com/ershoufang/105109440652.html,西江悦府 良化北街,3室2厅,89.6,东南,96.0,10715
中医院旁，小区管理，南北对流，光线充足,https://jiangmen.lianjia.com/ershoufang/105108846251.html,春晖苑 白沙农林,3室2厅,82.0,南,33.0,4025
笋盘人民西路  精装修  地楼层 户型好,https://jiangmen.lianjia.com/ershoufang/105103831600.html,人民西路 鹤山市,3室2厅,72.62,南,18.0,2479
翡翠华府 精装3房 家私电器全 业主诚意出售 看房方便,https://jiangmen.lianjia.com/ershoufang/105109390472.html,翡翠华府(江海区) 外海,3室2厅,99.87,东,85.0,8512
房子户型好，装修风格新，适合三个之家居住,https://jiangmen.lianjia.com/ershoufang/105105207584.html,泮海蓝湾一期 双龙,3室2厅,89.0,北,81.8,9192
"凤山水岸二期, 毛坯房出售, 户型好，价格优惠",https://jiangmen.lianjia.com/ershoufang/105107560553.html,凤山水岸2期誉城 双龙,4室2厅,118.49,南,135.0,11394
城区低楼层，楼下即公园，旺中带静，生活交通便利,https://jiangmen.lianjia.com/ershoufang/105109507764.html,德兴北路 圭峰,3室1厅,65.0,西,43.8,6739
冈州大道西 3房没黑房 业主急售,https://jiangmen.lianjia.com/ershoufang/105109539521.html,冈州大道西 其他城区,3室1厅,75.57,南,30.0,3970
富华路 2室1厅 东南,https://jiangmen.lianjia.com/ershoufang/105109569677.html,富华路 鹤山市,2室1厅,62.0,东南,15.0,2420
安静宜人，空气宜居，优选之家。,https://jiangmen.lianjia.com/ershoufang/105107004837.html,大泽碧桂园山湖湾 其他城区,1室1厅,55.63,南,30.6,5501
业主置换购房，诚信出售，有钥匙，欢迎看房,https://jiangmen.lianjia.com/ershoufang/105106431441.html,大泽碧桂园山湖湾 其他城区,1室1厅,52.68,南,27.0,5126
大昌花园小户型一房一要，格局方正 采光足,https://jiangmen.lianjia.com/ershoufang/105105122914.html,富华路 鹤山市,1室1厅,27.0,南,9.2,3408
该房子总价不高，月供低，成熟社区，视野广阔。,https://jiangmen.lianjia.com/ershoufang/105106256849.html,翠园里 河南,2室1厅,70.21,南,42.0,5983
精装房   矮楼层    养老的好房子,https://jiangmen.lianjia.com/ershoufang/105107888649.html,红门楼 河南,2室2厅,62.0,南,37.0,5968
翠湖湾三室两厅，双阳台对流带装出售,https://jiangmen.lianjia.com/ershoufang/105106663914.html,翠湖湾 河南,3室2厅,85.0,南 北,65.0,7648
