鼎立国际城C区 3室3厅 南 北,https://kf.lianjia.com/ershoufang/104107917033.html,鼎立国际城C区 鼎立商圈,3室3厅,252.22,南 北,260.0,10309
鼎立国际C区电梯小高层精装复式  另有车位,https://kf.lianjia.com/ershoufang/104107944161.html,鼎立国际城C区 鼎立商圈,4室3厅,252.22,东南,246.0,9754
水岸家园新房源三室两厅，临湖随时装修,https://kf.lianjia.com/ershoufang/104107925928.html,水岸家园 集英街商圈,3室2厅,102.37,南 北,73.5,7180
全屋地暖，精装修婚房三室，一天未住装修花了12万,https://kf.lianjia.com/ershoufang/104107936711.html,幸福里 青年城商圈,3室1厅,85.02,南,68.0,7999
万丽铂金瀚宫 东边户  前面无遮挡  大三室  随时看房,https://kf.lianjia.com/ershoufang/104107923771.html,万丽铂金瀚宫 开元商圈,3室2厅,115.96,南,87.0,7503
西坡街，淮河 医 院 家属院1楼大院子房源推荐！,https://kf.lianjia.com/ershoufang/104107951622.html,西坡西街6号院 相国寺商圈,3室2厅,135.45,南 北,89.0,6571
顺苑小区 两室一厅 带20平阳台,https://kf.lianjia.com/ershoufang/104107885500.html,顺苑小区 相国寺商圈,3室1厅,74.0,南,37.5,5068
森林半岛电梯洋房5楼，采光无遮挡，位置好，精装修。,https://kf.lianjia.com/ershoufang/104107900218.html,郑开森林半岛 万达商圈,3室2厅,139.16,南,130.0,9342
业主急售，拎包入住3房，交通出行便利，有本税满。,https://kf.lianjia.com/ershoufang/104107932796.html,城市印象 鼎立商圈,3室2厅,96.32,南 北,69.0,7164
金耀绿城简装干净的东边户三楼大两房欢迎围观,https://kf.lianjia.com/ershoufang/104107948568.html,金耀绿城 鼎立商圈,2室2厅,88.54,南 北,50.0,5648
金都雅苑洋房带汽车库。新装修未住大三房二厅二卫全款,https://kf.lianjia.com/ershoufang/104107941953.html,开封金都雅苑 开元商圈,3室2厅,123.52,南 北,72.0,5830
鼎立A区小高层18楼毛坯三室两厅一卫三个阳台。,https://kf.lianjia.com/ershoufang/104107950506.html,鼎立·国际城A区 鼎立商圈,3室2厅,118.0,西,74.0,6272
动静分区三开间朝南。通透性能好！业主急售,https://kf.lianjia.com/ershoufang/104107885488.html,东方今典御府 西湖商圈,3室2厅,132.32,南 北,118.0,8918
入则宁静 出则繁华  精装两室 装修保持很干净,https://kf.lianjia.com/ershoufang/104107849113.html,星云山庄 龙亭商圈,2室1厅,60.17,南 北,26.0,4322
宋门关南街34号 2室1厅 南,https://kf.lianjia.com/ershoufang/104107938807.html,宋门关南街34号 海洋馆商圈,2室1厅,46.33,南,13.0,2806
黄河路大三室，户型方正，三开间均在南向，通透效果好,https://kf.lianjia.com/ershoufang/104107913411.html,康太家园 市政府商圈,3室2厅,149.9,南,85.0,5671
此房低楼层2层，南北通风、装修清爽、采光充足,https://kf.lianjia.com/ershoufang/104107558348.html,宏达东方花园 铁塔商圈,4室2厅,127.11,南 北,82.0,6452
顶楼，格局好，视野宽阔，采光充足,https://kf.lianjia.com/ershoufang/104106653071.html,嘉泰北苑 青年城商圈,4室2厅,80.86,南,70.0,8657
鼎力国际、 成熟地段、生活设施齐全、,https://kf.lianjia.com/ershoufang/104102450496.html,鼎立·国际城B区 鼎立商圈,4室3厅,201.27,南 北,146.0,7254
幸福里  底层3室  手续齐全 采光好 有钥匙  欢迎看房,https://kf.lianjia.com/ershoufang/104102382561.html,幸福里 青年城商圈,3室2厅,128.0,南,78.0,6094
把边户 全天有采光 通透性好 急卖,https://kf.lianjia.com/ershoufang/104107907806.html,郑开橄榄城三期 西湖商圈,3室2厅,122.5,南 北,100.0,8164
此房是步梯三楼，三室一厅南北通透,https://kf.lianjia.com/ershoufang/104107372224.html,新宋路北街 顺河商圈,3室1厅,70.0,南 北,15.8,2258
小高层东边户无大税有钥匙毛坯好装修,https://kf.lianjia.com/ershoufang/104106821944.html,华盟天河湾 龙亭商圈,3室2厅,114.0,南,79.0,6930
龙成锦绣花园好房急卖 小高1楼带*大活院 精装大三室,https://kf.lianjia.com/ershoufang/104105715485.html,龙成锦绣花园 开元商圈,3室2厅,127.0,南 西北,118.0,9292
视野开阔，采光充足，交通便利 配套设施齐全,https://kf.lianjia.com/ershoufang/104107377045.html,晋安苑小区 市政府商圈,3室1厅,85.68,南,35.0,4085
精装修三室可观湖业主诚心、位置好，装修好了20万、,https://kf.lianjia.com/ershoufang/104107411105.html,郑开橄榄城三期 西湖商圈,3室2厅,117.63,南,103.0,8757
龙城香榭里115平三室两厅一卫精装修 部分家具家电,https://kf.lianjia.com/ershoufang/104107390077.html,龙成香榭里花园 开元商圈,3室2厅,115.27,南,82.0,7114
业主急售，有钥匙随时可看，前后无遮挡,https://kf.lianjia.com/ershoufang/104107342352.html,恒大帝景南苑 CBD商圈,3室2厅,113.83,南,92.0,8083
悦都一楼，位置优越，万达商圈，配套齐全,https://kf.lianjia.com/ershoufang/104106179715.html,新晋美•悦都 万达商圈,3室2厅,119.08,南,78.0,6551
宇林苑三楼，三室两厅精装修，126平，62万可贷款,https://kf.lianjia.com/ershoufang/104107148272.html,宇林苑 铁塔商圈,3室2厅,127.26,南,62.0,4872
中间楼层 采光好 通透性好 有本无大税,https://kf.lianjia.com/ershoufang/104107365470.html,芳邻一品南区 开元商圈,3室2厅,125.88,南,68.0,5402
西环路步梯二楼，带独立储藏室。,https://kf.lianjia.com/ershoufang/104106450645.html,小北岗煤炭公司家属楼 龙亭商圈,3室1厅,69.5,南,27.5,3957
金明小区三室朝阳，中间楼层，采光充足,https://kf.lianjia.com/ershoufang/104106773787.html,金明小区 市政府商圈,3室2厅,127.9,南,72.0,5630
金魏港湾 3室户型合理 南北100多大露台 新装修未入住,https://kf.lianjia.com/ershoufang/104107205214.html,金魏港湾 大王屯商圈,3室2厅,127.92,南,79.0,6176
临湖小区，全款现房，精装修，随时过户,https://kf.lianjia.com/ershoufang/104107690793.html,碧水蓝城一期 集英街商圈,3室2厅,133.78,南 东,130.0,9718
开元广场对.面荣勋花园3室2厅2卫双水双气，简装房。,https://kf.lianjia.com/ershoufang/104107040070.html,荣勋花园 开元商圈,3室2厅,129.6,南,68.0,5247
绿地品牌，小面积户型，2室2厅1厨房1卫,https://kf.lianjia.com/ershoufang/104104837471.html,郑开绿地城 祥符区,3室2厅,86.53,南,46.0,5317
此房楼层适中，价位合适。业主诚心出售,https://kf.lianjia.com/ershoufang/104107892683.html,泰兴街 顺河商圈,2室0厅,39.82,南,9.0,2261
小区位置便利   低楼层  精装拎包入住,https://kf.lianjia.com/ershoufang/104107859283.html,西坡街 相国寺商圈,2室1厅,71.54,南 北,31.0,4334
晋平苑 3室2厅 南,https://kf.lianjia.com/ershoufang/104107943645.html,晋平苑 市政府商圈,3室2厅,140.0,南,118.0,8429
满五唯一 4室2厅1厨2卫 电梯小高层,https://kf.lianjia.com/ershoufang/104107686406.html,新龙御景城 大王屯商圈,4室2厅,131.71,南 北,95.0,7213
景区房，配套设施齐全，交通方便！,https://kf.lianjia.com/ershoufang/104106627353.html,九鼎雅园 龙亭商圈,3室2厅,128.22,南,87.5,6825
集英街碧水蓝城二期大三房，精装，户型方正,https://kf.lianjia.com/ershoufang/104101876322.html,碧水蓝城二期 集英街商圈,3室2厅,141.8,南 北,110.0,7758
集英街好房出售，毛坯，可观西湖，手续齐全.,https://kf.lianjia.com/ershoufang/104107078157.html,新芒果蓝湾国际 集英街商圈,3室2厅,131.14,南 北,92.0,7016
集英花园大三房 三开间朝南 户型方正,https://kf.lianjia.com/ershoufang/104107849991.html,集英花园 开元商圈,3室2厅,145.05,南 北,78.0,5378
橄榄城二期104平三室两厅一卫精装修 未入住 纯南户,https://kf.lianjia.com/ershoufang/104107895558.html,郑开橄榄城二期 西湖商圈,3室2厅,104.0,南,93.0,8943
小区比较干净 多数是河大教师居住,https://kf.lianjia.com/ershoufang/104107872533.html,河南大学仁和屯生活区 铁塔商圈,3室2厅,146.0,南,74.5,5103
晋合花园小区七大街额南段环境不错,https://kf.lianjia.com/ershoufang/104107853729.html,晋河花园 万达商圈,3室2厅,153.0,东,75.0,4902
三世同堂幸福之家，优选户型互不打扰。,https://kf.lianjia.com/ershoufang/104107536928.html,晋河花园 万达商圈,3室2厅,143.14,南 北,73.0,5100
新上，业主诚心急卖，通透边户，中间楼层，随时看房,https://kf.lianjia.com/ershoufang/104107926278.html,郑开森林半岛南苑 万达商圈,3室1厅,94.0,南 北,75.0,7979
配套成熟，交通便利，有本随时过户，房东诚心出售,https://kf.lianjia.com/ershoufang/104104795870.html,东方今典御府 西湖商圈,3室2厅,133.52,南 北,105.0,7864
郑开橄榄城丹堤五期高品质电梯洋房,https://kf.lianjia.com/ershoufang/104106217551.html,郑开橄榄城丹堤 西湖商圈,3室2厅,147.0,西,155.0,10545
房子采光好，新装修，户型方正。,https://kf.lianjia.com/ershoufang/104107385944.html,顺河区文庄 祥符商圈,3室1厅,63.74,南 北,33.0,5178
西坡街商行家属楼三室两厅有车库出售,https://kf.lianjia.com/ershoufang/104107275483.html,商行家属院 相国寺商圈,3室2厅,152.75,南 北,60.0,3928
永威 毛坯现房 毛坯中的精装修 采光无遮挡,https://kf.lianjia.com/ershoufang/104107738437.html,永威梅隆公馆 万达商圈,3室2厅,113.42,西,81.0,7142
小区fujin成熟，业主诚心出售，随时看房,https://kf.lianjia.com/ershoufang/104107916347.html,板桥小区 相国寺商圈,3室1厅,72.42,南 北,30.0,4143
延福园四楼的房子有储藏室 。目前小区改造完成！,https://kf.lianjia.com/ershoufang/104107902545.html,延福园 龙亭商圈,2室2厅,64.0,南,29.9,4672
万达旁边新晋美悦都两房，宋城站高铁站郑开大道,https://kf.lianjia.com/ershoufang/104107913190.html,新晋美•悦都 万达商圈,2室2厅,90.0,南 北,67.0,7445
翠园西北隅 2室1厅 南,https://kf.lianjia.com/ershoufang/104107928299.html,翠园西北隅 市政府商圈,2室1厅,57.0,南,25.0,4386
通透两室，三楼，精装修 全款房不用解压,https://kf.lianjia.com/ershoufang/104107482322.html,嘉泰新城 鼎立商圈,2室2厅,92.8,南,58.0,6250
梁苑社区小两房，通透，采光好。,https://kf.lianjia.com/ershoufang/104106796365.html,梁苑社区 龙亭商圈,2室2厅,52.25,南,15.5,2967
护城河边，一楼带院，临路可当商铺使用,https://kf.lianjia.com/ershoufang/104107657111.html,河沿街 大王屯商圈,2室1厅,47.79,南,31.0,6487
翠园东街 3室0厅 南,https://kf.lianjia.com/ershoufang/104106385826.html,翠园东街 市政府商圈,3室0厅,46.62,南,19.0,4076
幸福里精装温馨公寓 大窗户 采光好,https://kf.lianjia.com/ershoufang/104107624700.html,幸福里 青年城商圈,1室1厅,39.26,南,29.0,7387
一府揽三河，中间好楼层 精装小两室,https://kf.lianjia.com/ershoufang/104107242055.html,华盟天河湾 龙亭商圈,2室2厅,73.61,南,59.8,8124
大宏世纪新城2室2厅步梯五楼看房方便,https://kf.lianjia.com/ershoufang/104107339956.html,大宏世纪新城 铁塔商圈,2室2厅,103.63,南 北,45.0,4343
花园小区 步梯二楼 两室一厅 两室朝阳,https://kf.lianjia.com/ershoufang/104107496853.html,花园小区 顺河商圈,2室1厅,69.27,南,33.8,4880
五福路步梯两室，中间楼层，交通便利！,https://kf.lianjia.com/ershoufang/104106188759.html,陇海花园 火车站商圈,2室1厅,71.05,南 北,41.0,5771
出小区门往东有公交站牌有12.18路公交车生活便利,https://kf.lianjia.com/ershoufang/104107911094.html,维也纳森林小区 铁塔商圈,3室2厅,123.73,南,85.0,6870
满五唯一，低楼层，南北户型好，看房方便。,https://kf.lianjia.com/ershoufang/104107930532.html,豪中苑 铁塔商圈,3室2厅,138.81,南,88.8,6398
西环路低层三室精装 通透格局  交通便利,https://kf.lianjia.com/ershoufang/104107477574.html,九九新邨 龙亭商圈,3室1厅,88.86,南 北,49.5,5571
荣勋花园 南北通透 大面积 开元广场配套成熟,https://kf.lianjia.com/ershoufang/104106828321.html,荣勋花园 开元商圈,3室2厅,155.87,南 北,107.5,6897
香堤湾小高层 毛坯  有本税够    视野开阔,https://kf.lianjia.com/ershoufang/104107387506.html,伟业香堤湾 集英街商圈,3室2厅,121.44,南 北,90.0,7412
森林半岛北苑  万达广场 精装修 拎包入住  太省心了,https://kf.lianjia.com/ershoufang/104106637592.html,郑开森林半岛 万达商圈,3室2厅,120.48,南,87.0,7222
房子契税满两年，南北通风，采光充足，三叶草户型,https://kf.lianjia.com/ershoufang/104107768253.html,碧水蓝城二期 集英街商圈,2室1厅,98.62,南 北,79.0,8011
包公祠，包公湖，菜市场，早市，城墙公园,https://kf.lianjia.com/ershoufang/104107596470.html,开封市国家税务局文明家属院 相国寺商圈,3室2厅,133.25,南,55.0,4128
城市印象 大户型 户型方正 产权清晰,https://kf.lianjia.com/ershoufang/104105977148.html,城市印象 鼎立商圈,3室2厅,143.94,南,86.0,5975
金耀绿城，六楼带阁楼室内楼梯小户型总价低,https://kf.lianjia.com/ershoufang/104104615279.html,金耀绿城 鼎立商圈,2室2厅,76.14,南 北,40.0,5254
包公湖畔湖景房三层复式带大阳台实用面积240,https://kf.lianjia.com/ershoufang/104105498429.html,包公湖南路41号院 相国寺商圈,3室3厅,185.0,南 北,115.0,6217
翠庭尚都89平精装三室，中间楼层，价位包括家具家电,https://kf.lianjia.com/ershoufang/104106695449.html,翠庭尚都 龙亭商圈,3室2厅,88.7,南 北,76.0,8569
蝶御花园 好楼层 价位可谈   无抵押 房本在手,https://kf.lianjia.com/ershoufang/104107316052.html,蝶御花园 市政府商圈,3室2厅,119.66,南,95.0,7940
房东急售 满五唯一 精装3室2厅,https://kf.lianjia.com/ershoufang/104107656575.html,宏达紫云台 大王屯商圈,3室2厅,106.12,南,78.0,7351
此房是三室两厅一厨一卫的电梯洋房，中间楼层,https://kf.lianjia.com/ershoufang/104107503543.html,公园世家B区 东信商圈,3室2厅,92.87,南 北,72.0,7753
楼层低  户型也不错 生活也方便  交通也便利,https://kf.lianjia.com/ershoufang/104107469989.html,凤凰城(龙亭区) 大王屯商圈,3室2厅,133.69,西南,85.0,6358
"集英花园一楼简装复式,带车库60平",https://kf.lianjia.com/ershoufang/104106882671.html,集英花园 开元商圈,5室2厅,199.21,南,185.0,9287
温莎尚郡大平层，精装修大4室，4开间朝南，单价低,https://kf.lianjia.com/ershoufang/104106266929.html,温莎尚郡 集英街商圈,4室2厅,204.06,北 南,148.0,7253
大平层，魔变五室，客厅可以跑步健身。,https://kf.lianjia.com/ershoufang/104104288606.html,晋河花园 万达商圈,4室3厅,235.23,南 北,125.0,5314
芳邻一品2室临菜市场豪德市场经典户型,https://kf.lianjia.com/ershoufang/104107837883.html,芳邻一品南区 开元商圈,2室2厅,95.0,南,53.0,5579
新上香堤湾大三室 精装未入住过 一梯一户 舒适度贼好,https://kf.lianjia.com/ershoufang/104107854180.html,伟业香堤湾 集英街商圈,3室2厅,127.8,南 北,99.0,7747
东苑小区，步梯三楼，静装修。。。。,https://kf.lianjia.com/ershoufang/104107830607.html,東苑小區 顺河商圈,2室1厅,60.0,南 北,31.8,5300
西苑小区A区 2室1厅 南,https://kf.lianjia.com/ershoufang/104107872129.html,西苑小区A区 大王屯商圈,2室1厅,58.0,南,25.0,4311
翠庭尚都 两室一厅 精装修 拎包入住,https://kf.lianjia.com/ershoufang/104107864748.html,翠庭尚都 龙亭商圈,2室1厅,56.36,南,47.0,8340
一楼带院子，两室一厅一厨一卫拎包入住，院内可以停车,https://kf.lianjia.com/ershoufang/104107905103.html,开阀生活区西区 顺河商圈,2室0厅,53.0,南 北,28.8,5434
产权清晰，采光充足，视野开阔，配套设施齐.,https://kf.lianjia.com/ershoufang/104107904543.html,丽阳名郡 大王屯商圈,2室1厅,69.19,南,49.8,7198
郑开森林半岛南苑 2室2厅 南,https://kf.lianjia.com/ershoufang/104106996701.html,郑开森林半岛南苑 万达商圈,2室2厅,93.37,南,59.5,6373
此房四楼，采光通风好，新装修，可以直接搬东西入住,https://kf.lianjia.com/ershoufang/104107468960.html,顺河回族区苹东社区 铁塔商圈,2室1厅,56.5,南,25.0,4425
拎包去住，交通方便，户型方正，视野开阔,https://kf.lianjia.com/ershoufang/104107546092.html,西城名都 市政府商圈,1室0厅,41.48,东,20.5,4943
生活方便，交通便利，周，边生活配套成熟！,https://kf.lianjia.com/ershoufang/104106532826.html,祥和街小区 市政府商圈,2室1厅,55.8,南,15.0,2689
集英街中间地段位置，小区西门临湖，天然氧吧,https://kf.lianjia.com/ershoufang/104106395435.html,文绣花园 集英街商圈,2室2厅,106.33,南 北,59.8,5625
"西坡北街二楼二室,楼下有车位,新做外墙保温,断桥铝窗",https://kf.lianjia.com/ershoufang/104107012562.html,西坡小区 相国寺商圈,2室1厅,58.73,南,24.7,4206
夷山郦城 1室1厅 南 西南,https://kf.lianjia.com/ershoufang/104107921942.html,夷山郦城 大王屯商圈,1室1厅,63.0,南 西南,23.0,3651
西郊商场  地理位置好  小两室居住舒适,https://kf.lianjia.com/ershoufang/104107927347.html,大王屯东街 大王屯商圈,2室1厅,50.27,南,16.5,3283
夷山郦城 1室1厅 南 西南,https://kf.lianjia.com/ershoufang/104107921895.html,夷山郦城 大王屯商圈,1室1厅,63.0,南 西南,23.0,3651
业主房东急售户型好采光好楼层好,https://kf.lianjia.com/ershoufang/104105874963.html,新龙御都国际 西湖商圈,2室1厅,94.79,南,71.0,7491
精装修 中间楼层采光充足 高层中的洋房,https://kf.lianjia.com/ershoufang/104107854041.html,金桂苑 大王屯商圈,3室2厅,116.88,南,74.0,6332
绿都上河城 电梯三室两厅 价格合适,https://kf.lianjia.com/ershoufang/104107861438.html,绿都上河城 顺河商圈,3室2厅,96.0,南,58.5,6094
蓝天小区房子精装修，用的都是好家具家电。,https://kf.lianjia.com/ershoufang/104107906257.html,蓝天中央公园 市政府商圈,3室2厅,122.79,南 北,88.0,7167
精装修，小区环境好，采光好，诚心卖,https://kf.lianjia.com/ershoufang/104106380822.html,康禧苑(龙亭区) 开元商圈,3室2厅,99.67,东南,65.0,6522
房子三室朝阳，户型方正，简单装修，拎包入住,https://kf.lianjia.com/ershoufang/104107411857.html,嘉泰花苑 市政府商圈,3室2厅,140.84,南,75.0,5326
汉兴路精装三室 带家具家电 拎包入住,https://kf.lianjia.com/ershoufang/104107695908.html,蝶御花园 市政府商圈,3室2厅,113.5,南 北,89.0,7842
凤凰城3楼，有储藏室，钥匙在手，随时可看。,https://kf.lianjia.com/ershoufang/104107937402.html,凤凰城(龙亭区) 大王屯商圈,3室2厅,145.75,南 北,84.8,5819
业主诚意出售！鼎立F区精装三室改四室好楼层产权清晰,https://kf.lianjia.com/ershoufang/104107407651.html,鼎立国际城F区 鼎立商圈,3室2厅,128.63,南 北,90.0,6997
金明广场近金池名仕园小区联排别墅,https://kf.lianjia.com/ershoufang/104105843812.html,金池名仕园 集英街商圈,5室2厅,261.55,南,212.0,8106
此房带南园60平。联排别墅。。。。。。。。。。。,https://kf.lianjia.com/ershoufang/104106802020.html,宋城花园 市政府商圈,5室2厅,214.33,南,180.0,8399
房子是简装四室，带楼顶花园，户型很好，交通方便。,https://kf.lianjia.com/ershoufang/104107389474.html,翠园北街1号院 市政府商圈,4室2厅,100.0,南,30.0,3000
洋房顶楼复式带阁楼，带一大露台。,https://kf.lianjia.com/ershoufang/104104710976.html,润城东区 集英街商圈,5室3厅,210.0,南 北,150.0,7143
步梯二楼南北通透，两室朝阳，楼层好户型好,https://kf.lianjia.com/ershoufang/104107911215.html,滨河路中段 火车站商圈,2室1厅,52.1,南 北,18.3,3513
房东急售！满五唯一，无贷款，采光好，通透户型！,https://kf.lianjia.com/ershoufang/104107498511.html,蓝天中央公园 市政府商圈,2室2厅,123.0,西,85.8,6976
此房楼层低，小区有暖气可接，出门有公交站,https://kf.lianjia.com/ershoufang/104106937261.html,空分厂家属院区北区 顺河商圈,1室1厅,33.0,南,12.5,3788
西苑小区A区 2室1厅 南,https://kf.lianjia.com/ershoufang/104107475549.html,西苑小区A区 大王屯商圈,2室1厅,66.73,南,26.8,4017
幸福里经典两房低楼层采光充足另有大露台，急售,https://kf.lianjia.com/ershoufang/104106860241.html,幸福里 青年城商圈,2室2厅,78.74,南,56.0,7113
新上橄榄城一期标准两室 业主诚心 看房方便,https://kf.lianjia.com/ershoufang/104106040772.html,郑开橄榄城 西湖商圈,2室2厅,84.56,南,79.0,9343
精装修 好户型 好楼层 拎包入住 户型合理,https://kf.lianjia.com/ershoufang/104107679069.html,宋城雅居 开元商圈,2室2厅,97.15,南 北,65.0,6691
翠庭尚都 1室1厅 南,https://kf.lianjia.com/ershoufang/104107921348.html,翠庭尚都 龙亭商圈,1室1厅,41.8,南,37.0,8852
西湖边上，交通便利，环境优美，四通发达。,https://kf.lianjia.com/ershoufang/104106008478.html,新芒果蓝湾国际 集英街商圈,3室1厅,89.74,南,73.5,8191
郑开橄榄城二期3-1-1-2 127.66m² 110 万,https://kf.lianjia.com/ershoufang/104107733730.html,郑开橄榄城二期 西湖商圈,3室1厅,127.66,南,110.0,8617
格局方正，南北通透，配套成熟，生活方便,https://kf.lianjia.com/ershoufang/104104902721.html,弘福花园 市政府商圈,3室2厅,142.0,南 北,89.0,6268
小区位置优越，配套齐全，业主诚售，,https://kf.lianjia.com/ershoufang/104107528915.html,新晋美•悦都 万达商圈,3室2厅,99.93,南,69.0,6905
鼎立底层西边户 采光无遮挡，南北通透 随时过户,https://kf.lianjia.com/ershoufang/104106512106.html,鼎立·国际城E区 鼎立商圈,4室2厅,147.77,南 北,91.0,6159
恒大帝景洋房5楼  这套房是全小区洋房里头便宜一套,https://kf.lianjia.com/ershoufang/104107541461.html,恒大帝景南苑 CBD商圈,4室2厅,140.9,南,133.0,9440
森林半岛北院3房.价格低于市场价,https://kf.lianjia.com/ershoufang/104102433013.html,郑开森林半岛 万达商圈,3室1厅,110.0,南,87.0,7910
西苑C区2楼 暖气已装 含储藏室 可贷款,https://kf.lianjia.com/ershoufang/104107013533.html,西苑社区C区 大王屯商圈,2室1厅,68.37,南,34.0,4973
药厂家属院步梯四楼两室两厅一厨一卫,https://kf.lianjia.com/ershoufang/104107412565.html,药厂家属院 火车站商圈,3室1厅,79.02,南 北,25.2,3190
鼎立国际B区，小高层10楼，采光好户型好,https://kf.lianjia.com/ershoufang/104107099480.html,鼎立·国际城B区 鼎立商圈,3室2厅,123.0,南,104.0,8456
有本无大税，房子是小高层；有钥匙随时可看,https://kf.lianjia.com/ershoufang/104106814990.html,青年城 青年城商圈,4室2厅,125.0,南,82.5,6600
森林半岛 户型方正 好楼层 三室 采光好 户型棒,https://kf.lianjia.com/ershoufang/104106431207.html,郑开森林半岛南苑 万达商圈,3室2厅,113.36,南 北,80.0,7058
金悦湾 3室2厅 南,https://kf.lianjia.com/ershoufang/104107368134.html,金悦湾 鼎立商圈,3室2厅,107.0,南,70.0,6543
东苑小区二期，婚房三室，一梯两户，暖气入户，可贷款,https://kf.lianjia.com/ershoufang/104107808632.html,東苑小區 顺河商圈,3室1厅,95.04,南,41.8,4399
东京新城三室两厅一厨一卫 住宅型,https://kf.lianjia.com/ershoufang/104107726346.html,东京新城 开元商圈,3室2厅,110.0,南,71.0,6455
房子户型方正，楼层好，采光充足,https://kf.lianjia.com/ershoufang/104104576197.html,奥博嘉园 市政府商圈,3室2厅,145.65,东 西,61.0,4189
老城区繁华地段，采光好，配套设施齐全，交通便利,https://kf.lianjia.com/ershoufang/104107480368.html,西苑小区A区 大王屯商圈,3室1厅,82.81,南 北,38.0,4589
开元广场荣勋花园4楼，3室2厅,https://kf.lianjia.com/ershoufang/104107677324.html,荣勋花园 开元商圈,3室2厅,143.6,南 北,92.0,6407
小高层，中间楼层7层，单价低，采光充足,https://kf.lianjia.com/ershoufang/104107121486.html,幸福里 青年城商圈,3室2厅,116.27,南,78.0,6709
带楼下储藏室 步梯洋房 得房率高 几乎没公摊,https://kf.lianjia.com/ershoufang/104106090456.html,文绣花园 集英街商圈,2室2厅,104.86,南,59.0,5627
房的户型是洋房户型，南北通风，采光充足，中间层。,https://kf.lianjia.com/ershoufang/104106903977.html,幸福里 青年城商圈,3室2厅,120.0,南,90.0,7500
开元华庭小高精装大三房，附带入户门厅三开间朝阳,https://kf.lianjia.com/ershoufang/104107147264.html,开元华庭 开元商圈,3室2厅,136.0,南 北,117.5,8640
新房源  小三居   双卫  随意装修,https://kf.lianjia.com/ershoufang/104106659919.html,金悦湾 鼎立商圈,3室2厅,105.25,南,70.0,6651
精装两室，拎包入住，新装修一天未住，看房方,https://kf.lianjia.com/ershoufang/104106279820.html,嘉泰新城 鼎立商圈,2室1厅,67.43,南,38.0,5636
精装三室，包含全套家具家电，业主急售,https://kf.lianjia.com/ershoufang/104107650331.html,永威梅隆公馆 万达商圈,3室2厅,98.8,南 北,77.0,7794
小高层电梯房 业主全款房无大税 采光通风好,https://kf.lianjia.com/ershoufang/104106430189.html,碧水蓝城二期 集英街商圈,3室2厅,143.65,东南,105.0,7310
三楼洋房 精装修 户型方正 采光好,https://kf.lianjia.com/ershoufang/104107261822.html,金池名郡 开元商圈,3室2厅,135.5,南,129.0,9521
观湖房 三室两厅两卫 南北通透、楼层采光不遮挡,https://kf.lianjia.com/ershoufang/104106881758.html,郑开森林半岛南苑 万达商圈,3室2厅,127.0,南 北,84.0,6615
优悦城电梯房，水系景观，环境优美，,https://kf.lianjia.com/ershoufang/104106495083.html,安联优悦城 四季城商圈,3室2厅,156.25,南,100.0,6400
100万奢华装修拎包入住 2楼带北边大院子 种菜养花,https://kf.lianjia.com/ershoufang/104106852524.html,郑开橄榄城丹堤 西湖商圈,4室2厅,167.0,南 北,290.0,17366
森林半岛南苑3室2厅2卫南北通透精装修无遮挡采光好,https://kf.lianjia.com/ershoufang/104104866746.html,郑开森林半岛南苑 万达商圈,3室2厅,128.0,南 北,83.0,6485
橄榄城 3期小3房 全明无暗间  全天有阳光,https://kf.lianjia.com/ershoufang/104106433600.html,郑开橄榄城三期 西湖商圈,3室2厅,96.6,南,70.0,7247
湖东电梯洋房急售，随时看房，手续全业主急卖。,https://kf.lianjia.com/ershoufang/104107634733.html,碧水蓝城二期 集英街商圈,3室2厅,129.36,南 北,112.0,8659
西湖旁一大街海马公馆高品质电梯洋房，全屋私人定制,https://kf.lianjia.com/ershoufang/104104354648.html,海马公馆 北站商圈,3室2厅,136.0,南 北,155.0,11398
东区成熟小区，小区内环境优美，房子新装修，可当婚房,https://kf.lianjia.com/ershoufang/104107835578.html,大宏世纪新城 铁塔商圈,2室1厅,81.43,南,45.0,5527
电梯房小户型，标准一室一厅一卫一厨,https://kf.lianjia.com/ershoufang/104107887207.html,蓝天中央公园 市政府商圈,1室1厅,51.84,南,38.8,7485
五一路新小区，步梯4楼，两个大露台！！！！,https://kf.lianjia.com/ershoufang/104106839676.html,兴和玫瑰花城 大王屯商圈,2室2厅,83.0,南,42.0,5061
西苑B区 4室2厅 南 北,https://kf.lianjia.com/ershoufang/104106276998.html,西苑B区 大王屯商圈,4室2厅,128.0,南 北,61.0,4766
铂金汉宫大四房二厅二卫精装带家具家电 门口农贸市场,https://kf.lianjia.com/ershoufang/104107418402.html,万丽铂金瀚宫 开元商圈,4室2厅,138.65,南,90.0,6492
此房属于复式上下两层，精装修采光好属于小区中间位置,https://kf.lianjia.com/ershoufang/104107142806.html,世纪华庭 铁塔商圈,4室2厅,182.65,南,99.0,5421
弘福花园好楼层 双水双气 看房方便 生活交通便利,https://kf.lianjia.com/ershoufang/104104365428.html,弘福花园 市政府商圈,2室2厅,103.0,西,58.0,5632
独栋，小院有40平方左右，在小北岗里,https://kf.lianjia.com/ershoufang/104107634161.html,小北岗新村 鼎立商圈,3室2厅,175.07,南 北,110.0,6284
房子是两室一厅，一楼带院，房东已重新装修,https://kf.lianjia.com/ershoufang/104107875186.html,西苑社区C区 大王屯商圈,2室1厅,66.0,南,39.8,6031
此房产权清晰，随时可过户签约。二楼低楼层,https://kf.lianjia.com/ershoufang/104107836458.html,居乐园小区 大王屯商圈,2室1厅,70.34,南 北,35.0,4976
业主急售好房，楼层低，生活方便。,https://kf.lianjia.com/ershoufang/104107856998.html,组织部公安局交警队武夷路家属院 市政府商圈,2室2厅,85.04,南 北,53.5,6292
富士居小区 2室2厅 南,https://kf.lianjia.com/ershoufang/104107830696.html,富士居小区 铁塔商圈,2室2厅,90.0,南,53.0,5889
，成熟地段，房子方正，南北通透，出行方便,https://kf.lianjia.com/ershoufang/104107884317.html,红房院小区 火车站商圈,2室1厅,54.0,南 北,16.0,2963
西环路带活院90平 国有证两层半,https://kf.lianjia.com/ershoufang/104107882660.html,西环城路北段18号 鼎立商圈,7室4厅,315.21,南,226.0,7170
一楼带花园 诚心出售 随时看房 低总价买两房 可贷款,https://kf.lianjia.com/ershoufang/104106985622.html,祥和街小区 市政府商圈,2室1厅,50.5,南,28.2,5585
大庆路 2层，两室 18万 满五唯一 简装,https://kf.lianjia.com/ershoufang/104106775612.html,大庆路 大王屯商圈,2室2厅,55.66,南,17.0,3055
70年产权有燃气一厨一卫一室出售,https://kf.lianjia.com/ershoufang/104107934049.html,空分厂家属院西区 海洋馆商圈,1室0厅,21.0,南,8.6,4096
幸福里 两室一厅 精装修 地段好,https://kf.lianjia.com/ershoufang/104107934954.html,幸福里 青年城商圈,2室1厅,89.39,南,60.0,6713
此房精装修，户型合理，楼层低，生活方便,https://kf.lianjia.com/ershoufang/104107473484.html,无线电一厂 铁塔商圈,2室1厅,73.4,南 北,29.0,3951
房子一楼，业主急卖，价格可以谈，,https://kf.lianjia.com/ershoufang/104105775077.html,大王屯北街 大王屯商圈,2室1厅,53.0,南,22.5,4246
悦都有本无大税，满五唯一，毛坯房出售,https://kf.lianjia.com/ershoufang/104106072344.html,新晋美•悦都 万达商圈,3室2厅,121.36,南,79.0,6510
万达旁 大三室 中间楼层 采光好 全天采光无遮挡,https://kf.lianjia.com/ershoufang/104106835459.html,郑开森林半岛南苑 万达商圈,3室2厅,141.0,南,90.0,6383
步梯二楼两室一厅一厨一卫拎包入住，楼层好，户型好。,https://kf.lianjia.com/ershoufang/104107183992.html,开封供水总公司家属院 顺河商圈,2室1厅,58.32,南,21.8,3738
此房步梯四楼 中间好楼层 得房率高 区有集中供暖,https://kf.lianjia.com/ershoufang/104106987542.html,大宏世纪新城 铁塔商圈,3室2厅,123.11,南 北,57.0,4631
郑开橄榄城二期 简装修 拎包入住,https://kf.lianjia.com/ershoufang/104107401254.html,郑开橄榄城二期 西湖商圈,3室2厅,125.0,南 北,100.0,8000
仁和佳苑  三室一厅 繁华地段  生活便利,https://kf.lianjia.com/ershoufang/104107793700.html,仁和佳苑 铁塔商圈,3室1厅,90.44,南,57.0,6303
秀坪公寓 2室2厅 南,https://kf.lianjia.com/ershoufang/104107533918.html,秀坪公寓 万达商圈,2室2厅,107.8,南,42.5,3943
蓝湾国际，精装修，好楼层，急售。,https://kf.lianjia.com/ershoufang/104106976300.html,新芒果蓝湾国际 集英街商圈,3室2厅,90.22,南,72.5,8036
新装修，一天为住，全屋装修用料比较好。,https://kf.lianjia.com/ershoufang/104107787319.html,郑开橄榄城三期 西湖商圈,3室1厅,95.48,南 北,86.0,9008
鼎立商圈大三房，精装有两个大阳台,https://kf.lianjia.com/ershoufang/104106066594.html,鼎立·国际城A区 鼎立商圈,3室2厅,119.8,南 北,84.0,7012
此房产权清晰，无大税，无抵押，一楼带院子,https://kf.lianjia.com/ershoufang/104107681187.html,聚福源 相国寺商圈,3室2厅,133.0,南,104.0,7820
精装修。中间楼层。电梯房，业主诚心卖。,https://kf.lianjia.com/ershoufang/104107463069.html,宋城雅居 开元商圈,3室2厅,131.22,南,93.0,7088
萨拉曼卡 3室2厅 南 北,https://kf.lianjia.com/ershoufang/104105488727.html,萨拉曼卡 大王屯商圈,3室2厅,89.76,南 北,57.0,6351
丁角街 城墙里 位置好 中间楼层 交通便利,https://kf.lianjia.com/ershoufang/104107380395.html,丁角街 相国寺商圈,3室1厅,86.0,东 西,33.0,3838
诚心急售  餐客分离 中间楼层 价格可谈 看房方便,https://kf.lianjia.com/ershoufang/104105114648.html,东方今典 西湖商圈,3室2厅,146.0,南 北,107.0,7329
新晋美•悦都 3室2厅 南 北,https://kf.lianjia.com/ershoufang/104107532744.html,新晋美•悦都 万达商圈,3室2厅,130.85,南 北,83.0,6344
生活便利，交通便利，环境美丽，配套齐全,https://kf.lianjia.com/ershoufang/104106590941.html,翠园西北隅 市政府商圈,2室1厅,56.0,南,38.0,6786
：房子格局好 小区比较干净 多数是河大教师居住,https://kf.lianjia.com/ershoufang/104107485651.html,河南大学仁和屯生活区 铁塔商圈,3室2厅,144.0,南 北,57.0,3959
建业大宏城市花园 3室2厅 南 北,https://kf.lianjia.com/ershoufang/104107422908.html,建业大宏城市花园 鼎立商圈,3室2厅,92.0,南 北,64.6,7022
此房户型好。南北好格局，采光好，视野宽阔，采光充足,https://kf.lianjia.com/ershoufang/104107541588.html,东方今典御府 西湖商圈,3室2厅,102.49,南,85.0,8294
一大街现房 业主急卖 房子户型好，楼层好，单价低,https://kf.lianjia.com/ershoufang/104106352891.html,郑开森林半岛南苑 万达商圈,3室2厅,127.0,东南,82.0,6457
电梯洋房一楼  双水双气  小区自带幼儿园   房东急卖,https://kf.lianjia.com/ershoufang/104107553126.html,新龙御景城 大王屯商圈,3室2厅,126.24,南,95.0,7526
业主诚心出售，看房方便，价位还可以商量,https://kf.lianjia.com/ershoufang/104106951524.html,温莎尚郡 集英街商圈,3室2厅,124.0,南 北,97.0,7823
视野好 楼层好 视野开阔 交通便利,https://kf.lianjia.com/ershoufang/104104982554.html,蓝天中央公园 市政府商圈,3室1厅,89.49,南,62.0,6929
三室一厅，一厨一卫，东北户楼层适合中老人群居住,https://kf.lianjia.com/ershoufang/104106994427.html,板桥小区 相国寺商圈,3室1厅,74.0,东北,32.0,4325
采光好，视野宽敞。设施齐全。交通便利。。。,https://kf.lianjia.com/ershoufang/104107365431.html,郑开橄榄城三期 西湖商圈,3室2厅,95.16,南,80.0,8407
新上好房，小区中间位置，观景四室，视野好,https://kf.lianjia.com/ershoufang/104107706386.html,郑开橄榄城三期 西湖商圈,3室1厅,117.6,南 北,102.0,8674
碧水蓝城二期小高，精装修，户型、采光俱佳,https://kf.lianjia.com/ershoufang/104107752796.html,碧水蓝城二期 集英街商圈,3室2厅,128.77,东 南,112.0,8698
好楼层  带小车库   视野开阔,https://kf.lianjia.com/ershoufang/104107594425.html,奥博嘉园 市政府商圈,3室2厅,145.96,东,69.5,4762
西城名都，低楼层毛坯房，有钥匙随时看房。,https://kf.lianjia.com/ershoufang/104107215190.html,西城名都 市政府商圈,3室2厅,103.06,南 北,67.0,6502
橄榄城五期洋房，精装修，拎包入住，顶楼阁楼带露台,https://kf.lianjia.com/ershoufang/104107809792.html,郑开橄榄城丹堤 西湖商圈,3室2厅,108.1,南,260.0,24052
三室好房精装修拎包入住，带入户花园双阳台,https://kf.lianjia.com/ershoufang/104107462723.html,鼎立·国际城A区 鼎立商圈,3室2厅,118.86,西 南 北,90.0,7572
好楼层  带小车库   视野开阔,https://kf.lianjia.com/ershoufang/104107594425.html,奥博嘉园 市政府商圈,3室2厅,145.96,东,69.5,4762
西城名都，低楼层毛坯房，有钥匙随时看房。,https://kf.lianjia.com/ershoufang/104107215190.html,西城名都 市政府商圈,3室2厅,103.06,南 北,67.0,6502
碧水蓝城二期小高，精装修，户型、采光俱佳,https://kf.lianjia.com/ershoufang/104107752796.html,碧水蓝城二期 集英街商圈,3室2厅,128.77,东 南,112.0,8698
交通方便，生活方便，小区环境不错。,https://kf.lianjia.com/ershoufang/104107675527.html,荣勋花园 开元商圈,3室2厅,116.73,南,79.0,6768
武警花园 3室1厅 南 西南,https://kf.lianjia.com/ershoufang/104106715630.html,武警花园 鼎立商圈,3室1厅,117.0,南 西南,73.0,6240
集英街上，西湖东岸，小区西门环提路，小区环境优美,https://kf.lianjia.com/ershoufang/104104168503.html,新芒果蓝湾国际 集英街商圈,3室2厅,91.0,南,73.0,8022
：开元华庭 精装修 拎包入住  手续齐全 过户无忧,https://kf.lianjia.com/ershoufang/104105648245.html,开元华庭 开元商圈,4室3厅,182.0,南 北,142.0,7803
此房拎包入住  采光好    位置优越   出行便利,https://kf.lianjia.com/ershoufang/104107256988.html,东京家苑 开大商圈,5室2厅,251.35,南,220.0,8753
板桥小区 2室1厅 南,https://kf.lianjia.com/ershoufang/104107667731.html,板桥小区 相国寺商圈,2室1厅,53.57,南,20.0,3734
老城区，位置好，交通便利，户型方正。,https://kf.lianjia.com/ershoufang/104106996746.html,西环路中段 市政府商圈,2室1厅,53.3,南 北,31.0,5817
此房好楼层，视野好，采光充足，配套设施齐全。,https://kf.lianjia.com/ershoufang/104107206824.html,金色阳光 大王屯商圈,2室1厅,77.79,南,42.0,5400
此房满五唯一，业主急售，环境优美，商圈成熟,https://kf.lianjia.com/ershoufang/104107450165.html,星云山庄 龙亭商圈,2室1厅,60.93,南,23.5,3857
此房适合刚需购房者总价底！比较适宜老人刚需客户！,https://kf.lianjia.com/ershoufang/104107503155.html,仁和馨园 四季城商圈,2室2厅,100.0,南 北,48.0,4800
文庙小区，地理位置好，出租方便，欢迎打扰,https://kf.lianjia.com/ershoufang/104106023368.html,文庙小区 龙亭商圈,2室1厅,52.85,南,38.0,7191
精装修一天未住，可做婚房，两室好户型，采光好。,https://kf.lianjia.com/ershoufang/104105268793.html,鼎立·国际城A区 鼎立商圈,2室1厅,91.64,南,68.0,7421
西城名都精装两室两厅满五唯一诚心出售,https://kf.lianjia.com/ershoufang/104107580069.html,西城名都 市政府商圈,2室2厅,94.0,南 北,57.8,6149
电梯小高，精装两室，房主诚心出售,https://kf.lianjia.com/ershoufang/104107045239.html,利居佳苑住宅小区 鼎立商圈,2室2厅,87.0,西南,57.0,6552
帝湖世家位置好户型方正采光很好简装修交通便利,https://kf.lianjia.com/ershoufang/104106189523.html,帝湖世家 集英街商圈,2室2厅,92.0,西南,66.0,7174
森林半岛南苑*便宜的 精装两室,https://kf.lianjia.com/ershoufang/104105822758.html,郑开森林半岛南苑 万达商圈,2室2厅,86.6,南,62.0,7160
房子是小高层的中间层，满2，朝向南采光好。,https://kf.lianjia.com/ershoufang/104107809386.html,鼎立·国际城E区 鼎立商圈,2室2厅,81.82,南,56.8,6943
西湖岸边，集英  区，生活便利，环境好,https://kf.lianjia.com/ershoufang/104107465740.html,文绣花园 集英街商圈,2室2厅,78.0,南,40.0,5129
城区成熟居住地段，二楼精装户型,https://kf.lianjia.com/ershoufang/104107353799.html,龙基花苑 鼎立商圈,3室2厅,110.0,南 北,66.0,6000
东苑成熟小区四楼两室简单装修户型合理低于市场价,https://kf.lianjia.com/ershoufang/104106661512.html,東苑小區 顺河商圈,2室1厅,54.0,东南,19.8,3667
森林半岛南苑2室2厅观湖楼层诚心出售,https://kf.lianjia.com/ershoufang/104107648856.html,郑开森林半岛南苑 万达商圈,2室2厅,92.5,南,65.0,7028
苹果园东北区 全新精装 5楼不是顶楼 两室朝阳 可贷款,https://kf.lianjia.com/ershoufang/104107626498.html,苹果园小区(苹果园北街) 铁塔商圈,2室1厅,54.44,东南,23.8,4372
一楼，带20平方独院，15平方车库，实用面积很大,https://kf.lianjia.com/ershoufang/104107033056.html,祥和街小区 市政府商圈,2室1厅,59.0,南,32.0,5424
优美小区总价不高的城墙内两室，交通便利。,https://kf.lianjia.com/ershoufang/104106333543.html,翠庭尚都 龙亭商圈,2室1厅,89.8,南,71.5,7963
铂金汉宫花园洋房一楼精装修急售,https://kf.lianjia.com/ershoufang/104107432963.html,万丽铂金瀚宫 开元商圈,3室2厅,128.8,南,210.0,16305
丹尼斯旁的精装大三室。。。。。,https://kf.lianjia.com/ershoufang/104106348021.html,仁和苑 四季城商圈,3室2厅,129.52,南,67.0,5173
郑开橄榄城二期 3室2厅 南,https://kf.lianjia.com/ershoufang/104106805268.html,郑开橄榄城二期 西湖商圈,3室2厅,107.73,南,135.0,12532
永合丽景六楼复式 精装修婚房带露台,https://kf.lianjia.com/ershoufang/104105785483.html,永合丽景 市政府商圈,3室2厅,137.0,南,85.0,6205
江南人家4楼  3室2厅2卫  有车位 集中供暖 地热水,https://kf.lianjia.com/ershoufang/104107032682.html,江南人家 铁塔商圈,3室2厅,143.0,南 北,83.0,5805
花园品质小区！好楼层采光特好！,https://kf.lianjia.com/ershoufang/104106686030.html,蝶御花园 市政府商圈,3室2厅,128.0,南,91.0,7110
电梯洋房 二楼 包含储藏室 三室两厅,https://kf.lianjia.com/ershoufang/104107741356.html,龙翔·世纪城 市政府商圈,3室2厅,125.77,北,108.0,8588
东苑小区二期3楼三室一厅精装修有暖气可贷款,https://kf.lianjia.com/ershoufang/104107243993.html,東苑小區 顺河商圈,3室1厅,84.0,南,49.6,5905
枫庭金域 电梯中层 南北通透 精致装修 手续齐全,https://kf.lianjia.com/ershoufang/104103633096.html,枫庭金域 市政府商圈,2室2厅,96.0,南 北,63.2,6584
一大街 森林半岛南苑 南北通透 前边别墅采光好,https://kf.lianjia.com/ershoufang/104107803786.html,郑开森林半岛南苑 万达商圈,3室2厅,96.0,南 北,76.0,7917
军休家园 3室1厅 南 北,https://kf.lianjia.com/ershoufang/104107622920.html,军休家园 铁塔商圈,3室1厅,74.49,南 北,37.8,5075
帝湖世家 三室两厅 精装修 带家具家电 随时看房,https://kf.lianjia.com/ershoufang/104106770293.html,帝湖世家 集英街商圈,3室2厅,129.7,南,112.0,8636
精装修，南北通出门就是黄汴河公园，环境好,https://kf.lianjia.com/ershoufang/104107258780.html,龙翔·香格里拉 青年城商圈,3室2厅,109.0,南,80.0,7340
成熟社区，精装修拎包入住。业主诚心出售。,https://kf.lianjia.com/ershoufang/104105708192.html,鼎立·国际城A区 鼎立商圈,3室2厅,120.0,南 北,95.0,7917
城市经典花园小区  经典三室两厅 房东急卖,https://kf.lianjia.com/ershoufang/104106660490.html,城市经典花园小区 海洋馆商圈,4室2厅,120.88,东南,48.0,3971
市区位置，出行方便，人文素质比较高，价位合理，,https://kf.lianjia.com/ershoufang/104105756853.html,开封市万善街干部休养所 相国寺商圈,3室2厅,119.0,南,73.0,6135
电梯洋房！精装修，户型方正，拎包入住！,https://kf.lianjia.com/ershoufang/104107261639.html,伟业香堤湾 集英街商圈,3室2厅,117.0,南,96.0,8206
花园品质小区！南北透气好楼层采光特好！业主诚心出售,https://kf.lianjia.com/ershoufang/104107060297.html,蝶御花园 市政府商圈,3室2厅,128.0,南 北,89.9,7024
步梯三室一厅一厨一卫拎包入住，户型好采光好,https://kf.lianjia.com/ershoufang/104107129221.html,苹北小区 铁塔商圈,3室1厅,68.0,东南,20.5,3015
红砖房，得胜坊四楼精装修，两室全款过户，看房方便。,https://kf.lianjia.com/ershoufang/104107592467.html,得胜坊 顺河商圈,2室2厅,60.0,南,25.8,4300
此房诚心出售 价格可谈需 看房提前联系 带鞋套,https://kf.lianjia.com/ershoufang/104105857210.html,永威梅隆公馆 万达商圈,3室2厅,139.0,南,130.0,9353
东苑小区步梯四楼两室一厅精装修,https://kf.lianjia.com/ershoufang/104107857280.html,東苑小區 顺河商圈,2室1厅,61.0,南 北,28.9,4738
一楼带院子精装大两房可随时可看房子,https://kf.lianjia.com/ershoufang/104105381868.html,西郊商场民政局家属院 市政府商圈,2室2厅,89.0,南 北,59.0,6630
好楼层 好楼层 翠苑小区好楼层2层两一厅，两室朝阳。,https://kf.lianjia.com/ershoufang/104107176775.html,翠园中街 市政府商圈,2室1厅,56.6,南,24.8,4382
成熟地段好楼层南北通透采光充足视野开阔,https://kf.lianjia.com/ershoufang/104106647003.html,工商银行家属楼 市政府商圈,2室1厅,52.0,南 北,25.8,4962
苹果园南区 2室1厅 南,https://kf.lianjia.com/ershoufang/104107679087.html,苹果园南区 铁塔商圈,2室1厅,57.66,南,28.0,4857
仁和苑五楼，不是顶楼，精装两室，户型方正，随时看房,https://kf.lianjia.com/ershoufang/104107652863.html,仁和苑 四季城商圈,2室2厅,81.52,南 北,38.0,4662
集英街上碧水蓝城三期温馨两居室精装修。附家具家电,https://kf.lianjia.com/ershoufang/104107546037.html,碧水蓝城三期 集英街商圈,2室2厅,85.0,南,69.0,8118
一楼带活院，简装两室，拎包入住，出行方便,https://kf.lianjia.com/ershoufang/104106616531.html,星云山庄 龙亭商圈,2室1厅,64.0,南,30.0,4688
成熟社区 经典户型， 精装修，户型方正。,https://kf.lianjia.com/ershoufang/104107521481.html,汴京路14号 顺河商圈,2室1厅,47.23,南 北,14.8,3134
翠园成熟小区，生活方便，交通便利。,https://kf.lianjia.com/ershoufang/104106948125.html,翠园路 市政府商圈,2室1厅,56.55,南,21.9,3873
新上，几乎未住，装修保养好，采光无遮挡，业主诚心,https://kf.lianjia.com/ershoufang/104107668364.html,东方今典 西湖商圈,1室0厅,52.0,南,45.0,8654
电业局家属楼2-1-1-1 59.00m² 25 万,https://kf.lianjia.com/ershoufang/104107537464.html,电业局家属楼 市政府商圈,2室1厅,59.0,南 北,23.8,4034
