恒大名都，万达商圈，经典三房，全景观湖，老证少税,https://wh.lianjia.com/ershoufang/104107935636.html,恒大名都 盘龙城,3室2厅,125.62,南,127.0,10110
巢上城清水毛坯 无遮挡 满五唯一,https://wh.lianjia.com/ershoufang/104107952099.html,巢上城锦园 盘龙城,3室2厅,90.94,南 北,90.0,9897
房子户型方正，无遮挡，老证，户型方正，通透户型,https://wh.lianjia.com/ershoufang/104107950250.html,观澜高尔夫公馆 沌口,3室1厅,93.0,南,144.5,15538
东鑫鑫海花城东区 3室1厅 南,https://wh.lianjia.com/ershoufang/104107945547.html,东鑫鑫海花城东区 金银湖,3室1厅,129.53,南,105.0,8107
生活不止眼前的苟且，还有诗和此房！满五唯一、诚售,https://wh.lianjia.com/ershoufang/104107939712.html,金地格林东郡 民族大道,3室2厅,96.43,南,277.0,28726
麦德龙商圈中城时代低密度小区，老证，一梯两户公摊小,https://wh.lianjia.com/ershoufang/104107946410.html,中城时代一期 盘龙城,3室2厅,80.25,南,90.0,11215
顶琇国际城一期  简装满二  高层非顶楼 东南 采光好,https://wh.lianjia.com/ershoufang/104107950375.html,顶琇国际城 唐家墩,3室1厅,95.7,东南,179.0,18705
汉阳区 钟家村 西大街 老证精装 看房方便 采光无遮挡,https://wh.lianjia.com/ershoufang/104107938293.html,世茂锦绣长江二期 钟家村,2室2厅,101.95,南 北,228.0,22364
锦绣江山一期 3室2厅 东 西,https://wh.lianjia.com/ershoufang/104107945785.html,锦绣江山一期 钟家村,3室2厅,174.3,东 西,318.0,18245
6号线地铁口，满二税费低，业主诚心卖,https://wh.lianjia.com/ershoufang/104107946106.html,万福国际广场 钟家村,3室1厅,85.28,南,140.0,16417
(店长推荐）诚心出售的小三房 老证无贷过户快 有钥匙,https://wh.lianjia.com/ershoufang/104107944455.html,巢上城俊园 盘龙城,3室1厅,87.52,东南,91.0,10398
中百，天泽一方底商，菜场就在楼下，出门公交站,https://wh.lianjia.com/ershoufang/104107945119.html,天泽一方 古田,3室1厅,130.83,南 北,185.0,14141
小区单价低+老证+无贷款+随时看房,https://wh.lianjia.com/ershoufang/104107942529.html,兴华尚都国际 CBD西北湖,4室1厅,137.92,南 北,275.0,19940
光谷柒零社区大三房两卫，户型通透，采光好，视野开阔,https://wh.lianjia.com/ershoufang/104107946282.html,柒零社区 关西长职,3室1厅,114.71,南 北,165.0,14385
【贝壳优选】广电精装老证带车位改善大三房,https://wh.lianjia.com/ershoufang/104107960772.html,广电兰亭荣荟 古田,3室2厅,125.13,南,220.0,17582
万科精装修  二房   带暖气  视野无遮挡,https://wh.lianjia.com/ershoufang/104107924412.html,万科花山紫悦湾 光谷东,2室2厅,80.0,南,145.0,18125
东方新天地   毛坯两房   户型方正    老证  中间楼层,https://wh.lianjia.com/ershoufang/104107956839.html,东方新天地 阳逻,2室2厅,94.37,南,45.0,4769
临江安静，法式园林，南北通透小高层洋房,https://wh.lianjia.com/ershoufang/104107946543.html,汉水新城中法印象 蔡甸城区,3室2厅,98.33,南 北,67.0,6814
蔡甸广场地铁口 荷风雅居精装三房 证满中间楼层,https://wh.lianjia.com/ershoufang/104107837622.html,荷风雅居 蔡甸城区,3室2厅,107.03,东 西,73.0,6821
清江山水1.3期，14年交房。小高层。证满二年,https://wh.lianjia.com/ershoufang/104107914502.html,清江山水 民族大道,3室1厅,80.37,南,175.0,21775
新世界恒大华府40w精装3房，不临街和铁路，好楼层急售,https://wh.lianjia.com/ershoufang/104107921763.html,新世界恒大华府 华科大,3室2厅,112.25,南,278.0,24767
此房老证，产权清晰税费少，高楼层视野好！,https://wh.lianjia.com/ershoufang/104107929417.html,统建同安家园 后湖,3室1厅,90.67,南,153.0,16875
户部巷 南北通透二房 房东诚心出售 低楼层,https://wh.lianjia.com/ershoufang/104107908485.html,民主路63号 首义,2室2厅,75.76,南 北,137.9,18203
优质四房公摊小老证户型方正双阳台视野无遮挡楼层好,https://wh.lianjia.com/ershoufang/104107939543.html,光明上海公馆 塔子湖,4室2厅,138.24,东南,290.0,20979
此房为老证，后期税费少，位置安静，生活配套完善,https://wh.lianjia.com/ershoufang/104107944045.html,横桥村 武广万松园,2室1厅,52.99,东 北,86.0,16230
精装高层全天采光无遮挡 小区中间位置 满五年省税,https://wh.lianjia.com/ershoufang/104107925709.html,汉阳人信汇二期天悦 王家湾,3室2厅,89.76,南,175.0,19497
蓝光COCO时代 270度无遮挡俯瞰荷叶山公园  满两年,https://wh.lianjia.com/ershoufang/104107952956.html,蓝光COCO时代 华科大,2室1厅,76.82,南,165.0,21479
中建文华星城  清水毛坯  二室二厅  诚心出售,https://wh.lianjia.com/ershoufang/104107945000.html,中建文华星城 文化大道,2室2厅,82.92,南,113.0,13628
此房满五年，楼层好，视野宽阔，拎包入住。,https://wh.lianjia.com/ershoufang/104107944225.html,保利中央公馆 新南湖,3室2厅,97.42,南,236.0,24226
带精装修通透好三房，大阳台，证满少税,https://wh.lianjia.com/ershoufang/104107949015.html,新力帝泊湾 盘龙城,3室1厅,95.03,南,108.0,11365
绿地四期精装房，中间位置，全新未住人满两年无增值税,https://wh.lianjia.com/ershoufang/104107905308.html,绿地国际理想城四期 光谷南,3室2厅,94.05,南 北,220.0,23392
通透大三房，采光好，户型方正，朝南户型，环境舒适,https://wh.lianjia.com/ershoufang/104107909556.html,盘龙新天地一期 盘龙城,3室2厅,129.0,南,100.0,7752
卧龙丽景湾三期 3室1厅 南 北,https://wh.lianjia.com/ershoufang/104107952474.html,卧龙丽景湾三期 金银湖,3室1厅,100.47,南 北,135.0,13437
楚天都市雅园，自住精装通透两房，小高层，满两年！,https://wh.lianjia.com/ershoufang/104107940799.html,楚天都市雅园 东湖东亭,2室2厅,73.6,南,205.0,27854
宝安璞园通透三房  精装修  楼层好,https://wh.lianjia.com/ershoufang/104107954541.html,宝安璞园二期 南湖沃尔玛,3室2厅,103.81,南,233.0,22445
满二 正南正北 大阳台 楼层好视野开阔 交通方便,https://wh.lianjia.com/ershoufang/104107936313.html,喜瑞都 白沙洲,4室2厅,135.55,南 北,233.0,17190
70年产权，老证后期税费低，房东自住装修，带朝南阳台,https://wh.lianjia.com/ershoufang/104107902354.html,仁厚社区 汉正街,2室1厅,65.13,南 北,90.0,13819
保利心语 正D铁口小三居 得房率高出行方便  视野好,https://wh.lianjia.com/ershoufang/104107935732.html,保利心语七期 珞狮南路,3室1厅,87.04,南,167.7,19268
【两房边户】少有户型 采光不错 价格合理 还税少,https://wh.lianjia.com/ershoufang/104107919332.html,保利城 团结大道,2室2厅,88.55,南,193.7,21875
老证毛坯 中高楼层 采光好 三房两厅,https://wh.lianjia.com/ershoufang/104107932343.html,绿地汉口中心 塔子湖,3室2厅,94.61,南,185.0,19554
盘龙城，澜桥康城，花园洋房，边户院子，老证税低。,https://wh.lianjia.com/ershoufang/104107936243.html,澜桥康城 盘龙城,3室2厅,102.26,南 北,88.0,8606
青少年宫旁，精装3房，一线看青少年宫，视野好,https://wh.lianjia.com/ershoufang/104107914162.html,中侨观邸 台北香港路,3室1厅,140.35,西南,295.0,21019
市教委小区，外校陪读，低楼层。。,https://wh.lianjia.com/ershoufang/104107936957.html,市教委万松小区 武广万松园,2室1厅,67.59,南,142.0,21010
尚璟2期，全房中 央空调次新房，中间楼层，老证税少。,https://wh.lianjia.com/ershoufang/104107908005.html,尚璟瑞府 盘龙城,4室2厅,129.58,南 北,137.9,10643
保利双地铁 三个房间很均衡 公摊小 满两年楼层视野好,https://wh.lianjia.com/ershoufang/104107917075.html,保利心语七期 珞狮南路,3室2厅,90.92,南 北,169.0,18588
满两年，小区中间位置中高楼层，可看泳池，诚心卖,https://wh.lianjia.com/ershoufang/104107918107.html,保利时代北区 民族大道,3室2厅,119.08,南,395.0,33171
沿海赛洛城六期  翡丽公馆  精装三房 满二年,https://wh.lianjia.com/ershoufang/104107939328.html,沿海翡丽公馆 金银湖,3室1厅,91.77,南,110.0,11987
绿地二期 毛坯三房两卫 产证满二中间楼层 前后无遮挡,https://wh.lianjia.com/ershoufang/104107909490.html,绿地国际理想城 光谷南,3室2厅,119.99,南,263.0,21919
新上房源！大江园舒适两房，朝南不临街，老证方便看！,https://wh.lianjia.com/ershoufang/104107946465.html,统建大江园南苑 育才花桥,2室2厅,95.14,南,240.0,25226
二七人家大两房非一楼顶楼低总价诚意出售,https://wh.lianjia.com/ershoufang/104107913353.html,二七人家 二七,2室1厅,79.38,东北,115.0,14488
老证，南北方向，精装修，视线开阔，配套齐全,https://wh.lianjia.com/ershoufang/104107951770.html,美联奥林匹克花园二期 常青花园,3室2厅,120.54,南 北,195.0,16178
恒大绿洲，精 装 朝 南 大 四 房，诚 意 出 售,https://wh.lianjia.com/ershoufang/104107267468.html,恒大绿洲 中法生态城,4室2厅,144.76,南,136.0,9395
温馨苑AB区 精装四房 带150平米私家大露台 带菜园,https://wh.lianjia.com/ershoufang/104107938283.html,温馨苑AB区 百步亭,4室1厅,159.0,南,195.0,12265
平安光谷春天 3室1厅 南,https://wh.lianjia.com/ershoufang/104107951528.html,平安光谷春天 金融港,3室1厅,84.78,南,170.0,20052
香缇美景+标准三房+交通方便+就读方便+诚心出售,https://wh.lianjia.com/ershoufang/104107956725.html,香缇美景 常青路,3室2厅,100.95,南 北,129.8,12858
宝善社区 2室1厅 南,https://wh.lianjia.com/ershoufang/104107946055.html,宝善社区 汉正街,2室1厅,76.32,南,137.0,17951
荣西社区中间楼层 精装修 看房方便 产权老证,https://wh.lianjia.com/ershoufang/104107947914.html,荣西社区 集贤,2室1厅,75.78,南 北,136.0,17947
奥山旁 4楼 地铁5，12双地铁 全房实木家具 拎包入住,https://wh.lianjia.com/ershoufang/104107957917.html,和平花苑东区 青山,3室2厅,128.54,南 北,215.0,16727
急售！6号线正地铁口三房两卫，老证，精装修,https://wh.lianjia.com/ershoufang/104107951700.html,万福国际广场 钟家村,3室2厅,97.51,南,160.0,16409
平安光谷春天 精装小三房 中间楼层 满五唯一,https://wh.lianjia.com/ershoufang/104107942865.html,平安光谷春天 金融港,2室2厅,84.78,南,178.0,20996
电梯复式 低总价得4房 房子美的很,https://wh.lianjia.com/ershoufang/104107869474.html,楚邦汉界 后湖,4室2厅,97.36,南,235.0,24138
佛祖岭地铁，总价低，业主诚心出售，小区价格天花板,https://wh.lianjia.com/ershoufang/104107874382.html,藏龙新城 金融港,3室1厅,122.24,南,132.0,10799
水岸星城一楼花园洋房 低总价 证满少税 诚心出售,https://wh.lianjia.com/ershoufang/104107844654.html,水岸星城 沙湖,4室2厅,167.8,南 北,520.0,30990
樱海园 满二 小三房  中间楼层  采光好  看房方便,https://wh.lianjia.com/ershoufang/104107853076.html,世茂云锦樱海园 白沙洲,3室2厅,94.95,南,175.0,18431
百变毛坯 通风效果好 有钥匙  满五唯一边户,https://wh.lianjia.com/ershoufang/104107862348.html,保利海上五月花一期 庙山,3室2厅,90.32,南 北,118.0,13065
群星城边 汪家墩地tei口 电梯小洋房 一梯两户公摊小,https://wh.lianjia.com/ershoufang/104107845069.html,紫金苑 徐东,3室2厅,139.65,南 北,225.0,16112
此房公摊小，价格便宜，中间楼层，业主诚心出售,https://wh.lianjia.com/ershoufang/104107875615.html,万科金色城市23地块 白沙洲,3室2厅,91.72,西南,150.0,16355
老证满五唯一，税费少，户型方正，诚意出售,https://wh.lianjia.com/ershoufang/104107863786.html,翠堤春晓 金银湖,2室2厅,101.38,南 北,103.0,10160
天汇龙城二期精装修三室一厅一厨两卫,https://wh.lianjia.com/ershoufang/104107869817.html,天汇龙城二期 盘龙城,3室1厅,119.91,南,130.0,10842
保利拉菲  精装三房 满五年 未入住 看房方便有钥匙,https://wh.lianjia.com/ershoufang/104107895204.html,保利拉菲 卓刀泉,3室1厅,88.27,北,210.0,23791
近地铁，低公摊，小高层，楼层好，配套齐全,https://wh.lianjia.com/ershoufang/104107868095.html,华大家园 珞狮南路,3室2厅,138.42,北 南,254.0,18350
二环内婚房装修西南朝向大三房  三条地铁环伺四通八达,https://wh.lianjia.com/ershoufang/104107868544.html,黎明新居 街道口,3室2厅,105.56,南,270.0,25578
同安电梯大两房 楼层好采光好 带暖气 出行很方便,https://wh.lianjia.com/ershoufang/104107879187.html,统建同安家园 后湖,2室2厅,91.52,南,159.0,17374
福星惠誉红桥城 可看江 中高层 无贷款 无抵押,https://wh.lianjia.com/ershoufang/104107886247.html,福星惠誉红桥城 堤角,4室2厅,138.94,南,202.0,14539
精装三房，人车分流，老证，楼层中高,https://wh.lianjia.com/ershoufang/104107895000.html,银泰御华园一期 百步亭,3室2厅,129.78,南,312.0,24041
小区中间楼栋，赏公园景观，地铁3号线和8号线出行,https://wh.lianjia.com/ershoufang/104107880075.html,绿地汉口中心 塔子湖,3室2厅,96.02,南 北,180.0,18747
次新小区， 朝南，地铁口，老证满五唯一，诚心卖,https://wh.lianjia.com/ershoufang/104107872283.html,幸福时代 百步亭,3室2厅,122.01,南 北,249.0,20409
老证，精装修小三房，中高楼层，采光好,https://wh.lianjia.com/ershoufang/104107863976.html,沿海翡丽公馆 金银湖,3室2厅,94.92,南,110.0,11589
龙台桃园毛坯三房  老证  税费低,https://wh.lianjia.com/ershoufang/104107870440.html,龙台二期桃源 后官湖,3室2厅,90.68,南,92.0,10146
一梯两户洋房，南北通透，产证满两年，无贷款，随时看,https://wh.lianjia.com/ershoufang/104107878588.html,长投绿城蘭园 藏龙岛,3室2厅,92.43,南 北,133.0,14390
光谷创业街新世界恒大华府精装小洋房 业主诚售,https://wh.lianjia.com/ershoufang/104107889495.html,新世界恒大华府 华科大,2室2厅,90.95,南 北,214.0,23530
中北路4、8号双地铁 集中供暖精装湖景大三房 满二,https://wh.lianjia.com/ershoufang/104107895742.html,当代东湖壹号 中北路,4室2厅,139.32,南 北,450.0,32300
边户通透性好，自住保养拎包入住，视野开阔，证满两年,https://wh.lianjia.com/ershoufang/104107881135.html,华润紫云府一期 白沙洲,3室2厅,90.48,南 北,159.0,17573
一线湖景毛坯小三房随意装修诚心出售价可谈看房有钥匙,https://wh.lianjia.com/ershoufang/104107851744.html,楚天都市沁园 黄家湖,3室1厅,90.04,南 北,137.0,15216
此小区环境优美，配套成熟 品质物业 采光好，视野好,https://wh.lianjia.com/ershoufang/104107899179.html,万科花山紫悦湾 光谷东,3室1厅,117.67,南 北,210.0,17847
坐标城九期精装三房维护好随时可签约,https://wh.lianjia.com/ershoufang/104107843104.html,长城坐标城九期 关山大道,3室2厅,108.33,南 北,305.0,28155
江南明珠园  看小区花园 满两年 高楼层 有钥匙 江景房,https://wh.lianjia.com/ershoufang/104107858250.html,江南明珠园 积玉桥,3室2厅,138.3,南 北,345.0,24946
汉正街暨济商城正规两室一厅房东诚心出售,https://wh.lianjia.com/ershoufang/104107834196.html,暨济春天园 汉正街,3室1厅,87.49,南,155.0,17717
业主随时签约 随时看房 诚心出售,https://wh.lianjia.com/ershoufang/104107879820.html,中建康城 关山大道,3室1厅,90.11,南 北,189.0,20975
地铁时代常青城  老证 电梯小高层 精装房,https://wh.lianjia.com/ershoufang/104107850745.html,地铁时代常青城 将军路,4室2厅,119.56,南 北,157.0,13132
九全嘉边精装三房，满五唯一，拎包入住，看房方便,https://wh.lianjia.com/ershoufang/104107876038.html,花山美庐 纸坊,3室2厅,85.65,南,106.0,12376
瞰湖西北湖，全明户型，老证，观湖效果棒,https://wh.lianjia.com/ershoufang/104107870696.html,万豪国际 CBD西北湖,3室2厅,144.53,南 北,360.0,24909
御湖世家1号楼  看沙湖全湖景 交房未入住 新房 满二,https://wh.lianjia.com/ershoufang/104107845602.html,万达御湖世家 楚河汉街,4室2厅,252.38,南 北,1080.0,42793
金岛御璟世家 2室2厅 南,https://wh.lianjia.com/ershoufang/104107837345.html,金岛御璟世家 后湖,2室2厅,80.58,南,178.0,22090
12号线地铁口精装三房诚意出售,https://wh.lianjia.com/ershoufang/104107836330.html,纽宾凯汉city国际社区蜜城 四新,3室2厅,90.53,南,169.9,18768
新装修两房通透户型 户型好 采光不错 业主诚心出售,https://wh.lianjia.com/ershoufang/104107877894.html,保利城 团结大道,2室2厅,89.38,南,193.0,21594
上海FU邸2期 满二年 中层 看房有钥匙,https://wh.lianjia.com/ershoufang/104107858821.html,光明上海府邸 四新,3室2厅,106.69,南 北,180.0,16872
徐东爱家国际华城 大四房 南北通透 万科物业 小高层,https://wh.lianjia.com/ershoufang/104107903397.html,爱家国际华城 团结大道,4室1厅,164.14,南 北,318.0,19374
铂金物业 园林小区 精装领包入住 湖景平层,https://wh.lianjia.com/ershoufang/104107868225.html,加州橘郡 庙山,3室2厅,97.55,南 北,112.0,11482
华为旁  两房朝南 高楼层 南面没有遮挡 有钥匙,https://wh.lianjia.com/ershoufang/104107898764.html,北大资源山水年华二期 光谷东,2室2厅,76.12,南,167.0,21940
要小三房的看过来 总价低 满二税费少,https://wh.lianjia.com/ershoufang/104107880055.html,鑫宇花园 白沙洲,3室2厅,78.76,南,110.0,13967
(户型方正)(中高楼层)(拎包入住)(产证满二)(随时看房),https://wh.lianjia.com/ershoufang/104107866886.html,蓝光COCO时代 华科大,3室2厅,87.02,南,190.0,21835
文锦苑 一中旁边 正规两室一厅 电梯房有钥匙 随时看房,https://wh.lianjia.com/ershoufang/104107852735.html,文锦苑 长港路,2室2厅,101.43,南 北,129.0,12719
新二环 居家老证大两房 楼层视野好 可拎包入住,https://wh.lianjia.com/ershoufang/104107867403.html,珞珈雅苑 珞狮南路,2室2厅,89.49,南,155.0,17321
南湖畔地铁口 精装三房 中高楼层通透双阳台 诚心出售,https://wh.lianjia.com/ershoufang/104107882022.html,南湖雅园 珞狮南路,3室2厅,128.54,南 北,233.0,18127
中建南湖壹号 临湖三居两卫  次新湖景房 满二 有钥匙,https://wh.lianjia.com/ershoufang/104107874202.html,中建南湖壹号 珞狮南路,3室2厅,125.4,南 北,325.0,25918
龙头街水产小区，大三房，证满仅售89万，价格可谈,https://wh.lianjia.com/ershoufang/104107844259.html,龙头街水产局 纸坊,3室2厅,131.58,南,86.0,6536
恒大城二期  老证满二 精装3房 没住过人,https://wh.lianjia.com/ershoufang/104107871096.html,恒大城 金银湖,3室2厅,89.88,南 北,105.0,11683
世纪江尚，看江，户型方正，布局清晰，交通便利！,https://wh.lianjia.com/ershoufang/104107901442.html,世纪江尚 前进江汉,3室1厅,123.46,东 东南 南,380.0,30780
满二 中间楼层，采光好，一线湖景房，业主自住装修。,https://wh.lianjia.com/ershoufang/104107860587.html,保利蓝海郡 卓刀泉,3室2厅,93.13,南,218.0,23409
正徐东大街，都市经典，毛坯房次新房，通透户型，满二,https://wh.lianjia.com/ershoufang/104107840423.html,都市经典 沙湖,3室2厅,133.41,南 北,310.0,23237
优质四房 精装拎包入住 三面采光充足 楼层好视野开阔,https://wh.lianjia.com/ershoufang/104107847744.html,尚璟瑞府 盘龙城,4室2厅,131.8,南,143.0,10850
此房产证满两年 电梯房 中高楼层 全南户型,https://wh.lianjia.com/ershoufang/104107859983.html,保利上城 白沙洲,3室2厅,99.23,南,167.0,16830
正徐东地铁口小区，南北通透自住婚房精装三房！,https://wh.lianjia.com/ershoufang/104107840771.html,华腾园 徐东,3室1厅,86.84,北 南,180.0,20728
此房满五唯一 光谷天地旁  产证清晰 后期税费少,https://wh.lianjia.com/ershoufang/104107869343.html,长城坐标城 关山大道,2室2厅,93.01,东 西,204.0,21934
贝壳-精选 绿地 毛坯三房 无遮挡 好楼层 采光好,https://wh.lianjia.com/ershoufang/104107847607.html,绿地汉口中心 塔子湖,3室1厅,95.89,南,165.0,17208
保利新武昌 满二，地铁口。南北通透 双阳台精装大三房,https://wh.lianjia.com/ershoufang/104107865300.html,保利新武昌 白沙洲,3室2厅,129.31,南 北,257.0,19875
顺民宜盛花园 精装婚房 中高层 采光 视野都挺好,https://wh.lianjia.com/ershoufang/104107885982.html,顺民宜盛花园 光谷东,3室2厅,104.94,南,217.0,20679
一线湖景，半岛岛尖，居住安静，采光通风好，诚心出售,https://wh.lianjia.com/ershoufang/104107888974.html,世茂林屿岸 文化大道,3室2厅,88.26,南 北,129.0,14616
公园小区 大四房 精装修 带地暖 老证 南北通透,https://wh.lianjia.com/ershoufang/104107050075.html,晋合金桥世家 后湖,4室2厅,182.23,南 北,438.0,24036
《链家臻选》后湖金桥永旺旁精装复式.带80平全南露台,https://wh.lianjia.com/ershoufang/104107584451.html,青青美庐西区 后湖,4室2厅,183.19,南 北,275.0,15012
地铁口 恒大绿洲精装四房  采光充足 配套齐全,https://wh.lianjia.com/ershoufang/104107285590.html,恒大绿洲 中法生态城,4室2厅,146.54,南,135.0,9213
恒大绿洲 4室2厅 南,https://wh.lianjia.com/ershoufang/104107378453.html,恒大绿洲 中法生态城,4室2厅,147.3,南,135.0,9165
黄埔佳苑复式楼毛坯诚心出售！！！,https://wh.lianjia.com/ershoufang/104107325435.html,黄埔佳苑 二七,3室2厅,174.5,南 北,177.0,10144
鼎盛华城大四房，精装修没住过拧包入住，老证，人工湖,https://wh.lianjia.com/ershoufang/104107182624.html,鼎盛华城 后湖,4室1厅,155.71,南 北,285.0,18304
民族大道 软件园旁 顶层复式 南北通透 看房方便,https://wh.lianjia.com/ershoufang/104107151378.html,山水华庭 民族大道,5室2厅,202.59,南 北,210.0,10366
徐东大街地铁口 王家墩站 自带大露台 买一层得三层,https://wh.lianjia.com/ershoufang/104106634540.html,鹏程花园 徐东,4室2厅,198.58,东,215.0,10827
万达广场旁，精装四房，园林式小区，满五唯一,https://wh.lianjia.com/ershoufang/104107122615.html,三金华都 新华路万达,5室2厅,197.48,东南,430.0,21775
露台57㎡ 5室2厅3卫 居住舒适度好 视野好 公摊18%,https://wh.lianjia.com/ershoufang/104107658025.html,花样年花样城二期 金银湖,5室2厅,132.73,南,139.0,10473
后湖商圈双地铁口汉口城市广场一梯一户通透大四房老证,https://wh.lianjia.com/ershoufang/104107671531.html,汉口城市广场 后湖,4室2厅,145.43,南 北,345.0,23723
国庭 毛坯大三房 小区绿化高 人车分流 金桥永旺旁,https://wh.lianjia.com/ershoufang/104105108617.html,国庭 后湖,3室2厅,147.85,南,213.0,14407
汤逊湖旁 精装修别墅  看房方便  业主诚心出售,https://wh.lianjia.com/ershoufang/104106192120.html,中建汤逊湖壹号 文化大道,5室2厅,198.86,南 北,450.0,22629
汉阳滨江大五房 老证看房方便 业主诚心卖,https://wh.lianjia.com/ershoufang/104105829144.html,世茂锦绣长江二期 钟家村,5室2厅,236.54,南 北,485.0,20504
世纪江尚江景房中高层、可看江和小区花园，诚心出售。,https://wh.lianjia.com/ershoufang/104107318453.html,世纪江尚 前进江汉,4室1厅,185.67,东 西,520.0,28007
房子满二，别墅带院子，地下车库两个车位。业主诚心卖,https://wh.lianjia.com/ershoufang/104107185907.html,巴黎春天 文化大道,3室2厅,155.0,南,394.5,25452
房产证满五，南北格局，大复式，视野开阔，采光充足,https://wh.lianjia.com/ershoufang/104107089814.html,金湖家园 金银湖,5室2厅,118.07,西南,159.0,13467
万科品牌物业，小区环境好采光好，百万装修拎包入住,https://wh.lianjia.com/ershoufang/104107512406.html,爱家皇家公馆 团结大道,4室2厅,191.07,南,410.0,21459
徐东大街 婚装 阳光充足 正规复式楼 电梯小高层,https://wh.lianjia.com/ershoufang/104107425194.html,新新花园 徐东,4室2厅,263.02,东南,419.0,15931
国庭，楼层好，南北朝向，全亮通风，老证可拎包入,https://wh.lianjia.com/ershoufang/104104442832.html,国庭 后湖,3室2厅,127.23,南,218.8,17198
香山花园大四房，小高层公摊小，三面采光，诚心出售,https://wh.lianjia.com/ershoufang/104107290368.html,七星香山花园 后湖,4室2厅,153.27,南 北,211.0,13767
两层，有装修，交通便利，生活方便,https://wh.lianjia.com/ershoufang/104105472132.html,富豪花园 CBD西北湖,5室2厅,249.41,南,361.0,14475
多层公摊小 精装通透三房 老证,https://wh.lianjia.com/ershoufang/104107699495.html,同鑫花园景福苑 后湖,3室2厅,108.11,南 北,166.0,15355
此房近地铁，四房大户型格局好，带入户花园，交通便利,https://wh.lianjia.com/ershoufang/104107159708.html,珩生领袖城 盘龙城,4室2厅,155.11,南,120.0,7737
【店长推荐】顶楼复式，南北通透，,https://wh.lianjia.com/ershoufang/104107065265.html,世纪家园 后湖,4室2厅,174.9,南 北,220.0,12579
中层采光充足 有车位 不临马路 双阳台  全明户型,https://wh.lianjia.com/ershoufang/104107497014.html,电业新村 武广万松园,4室2厅,148.8,南 北,380.0,25538
有轨电车旁 全新装修 双阳台 老证 户型通透拎包入住,https://wh.lianjia.com/ershoufang/104107868445.html,碧波山庄 后官湖,2室2厅,101.36,南 北,90.0,8880
汉北大全景 3室1厅 南,https://wh.lianjia.com/ershoufang/104107881340.html,汉北大全景 武湖,3室1厅,98.03,南,108.0,11018
未来海岸，中间楼层，老证，低于市场价出,https://wh.lianjia.com/ershoufang/104107891847.html,未来海岸 盘龙城,3室1厅,97.65,南,63.0,6452
建新东区 5室2厅 南,https://wh.lianjia.com/ershoufang/104107876828.html,建新东区 蔡甸城区,5室2厅,173.82,南,85.0,4891
对棋盘街粮道街总价低小户型地铁口,https://wh.lianjia.com/ershoufang/104107939872.html,小东门社区 积玉桥,1室0厅,25.32,南,58.0,22907
保利中央公馆 3室2厅 南,https://wh.lianjia.com/ershoufang/104107921391.html,保利中央公馆 新南湖,3室2厅,92.46,南,220.0,23795
景兰苑 婚房装修 中高层电梯房 不临街 无遮挡,https://wh.lianjia.com/ershoufang/104107922935.html,景兰苑 百步亭,2室2厅,85.08,南,134.0,15750
水域小两房，楼层采光好，总价低，满二税少，诚心卖,https://wh.lianjia.com/ershoufang/104107943952.html,水域天际 南湖沃尔玛,2室1厅,46.77,南,189.0,40411
金地自在城  精装 通透双阳台三房 诚心出售,https://wh.lianjia.com/ershoufang/104107910098.html,金地自在城 团结大道,3室2厅,103.57,西 东,236.0,22787
急售好房金利明珠花园，范湖地铁口，龙湖江宸天街商圈,https://wh.lianjia.com/ershoufang/104107915967.html,金利明珠花园 CBD西北湖,2室2厅,62.02,南 北,125.0,20155
汉口内环  协和医院  武广旁 正规品字形两房 楼层好,https://wh.lianjia.com/ershoufang/104107946883.html,双洞左巷58号 武广万松园,2室1厅,78.34,西北,125.0,15957
地铁口，宽敞大两房，房东诚心出售，证满五年,https://wh.lianjia.com/ershoufang/104107919256.html,东方城 武湖,2室1厅,81.4,南,65.5,8047
产证满二，采光很好，房子居住时间短，保养很好,https://wh.lianjia.com/ershoufang/104107946538.html,保利中央公馆 新南湖,2室2厅,74.65,南,175.0,23443
毛坯三房，南北通透，诚意出售，有钥匙，,https://wh.lianjia.com/ershoufang/104107949131.html,穗丰花园四期 台北香港路,3室2厅,131.35,南 北,270.0,20556
精装修 钻石楼层 自带商圈 交通便利,https://wh.lianjia.com/ershoufang/104107940573.html,越秀星汇君泊 塔子湖,3室2厅,91.48,南,190.0,20770
：此房 满五唯一，税费低，精装修，交通方便,https://wh.lianjia.com/ershoufang/104107928576.html,龙城花园 盘龙城,3室1厅,97.63,南,90.0,9219
两房 老证税费低 中间楼层 地铁口,https://wh.lianjia.com/ershoufang/104107909516.html,玫瑰西苑社区嘉园小区 王家湾,2室1厅,58.46,南 北,72.0,12317
店长推荐：武昌滨江 看江毛坯四房,https://wh.lianjia.com/ershoufang/104107906073.html,融侨城 杨园,4室2厅,176.13,西南,500.0,28389
此房满五，采光好，小区中间的位子，小区环境好,https://wh.lianjia.com/ershoufang/104107920092.html,新世纪宝安花园 老南湖,3室2厅,125.18,南,260.0,20771
地铁口  通透  证满五年 采光足,https://wh.lianjia.com/ershoufang/104107944286.html,省人民银行宿舍 中北路,2室1厅,77.58,南,115.0,14824
光谷满五唯一一居，独立厨房卫生间，带天然气,https://wh.lianjia.com/ershoufang/104107946784.html,柒零社区 关西长职,1室1厅,48.97,南,70.0,14295
华星晨龙城3室2厅复式，老证无贷，业主急卖,https://wh.lianjia.com/ershoufang/104107916693.html,华星晨龙城 将军路,3室2厅,122.81,南 北,112.0,9120
满五唯一，地铁口，精装两房，业主诚售，看房方便,https://wh.lianjia.com/ershoufang/104107919974.html,城市之光 光谷东,2室2厅,86.34,南,154.8,17930
保利公馆，好位置好楼层，精装两房，拎包入住，采光好,https://wh.lianjia.com/ershoufang/104107946262.html,保利中央公馆 新南湖,2室1厅,86.71,东南,193.0,22259
成熟小区 地铁700米 老证  后期税费低  随时可看房,https://wh.lianjia.com/ershoufang/104107910221.html,鼎鑫摩卡小镇 盘龙城,2室2厅,85.44,南,93.0,10885
户型方正，大平层采光好，居住舒适，出门就是商圈,https://wh.lianjia.com/ershoufang/104107939435.html,招商一江璟城 青山,5室1厅,181.34,西南,269.9,14884
楚天都市雅园，次新小区，通透毛坯三房，满两年随时看,https://wh.lianjia.com/ershoufang/104107910925.html,楚天都市雅园 东湖东亭,3室2厅,88.9,东南,248.8,27987
海景花园AB区 3室2厅 北 南,https://wh.lianjia.com/ershoufang/104107934099.html,海景花园AB区 吴家山,3室2厅,109.57,北 南,112.0,10222
徐东商圈 优质良好 采光不错 店长推荐,https://wh.lianjia.com/ershoufang/104107947456.html,二桥社区 徐东,2室2厅,69.92,南 北,102.0,14589
2号地铁4楼精装修两室可拎包入住自住出租不二的选择。,https://wh.lianjia.com/ershoufang/104107906653.html,楚天星座还建楼 武广万松园,2室1厅,56.45,西北,98.0,17361
三期经典三房，前方洋房别墅视野无遮挡精装修中间楼层,https://wh.lianjia.com/ershoufang/104107909349.html,大华南湖公园世家三期 新南湖,3室2厅,91.6,南,244.0,26638
海伦小镇精装大三房，南北对流双阳台,https://wh.lianjia.com/ershoufang/104107934590.html,海伦小镇 沌口,3室2厅,110.49,南 北,81.0,7331
硚北社区，崇仁路，精装，南北通透，老证,https://wh.lianjia.com/ershoufang/104107927113.html,硚北社区 宝丰崇仁,2室1厅,44.98,南 北,101.0,22455
雅苑稀有三面采光楼层好满五唯一精装拎包入住学外在,https://wh.lianjia.com/ershoufang/104107931431.html,金凌育才雅苑 育才花桥,2室2厅,84.58,南,438.0,51786
满二  视野采光好 正地铁口  看房方便 诚心出售,https://wh.lianjia.com/ershoufang/104107957188.html,伟业佳苑 老南湖,2室1厅,73.34,北,210.0,28634
精装满两年 中间楼层 南北双阳台 带全屋家具家电,https://wh.lianjia.com/ershoufang/104107913217.html,金地悦江时代骊湾区 古田,3室2厅,121.68,东南,221.0,18163
徐东商圈 优质良好 采光不错 店长推荐,https://wh.lianjia.com/ershoufang/104107947456.html,二桥社区 徐东,2室2厅,69.92,南 北,102.0,14589
2号地铁4楼精装修两室可拎包入住自住出租不二的选择。,https://wh.lianjia.com/ershoufang/104107906653.html,楚天星座还建楼 武广万松园,2室1厅,56.45,西北,98.0,17361
海景花园AB区 3室2厅 北 南,https://wh.lianjia.com/ershoufang/104107934099.html,海景花园AB区 吴家山,3室2厅,109.57,北 南,112.0,10222
黄龙山地铁站一梯两户小高层  满二 诚心卖,https://wh.lianjia.com/ershoufang/104107931185.html,城市之光 光谷东,2室2厅,95.88,南,160.0,16688
万科魅力之城南区 2室2厅 南,https://wh.lianjia.com/ershoufang/104107926302.html,万科魅力之城南区 金融港,2室2厅,58.68,南,154.0,26245
东湖畔纯水岸东湖精装两房业主诚心出售,https://wh.lianjia.com/ershoufang/104107959332.html,纯水岸东湖天屿一期 东湖东亭,2室1厅,77.61,南,180.0,23193
联投龙湾经典三房，满两年，中高楼层，随时看房！,https://wh.lianjia.com/ershoufang/104107940596.html,联投龙湾二期 文化大道,3室1厅,113.16,南,123.0,10870
正规二房  采光好  单价低  品字户型,https://wh.lianjia.com/ershoufang/104107950419.html,江汉大学教工宿舍 育才花桥,2室2厅,71.74,南 北,116.0,16170
卧龙丽景湾三期 2室1厅 南 北,https://wh.lianjia.com/ershoufang/104107952453.html,卧龙丽景湾三期 金银湖,2室1厅,92.42,南 北,122.0,13201
满二  视野采光好 正地铁口  看房方便 诚心出售,https://wh.lianjia.com/ershoufang/104107957188.html,伟业佳苑 老南湖,2室1厅,73.34,北,210.0,28634
毛坯电梯三房，户型方正通透，满五唯一税少,https://wh.lianjia.com/ershoufang/104107942914.html,虹顶家园 老南湖,3室2厅,131.15,南,300.0,22875
全明采光 楼层好 采光佳 诚心售 老证,https://wh.lianjia.com/ershoufang/104107934718.html,兴和嘉园 后湖,2室2厅,87.17,南,90.0,10325
九坤翰林苑新型小区 精装2房 电梯好楼层 证满税少朝南,https://wh.lianjia.com/ershoufang/104107947240.html,九坤翰林苑 蔡甸城区,2室1厅,88.28,南 北,69.8,7907
一线湖景房，满五唯一，精装修，优质楼楼层，随时看房,https://wh.lianjia.com/ershoufang/104107962766.html,水岸国际峯岚天下 积玉桥,2室2厅,90.66,南,220.0,24267
急售七里庙地铁 七里小区 采光好 中间楼层  精装两房,https://wh.lianjia.com/ershoufang/104107955793.html,七里一村 七里庙,2室1厅,66.5,东南,90.0,13534
水岸星城 精装花园洋房复式 带露台 有车位 诚心出售,https://wh.lianjia.com/ershoufang/104101558041.html,水岸星城 沙湖,4室2厅,202.14,南 北,555.0,27457
地铁口通透小高层两房，精装修，低公摊，业主诚心出售,https://wh.lianjia.com/ershoufang/104107916677.html,统建锦绣江南 中北路,2室2厅,91.09,南 北,275.0,30190
沃尔玛佰港城商圈，小区环境好，交通方便，商圈林立,https://wh.lianjia.com/ershoufang/104107922012.html,宝安璞园二期 南湖沃尔玛,3室2厅,89.87,南 北,198.0,22032
万科老证  电梯两房 精装修 房东诚意出售 价格可谈,https://wh.lianjia.com/ershoufang/104107948303.html,万科圆方 新华路万达,2室1厅,44.31,西,95.0,21440
地铁2号线，凤凰花园花园洋房，南北通透双阳台,https://wh.lianjia.com/ershoufang/104107902348.html,凤凰花园三期 金融港,3室2厅,117.96,南 北,160.0,13564
沌口开发区精装临湖两室，中间楼层,https://wh.lianjia.com/ershoufang/104107940044.html,海滨城二期丽港新都 沌口,2室2厅,102.77,南 北,115.0,11191
老证中高楼层，小户型 底 价，刚需两房万科物业,https://wh.lianjia.com/ershoufang/104107947001.html,万科汉阳国际A区 王家湾,2室1厅,74.88,东南,135.0,18029
证满五年退台洋房  价格优美看房方便,https://wh.lianjia.com/ershoufang/104107949699.html,顺驰泊林二期 金银湖,3室2厅,141.59,南 北,118.0,8334
后湖电梯大两房 楼层好采光好 交通便利 配套齐全,https://wh.lianjia.com/ershoufang/104107928881.html,统建同安家园 后湖,2室2厅,80.33,南,148.0,18425
保利拉菲 2室2厅 南,https://wh.lianjia.com/ershoufang/104107936174.html,保利拉菲 卓刀泉,2室2厅,74.32,南,168.0,22605
保利心语七期边户三房，通透户型，满两年，居家装修。,https://wh.lianjia.com/ershoufang/104107915539.html,保利心语七期 珞狮南路,3室2厅,89.44,南 北,189.0,21132
满五唯一  无遮挡采光好  自住精装保养好,https://wh.lianjia.com/ershoufang/104107946818.html,新澳蓝草坪 王家湾,2室2厅,91.59,南,140.0,15286
天永公寓 3室2厅 南,https://wh.lianjia.com/ershoufang/104107939600.html,天永公寓 水果湖,3室2厅,142.94,南,500.0,34980
店长力荐！悦庭三房 挂价即底价 远离铁路 景观视野,https://wh.lianjia.com/ershoufang/104107930889.html,万科汉口传奇悦庭 长港路,3室2厅,87.49,西,215.0,24575
湖墅观止六组团 3室2厅 南,https://wh.lianjia.com/ershoufang/104107951743.html,湖墅观止六组团 中法生态城,3室2厅,117.12,南,103.0,8795
三环内 地铁口  国创精装满二  采光好 交通方便,https://wh.lianjia.com/ershoufang/104107939955.html,国创光谷上城 光谷东,2室2厅,76.1,南 北,181.0,23785
店长推荐：融侨一期 133户型 精装自住,https://wh.lianjia.com/ershoufang/104107945826.html,融侨城 杨园,3室2厅,133.6,南 北,385.0,28818
北辰优+国际青年互动特区 2室1厅 南,https://wh.lianjia.com/ershoufang/104107928949.html,北辰优+国际青年互动特区 光谷东,2室1厅,81.66,南,185.0,22655
中建康城 不临铁路 证满两年  小区中间位置,https://wh.lianjia.com/ershoufang/104107942487.html,中建康城 关山大道,2室2厅,83.81,南 北,155.0,18495
公馆满二四房，后期过户税费少，精装，户型通透,https://wh.lianjia.com/ershoufang/104107936666.html,保利中央公馆 新南湖,4室2厅,123.34,南 北,258.0,20918
万科大品牌  二次精装  保养好  高楼层  视野开阔,https://wh.lianjia.com/ershoufang/104107936399.html,万科金色城市23地块 白沙洲,3室1厅,93.94,东南 南,153.0,16287
双地铁 精装修全南三房 高楼层 采光视野好 满两年,https://wh.lianjia.com/ershoufang/104107935365.html,金地自在城 团结大道,3室2厅,95.1,南,198.0,20821
游艺路金成世家精装修，房东诚心出售,https://wh.lianjia.com/ershoufang/104107911547.html,金成世家 汉正街,2室2厅,117.62,西,225.0,19130
老证  精装修  钻石楼层视野绝了  大兴路+慧泉,https://wh.lianjia.com/ershoufang/104107939900.html,福星华府 杨汊湖,3室2厅,141.29,北 南,320.0,22649
汇龙花园//精装三房//2楼有大露台//满五唯一税费低,https://wh.lianjia.com/ershoufang/104107942303.html,汇龙花园 后湖,3室2厅,138.41,南,220.0,15895
户型方正，高楼层，满两年精装修，拎包入住,https://wh.lianjia.com/ershoufang/104107940656.html,绿景苑港东名居一期 团结大道,2室2厅,81.93,南,130.0,15868
小区正中间位置，精装三房，满二唯一采光好，诚心出售,https://wh.lianjia.com/ershoufang/104107938647.html,水域天际 南湖沃尔玛,3室2厅,87.12,南 北,322.0,36961
新出老证税少 全南全明户型 全屋暖气 婚房精装修,https://wh.lianjia.com/ershoufang/104107942129.html,阳光城十里新城 王家湾,2室2厅,86.7,南,178.0,20531
满五年，税费很少，小区中间，安静，交易方便,https://wh.lianjia.com/ershoufang/104107932047.html,当代国际花园一期 金融港,3室2厅,120.59,南,303.0,25127
不临街电梯小高层，居家装修，户型方正,https://wh.lianjia.com/ershoufang/104107934570.html,金地格林小城梦茵区 南湖沃尔玛,3室2厅,119.66,南,267.0,22314
后排安静不临街，中高楼层，装修都是选材用料都是品牌,https://wh.lianjia.com/ershoufang/104107955642.html,汇悦天地二期 塔子湖,2室2厅,84.3,南,180.0,21353
户型方正，通风好，采光好，干湿分离,https://wh.lianjia.com/ershoufang/104107950114.html,天泽一方 古田,3室2厅,132.88,南 北,192.0,14450
循礼门双地铁口.老证.交通便利.出行方便.。,https://wh.lianjia.com/ershoufang/104107912139.html,华顺公寓 前进江汉,2室1厅,89.52,南,140.0,15639
精装三房 产权清晰 精装拎包入住 地铁口,https://wh.lianjia.com/ershoufang/104107937886.html,金湖天地 金银湖,3室1厅,95.67,南,153.0,15993
新世界恒大华府精装小洋房，采光视野好，拎包入住,https://wh.lianjia.com/ershoufang/104107931558.html,新世界恒大华府 华科大,3室2厅,93.36,南 北,210.0,22494
老证婚房精装当初装修花了接近50万 中间楼层采光好,https://wh.lianjia.com/ershoufang/104107956029.html,百步亭花园世博园 百步亭,2室2厅,88.16,南 北,185.0,20985
保利时代精装修三房，刚需全南户型，满两年，诚心卖,https://wh.lianjia.com/ershoufang/104107923299.html,保利时代北区 民族大道,3室2厅,93.28,西南,312.0,33448
精装三房，楼层中高楼层，户型好。满两年,https://wh.lianjia.com/ershoufang/104107931082.html,烽云慧城 光谷南,3室2厅,113.22,南 北,203.0,17930
精装三房 双阳台 通透户型 长江边江景,https://wh.lianjia.com/ershoufang/104107958508.html,御江公馆 武湖,3室2厅,112.22,南 北,90.0,8020
自住精装修，高楼层，视野开阔，户型方正,https://wh.lianjia.com/ershoufang/104107909737.html,蓝光COCO时代 华科大,3室1厅,85.93,南,178.0,20715
6号线汉口花园淡莲轩自住装修诚心出售,https://wh.lianjia.com/ershoufang/104107929930.html,汉口花园淡莲轩 塔子湖,3室2厅,131.68,南 北,228.0,17315
保利海上五月花二期通透三房 自住精装 不临路 满二,https://wh.lianjia.com/ershoufang/104107920582.html,保利海上五月花二期 庙山,3室1厅,98.72,南 北,148.0,14992
《链家 臻选》精装电梯三房/全房地暖/直接入住！,https://wh.lianjia.com/ershoufang/104107941877.html,青青美庐东区 后湖,3室2厅,136.75,南 北,219.0,16015
玫瑰湾通透大三房，精装修，有入户门厅，满五唯一,https://wh.lianjia.com/ershoufang/104107940901.html,泰然南湖玫瑰湾三期 珞狮南路,3室1厅,127.86,东南,265.0,20726
玫瑰湾通透大三房，精装修，有入户门厅，满五唯一,https://wh.lianjia.com/ershoufang/104107940901.html,泰然南湖玫瑰湾三期 珞狮南路,3室1厅,127.86,东南,265.0,20726
西山林语 地铁口 朝南精装两房  老证税费少,https://wh.lianjia.com/ershoufang/104107904772.html,西山林语 中法生态城,2室1厅,76.58,南,86.0,11231
精装两房，户型通透，中间楼层，证满两年，随时看房！,https://wh.lianjia.com/ershoufang/104107932928.html,东方夏威夷国际花园 中法生态城,2室2厅,91.2,南 北,93.0,10198
古田二路精装三房全明户型拎包入住看房方便业主诚意卖,https://wh.lianjia.com/ershoufang/104107943518.html,金地悦江时代芸湾区 古田,3室1厅,100.48,南,160.0,15924
锦绣人家 精装三房 南北向 双阳台  随时看房  有钥匙,https://wh.lianjia.com/ershoufang/104107944519.html,锦绣人家 长港路,3室2厅,127.41,南 北,185.0,14521
金桥庭院 3室2厅 南,https://wh.lianjia.com/ershoufang/104107949458.html,金桥庭院 后湖,3室2厅,90.17,南,162.0,17967
后湖大道 近地铁 精装修 大两房 一天没有住过人，,https://wh.lianjia.com/ershoufang/104107949530.html,统建同安家园 后湖,2室2厅,91.52,南,168.0,18357
三环口品质看江楼盘万科物业房东急卖,https://wh.lianjia.com/ershoufang/104107954300.html,长江凯旋城 武湖,3室2厅,115.64,南 北,100.0,8648
汉正街地铁口 精装三房，阳光好 出售 拎包入住,https://wh.lianjia.com/ershoufang/104107954244.html,多福大厦 汉正街,3室1厅,71.42,西,138.0,19323
业主诚心出售 南北通三房 楼层好采光优 另有车位,https://wh.lianjia.com/ershoufang/104107947073.html,远洋心语 长丰常码头,3室2厅,103.11,南 北,163.0,15809
正荣府 风雨连廊设计 精装3房2卫 看房方便,https://wh.lianjia.com/ershoufang/104107960646.html,正荣府 四新,3室2厅,106.87,南 北,175.0,16376
江欣苑 顶楼复式 带露台 保养好,https://wh.lianjia.com/ershoufang/104107957940.html,江欣苑 钟家村,3室2厅,72.83,南 北,88.0,12083
正地铁 晋合通透3房 边户  品质小区保姆物业,https://wh.lianjia.com/ershoufang/104107950610.html,晋合金桥世家 后湖,3室2厅,102.04,西,220.0,21561
世茂锦绣长江四期，中间层，南北通透3房2卫，正地铁口,https://wh.lianjia.com/ershoufang/104107964079.html,世茂锦绣长江四期 钟家村,3室2厅,129.72,南 北,270.0,20815
南国明珠三期  少有通透大四房   带30平大露台,https://wh.lianjia.com/ershoufang/104107949121.html,南国明珠三期 王家湾,4室2厅,148.07,东南,350.0,23638
洪山区，品质小区，通透户型大阳台，K本急卖欢迎看房,https://wh.lianjia.com/ershoufang/104107943591.html,新城阅璟台 白沙洲,3室2厅,112.49,南,152.0,13513
房东诚售！户型好，生活出行方便，,https://wh.lianjia.com/ershoufang/104107944558.html,汉阳大街82号 蔡甸城区,2室2厅,90.9,南 北,59.0,6491
房是70年的住宅复式楼户型好利用空间大出行便捷,https://wh.lianjia.com/ershoufang/104107934946.html,愉景湾 武湖,2室1厅,42.31,南,66.0,15600
采光好 小区环境舒适，视野开阔,https://wh.lianjia.com/ershoufang/104106326361.html,听涛观海龙台 后官湖,3室2厅,87.35,南,82.0,9388
小区环境优美 配套完善 户型方正通透 采光好 证件齐全,https://wh.lianjia.com/ershoufang/104107560267.html,东方新天地 阳逻,3室2厅,124.86,南,55.0,4405
保利三房  拎包可住  装修成色新  价低证满   随时看,https://wh.lianjia.com/ershoufang/104107258247.html,保利圆梦城六区 阳逻,3室1厅,89.32,南,75.0,8397
汉南城区醇熟街道 毛坯三房 楼层好证满两年 随时看房,https://wh.lianjia.com/ershoufang/104106637615.html,紫阳楚世家 汉南其它,3室2厅,99.85,东南,58.0,5809
四环边大三房，单价低，楼层采光好，交通便利,https://wh.lianjia.com/ershoufang/104107480357.html,锦绣豪园 沌口,3室2厅,123.77,南,80.0,6464
带院子的一楼      养老好房,https://wh.lianjia.com/ershoufang/104106675028.html,卫民巷100号 蔡甸城区,3室1厅,74.58,南 北,39.0,5230
精装3房，拎包入住，有轨电车旁。,https://wh.lianjia.com/ershoufang/104106443074.html,丝宝叠翠园一期 后官湖,3室2厅,97.45,南,95.0,9749
户型通透，电梯中高楼层，小区环境好，间距开阔,https://wh.lianjia.com/ershoufang/104104292838.html,碧桂园学府壹号 蔡甸城区,3室2厅,129.47,南,119.0,9192
证满 凤凰路地铁口旁电梯高层 全新毛坯诚心卖有钥匙,https://wh.lianjia.com/ershoufang/104105581042.html,知音首府三期 蔡甸城区,2室2厅,89.93,南,70.0,7784
东方夏威夷精装大复式楼 老证少税,https://wh.lianjia.com/ershoufang/104104820263.html,东方夏威夷国际花园 中法生态城,5室2厅,234.35,南,167.9,7165
知音人家，好楼层，证满毛坯，看房有钥匙,https://wh.lianjia.com/ershoufang/104105917768.html,知音人家 蔡甸城区,3室2厅,132.16,南 北,86.0,6508
通透格局，楼层好，视野开阔采光充足，交通便利,https://wh.lianjia.com/ershoufang/104106406912.html,全新巷7号 蔡甸城区,2室2厅,84.59,南,45.0,5320
