格林威治城 3室2厅 南,https://wlmq.lianjia.com/ershoufang/106110192968.html,格林威治城 经开万达,3室2厅,136.67,南,105.0,7683
带地下室医学院县医院御园公馆赛博特红光山,https://wlmq.lianjia.com/ershoufang/106110255358.html,御园公馆 美居,3室2厅,99.0,南 北,96.8,9778
秀城2代宅 4室2厅 南,https://wlmq.lianjia.com/ershoufang/106110261084.html,秀城2代宅 仓房沟,4室2厅,136.0,南,103.0,7574
宜品家春秋 2室2厅 南 北,https://wlmq.lianjia.com/ershoufang/106110230902.html,宜品家春秋 油运司,2室2厅,140.0,南 北,75.0,5358
宜品家春秋 3室1厅 东 西,https://wlmq.lianjia.com/ershoufang/106110231091.html,宜品家春秋 油运司,3室1厅,94.34,东 西,73.0,7738
南湖北路公交小区精装1楼低楼层两居室急售,https://wlmq.lianjia.com/ershoufang/106110224548.html,南湖北路公交住宅物业小区 王家梁,2室2厅,70.06,南 北,55.0,7851
新疆兵团水利水电工程集团小区 3室1厅 南 北,https://wlmq.lianjia.com/ershoufang/106110238256.html,新疆兵团水利水电工程集团小区 宣仁墩,3室1厅,87.0,南 北,45.0,5173
近高铁铁路局马德里春天电梯107平3居室清水房从未入住,https://wlmq.lianjia.com/ershoufang/106110130506.html,马德里春天小区 木材厂,3室2厅,107.0,南,86.0,8038
水区新民路鑫都大酒店楼上148平三室二厅好房，可办公,https://wlmq.lianjia.com/ershoufang/106110105911.html,泰琛大厦 未知商圈,3室2厅,148.0,南 西,87.0,5879
水塔巷 2室2厅 北 南,https://wlmq.lianjia.com/ershoufang/106110114643.html,水塔巷 珠江路,2室2厅,56.0,北 南,54.0,9643
采光充足，视野开阔，居住度舒适，配套齐全,https://wlmq.lianjia.com/ershoufang/106110228078.html,天山公寓 碱泉街,3室2厅,101.98,南,72.0,7061
中豪润园B区 楼栋位置好 楼层好 南北通透小三居,https://wlmq.lianjia.com/ershoufang/106110192946.html,中豪润园B区 西山,3室2厅,94.87,南 北,82.5,8697
天山区青年路方苑小区铂 金四楼两室南北通透,https://wlmq.lianjia.com/ershoufang/106110249125.html,方苑小区 青年路,2室2厅,80.58,南 北,63.0,7819
中泰茗居   复式带晒台  业主低价出售,https://wlmq.lianjia.com/ershoufang/106110248272.html,中泰茗居 经开万达,5室3厅,226.0,南 北,236.0,10443
满五唯一，精装，两居室，南北朝向，可按揭,https://wlmq.lianjia.com/ershoufang/106110223786.html,南湖北路公交住宅物业小区 王家梁,2室1厅,70.06,东,53.0,7565
专汽小区 2室1厅 南 北,https://wlmq.lianjia.com/ershoufang/106110251310.html,专汽小区 碱泉街,2室1厅,57.0,南 北,44.0,7720
南湖广场旁水区交警队家属院一楼三室两厅有钥匙看房,https://wlmq.lianjia.com/ershoufang/106110104807.html,水区交警队家属院 未知商圈,3室2厅,100.0,东 西,70.0,7000
珠江路广源小区 2室1厅中装 楼层好无遮挡,https://wlmq.lianjia.com/ershoufang/106110143910.html,广源小区 珠江路,2室1厅,71.2,西,60.0,8427
二期采光充足 视野开阔 带花园,https://wlmq.lianjia.com/ershoufang/106106584486.html,米东新城二期 天汇汽车城,5室2厅,147.0,南 北,65.0,4422
明润园 3室2厅 东 西,https://wlmq.lianjia.com/ershoufang/106109908509.html,明润园 小西沟,3室2厅,122.0,东 西,83.0,6804
沙区新北园春市场旁，2016年新建多层,https://wlmq.lianjia.com/ershoufang/106110117820.html,麒马山庄 西山,2室2厅,117.0,南 北,80.0,6838
小区 物业配套设施齐全，绿化面积大，出行方便；,https://wlmq.lianjia.com/ershoufang/106110085423.html,双宇博格达城 天汇汽车城,3室2厅,91.47,南 北,59.5,6505
嘉盛园 3室2厅 南 北,https://wlmq.lianjia.com/ershoufang/106110134861.html,嘉盛园 长春路,3室2厅,90.1,南 北,75.0,8325
天山花苑 3室1厅 东南,https://wlmq.lianjia.com/ershoufang/106110100741.html,天山花苑 碱泉街,3室1厅,76.0,东南,58.0,7632
15年 精装修 户型方正 南北通透 新风系统 钥匙看房,https://wlmq.lianjia.com/ershoufang/106110161647.html,耀和荣裕 天山区,3室2厅,95.79,南 北,103.0,10753
新洲城市花园瑞景苑 3室2厅 南 北,https://wlmq.lianjia.com/ershoufang/106110171364.html,新洲城市花园瑞景苑 美居,3室2厅,120.0,南 北,95.0,7917
蓝天森林花苑 2室2厅 南 北,https://wlmq.lianjia.com/ershoufang/106110186786.html,蓝天森林花苑 仓房沟,2室2厅,88.51,南 北,74.0,8361
北京路近铁路局财院家属院49㎡南北好楼层急售,https://wlmq.lianjia.com/ershoufang/106110216438.html,新疆财经大学职工住宅楼 二宫,1室1厅,49.0,南 北,35.0,7143
万科旁，三室南北户型，中高楼层,https://wlmq.lianjia.com/ershoufang/106110154872.html,中央郡 油运司,3室2厅,100.97,南,105.0,10400
一炮成功小区 3室2厅 南 北,https://wlmq.lianjia.com/ershoufang/106110159763.html,一炮成功小区 水磨沟区,3室2厅,86.3,南 北,65.0,7532
中海天悦府 3室1厅 南,https://wlmq.lianjia.com/ershoufang/106110223129.html,中海天悦府 植物园,3室1厅,115.0,南,120.0,10435
和田街小区 2室2厅 东 西,https://wlmq.lianjia.com/ershoufang/106110221589.html,和田街小区 自治区中医院,2室2厅,62.55,东 西,58.0,9273
八一中学家属院 南北通透 空户 单价低 大两室,https://wlmq.lianjia.com/ershoufang/106110230768.html,八一中学家属院 北门,2室2厅,73.32,南 北,150.0,20459
位置好，出行交通方便，看房提前预约,https://wlmq.lianjia.com/ershoufang/106110248257.html,红山路259号 水磨沟区,2室1厅,61.35,南,46.0,7498
中央郡全明户型洗手间带窗户，采光不错。,https://wlmq.lianjia.com/ershoufang/106110219341.html,中央郡 油运司,3室2厅,106.0,南,108.0,10189
新上珠江路五桥城市花园如意苑82平方精装南北朝向2室,https://wlmq.lianjia.com/ershoufang/106110248060.html,如意苑 珠江路,2室2厅,81.94,南 北,64.0,7811
阿勒泰路一运司家属院3楼精装好房急售,https://wlmq.lianjia.com/ershoufang/106110179862.html,友好宜和嘉园头宫小区 油运司,2室1厅,64.35,南 北,56.5,8781
此房视野开阔，下楼就是万达广场，低价出售,https://wlmq.lianjia.com/ershoufang/106110200905.html,广汇翠竹园 经开万达,3室1厅,123.0,南 北,111.0,9025
格林威治城 2室2厅 南 北,https://wlmq.lianjia.com/ershoufang/106110192864.html,格林威治城 经开万达,2室2厅,100.39,南 北,73.0,7272
友好劝业市场世家院子小区53.89平米四楼清新小户型,https://wlmq.lianjia.com/ershoufang/106110188900.html,石家园子家属院 友好,1室1厅,53.89,东,38.5,7145
长春路 河北东路国秀家园 小高层 南北 两室 精装修,https://wlmq.lianjia.com/ershoufang/106110167375.html,国秀家园 长春路,2室2厅,92.69,南 北,86.0,9279
宏达花苑 3室2厅 南 北,https://wlmq.lianjia.com/ershoufang/106110164054.html,宏达花苑 米东区,3室2厅,91.0,南 北,63.0,6924
：七一酱园 地，标建筑23中黄河路 生活设施完善 ，,https://wlmq.lianjia.com/ershoufang/106110203778.html,七一酱园高层商住楼 商贸城,4室2厅,169.0,南,124.0,7338
米东新城 3室2厅 南 北,https://wlmq.lianjia.com/ershoufang/106110182794.html,米东新城 天汇汽车城,3室2厅,116.21,南 北,82.0,7057
爆品！植物园四季风情园南区精装两室多层2楼！,https://wlmq.lianjia.com/ershoufang/106110210657.html,四季风情园南区 植物园,2室2厅,82.55,西 东,70.0,8480
珠江路 百乐苑三期一楼2室 精装修带花园 急售,https://wlmq.lianjia.com/ershoufang/106110162458.html,百商百乐苑三期 仓房沟,2室1厅,65.0,南,50.0,7693
沙区、珠江路、三星园小区、精品房源。,https://wlmq.lianjia.com/ershoufang/106110191419.html,三星园小区 商贸城,2室1厅,71.81,南,54.0,7520
和谐家园E区 2室1厅 南 北,https://wlmq.lianjia.com/ershoufang/106110191303.html,和谐家园E区 油运司,2室1厅,60.56,南 北,42.0,6936
首付6万 精装两室  随时看房 交通方便 喀什路口,https://wlmq.lianjia.com/ershoufang/106110243396.html,铝苑小区 喀什东路,2室1厅,60.0,南,38.8,6467
地铁沿线房 一炮成功 三室 停车方便 格局通透,https://wlmq.lianjia.com/ershoufang/106106729563.html,一炮成功小区 水磨沟区,3室2厅,80.0,东 西,55.0,6875
儿童公园地铁口 新市区的市中 心 交通发达,https://wlmq.lianjia.com/ershoufang/106107511788.html,电业局南院小区 友好,3室1厅,86.13,东 西,62.0,7199
银川路天山花园 南北通透两室 简装诚意出售,https://wlmq.lianjia.com/ershoufang/106109865634.html,天山花园 医学院,2室2厅,87.4,南 北,56.0,6408
陶菊园西区 3室2厅 南 北,https://wlmq.lianjia.com/ershoufang/106109641253.html,陶菊园西区 经开万达,3室2厅,102.47,南 北,90.0,8784
友好 市社保局旁 农机小区 小三室 南北向 方便停车,https://wlmq.lianjia.com/ershoufang/106109046646.html,农机小区 友好,3室2厅,70.74,南 北,90.0,12723
苏州花园一期 3室2厅 南,https://wlmq.lianjia.com/ershoufang/106104743686.html,苏州花园一期 美居,3室2厅,108.0,南,72.0,6667
小区环境优美物业服务好小区人车分流单价低交通便利,https://wlmq.lianjia.com/ershoufang/106108374208.html,古城花园B区 友好,3室2厅,106.8,南 北,85.0,7959
新市区中间楼层三室，低于市场价业主急,https://wlmq.lianjia.com/ershoufang/106105343738.html,中海天悦府 植物园,3室2厅,131.27,南,117.0,8913
5200急售新医路宜品家春秋136平米电梯复式、不,https://wlmq.lianjia.com/ershoufang/106108111062.html,宜品家春秋 油运司,2室2厅,136.0,南 北,72.0,5295
4900急售荣和城宜品家春秋186平米电梯复式南北,https://wlmq.lianjia.com/ershoufang/106107574476.html,宜品家春秋 油运司,3室2厅,186.0,南 北,86.0,4624
上海紫园三居室，西山高档小区环境优美,https://wlmq.lianjia.com/ershoufang/106107732264.html,上海紫园 西山,3室2厅,96.7,南 北,73.0,7550
白云尚都 3室2厅 南 北,https://wlmq.lianjia.com/ershoufang/106109690341.html,白云尚都 青年路,3室2厅,139.63,南 北,200.0,14324
宜品家春秋 精装大两室136平 单价5800,https://wlmq.lianjia.com/ershoufang/106108308383.html,宜品家春秋 油运司,2室2厅,136.0,南 北,79.0,5809
房子临 近商贸城满五唯一采光好有产证可按揭,https://wlmq.lianjia.com/ershoufang/106109758259.html,园林小区 未知商圈,2室2厅,81.0,南 北,55.0,6791
老北园春中    .央郡小区有优质好房出售,https://wlmq.lianjia.com/ershoufang/106108759318.html,中央郡 油运司,3室2厅,106.0,南 北,107.8,10170
出售日光精装三室，一梯两户，南北通透，视野宽阔,https://wlmq.lianjia.com/ershoufang/106106147290.html,日光小区 青年路,3室2厅,113.72,南 北,98.0,8618
于田街丁字路口七楼精装好房一套,https://wlmq.lianjia.com/ershoufang/106109906801.html,珠江园小区 商贸城,2室1厅,77.81,南,45.0,5784
5000元急售沙区新医路2室2厅双卫电梯精装修拎包入住,https://wlmq.lianjia.com/ershoufang/106109924944.html,宜品家春秋 油运司,2室2厅,132.0,南 北,70.0,5304
精装未入住，房间带新风系统，采光好，房主急售,https://wlmq.lianjia.com/ershoufang/106107514427.html,万科城市之光 喀什东路,3室2厅,93.28,南,84.0,9006
铁路局昊元上品旁马德里春天三室诚售,https://wlmq.lianjia.com/ershoufang/106109598669.html,马德里春天小区 木材厂,3室2厅,113.0,南 北,93.0,8231
经开万达华府二期毛坯房三室两厅两卫可随时看房,https://wlmq.lianjia.com/ershoufang/106106869482.html,万达华府二期 经开万达,3室2厅,126.0,南 北,134.0,10635
电梯小高层.采光好.南北通透.产证齐全可以按揭,https://wlmq.lianjia.com/ershoufang/106106840057.html,雅南高第 仓房沟,3室2厅,95.6,南 北,67.0,7009
宜品家春秋105平精装明厨明卫南北通透舒适三居室,https://wlmq.lianjia.com/ershoufang/106109964198.html,宜品家春秋 油运司,3室2厅,105.27,南 北,89.0,8455
5000元急售沙区新医路3室2厅电梯住宅一套,https://wlmq.lianjia.com/ershoufang/106109931273.html,宜品家春秋 油运司,4室2厅,169.0,南 北,86.0,5089
红光山碧桂园旁盈科梧桐山畔1楼复式带40平米私家花园,https://wlmq.lianjia.com/ershoufang/106106730906.html,盈科梧桐山畔 卡子湾,4室2厅,120.0,南,85.0,7084
宝能城三室116平米户型低价房,https://wlmq.lianjia.com/ershoufang/106109787873.html,宝能城 经开万达,3室2厅,115.73,南,125.0,10802
精装三室 博格达城 南北通透 产证在手 全明户型,https://wlmq.lianjia.com/ershoufang/106109839094.html,双宇博格达城 天汇汽车城,3室2厅,94.64,南 北,62.8,6636
急售 急售 小西沟近地铁二楼南北通透房 好楼层好房售,https://wlmq.lianjia.com/ershoufang/106105618358.html,兵团农业技术推广站小区 美居,3室2厅,110.26,南 北,81.0,7347
新市区 美居旁 友好商场 长春路 美林花苑,https://wlmq.lianjia.com/ershoufang/106109780073.html,美林花源 美居,3室2厅,92.98,东 西,80.0,8605
鲤鱼山路 新洲城市花园旁  多层二楼 南北通透,https://wlmq.lianjia.com/ershoufang/106110101052.html,金鲤小区 美居,2室2厅,93.0,南 北,85.0,9140
荷兰小镇一期 2室2厅 东 西,https://wlmq.lianjia.com/ershoufang/106110115476.html,荷兰小镇一期 天汇汽车城,2室2厅,78.31,东 西,37.0,4725
油运司友好万科旁汇嘉园2室南北朝向交通便利,https://wlmq.lianjia.com/ershoufang/106110098589.html,汇嘉园 油运司,2室2厅,75.03,南 北,54.0,7198
全明户型，客厅宽敞，热门地段，格局方正，使用率高,https://wlmq.lianjia.com/ershoufang/106110085406.html,鲤鱼山花园小区 医学院,2室2厅,76.55,南 北,59.8,7812
和枫雅居 3室2厅 南 北,https://wlmq.lianjia.com/ershoufang/106110118092.html,和枫雅居 文化宫,3室2厅,118.0,南 北,128.0,10848
金泰小区 2室1厅 东 西,https://wlmq.lianjia.com/ershoufang/106110087966.html,金泰小区 油运司,2室1厅,69.25,东 西,46.0,6643
新天润两室电梯房总价低 单价低 楼层好,https://wlmq.lianjia.com/ershoufang/106110078085.html,新天润国际社区洛林郡 新天润,2室2厅,85.37,南 北,77.0,9020
恒昌恒晟小区 2室1厅 南 北,https://wlmq.lianjia.com/ershoufang/106110133929.html,恒昌恒晟小区 南湖广场,2室1厅,88.5,南 北,76.0,8588
汇嘉园 3室2厅 南 西,https://wlmq.lianjia.com/ershoufang/106110128704.html,汇嘉园 油运司,3室2厅,111.59,南 西,70.0,6273
百商百乐苑2楼 精装 2室1厅 停车方便 可按揭,https://wlmq.lianjia.com/ershoufang/106110114807.html,百商百乐苑 珠江路,2室2厅,80.78,东 西,65.0,8047
幸福花园5期 2室1厅 南 北,https://wlmq.lianjia.com/ershoufang/106110127967.html,幸福花园5期 幸福路,2室1厅,70.0,南 北,48.0,6858
米东三期多层四楼带地下室，满五唯一,https://wlmq.lianjia.com/ershoufang/106110135179.html,米东新城三期 天汇汽车城,3室2厅,98.91,南 北,63.8,6451
美林花源顶楼复式带晒台 含晒台面积180平左右,https://wlmq.lianjia.com/ershoufang/106110064619.html,美林花源 美居,4室2厅,127.26,东 西,88.0,6915
天山区建银小区 3室2厅 东 西,https://wlmq.lianjia.com/ershoufang/106110088305.html,天山区建银小区 南门,3室2厅,95.66,东 西,82.0,8573
产证在手，此房不满五唯一，朝南户型精装修领包入住。,https://wlmq.lianjia.com/ershoufang/106110122392.html,荷兰小镇二期 天汇汽车城,2室2厅,78.45,南,43.9,5596
彩云名邸 3室2厅 南,https://wlmq.lianjia.com/ershoufang/106110128328.html,彩云名邸 商贸城,3室2厅,129.0,南,160.0,12404
总价低，产证齐全预约，业主诚心出售,https://wlmq.lianjia.com/ershoufang/106110184632.html,天府花园 碱泉街,2室1厅,60.99,南,31.0,5083
南湖广场市政府恒翠花园235平5到6楼复式精装176万可贷,https://wlmq.lianjia.com/ershoufang/106108691213.html,恒翠花园 南湖广场,5室2厅,235.0,东 西,165.0,7022
美居友好 一楼带花园165.53平 5居室双卫,https://wlmq.lianjia.com/ershoufang/106110179431.html,盈科棕榈园 美居,5室2厅,165.53,东 南,125.0,7552
青年路 碱泉街 月光小区 低楼层  价格便宜,https://wlmq.lianjia.com/ershoufang/106110217834.html,月光小区 青年路,1室1厅,33.0,北,27.0,8182
水区红山路81平地暖3楼精装二室二厅养老房阳光婚房,https://wlmq.lianjia.com/ershoufang/106110047074.html,舒乐园小区 水磨沟公园,2室2厅,80.13,南 北,63.0,7863
广汇香悦湾 3室2厅 南 北,https://wlmq.lianjia.com/ershoufang/106110064351.html,广汇香悦湾 未知商圈,3室2厅,101.0,南 北,73.0,7228
金鑫花园二期，楼层好，采光充足，出行便利，精装修,https://wlmq.lianjia.com/ershoufang/106110056459.html,有色金鑫花园二期 喀什东路,2室1厅,94.77,南 北,78.0,8231
户型方正，格局大方高层观景，视野，空气新鲜,https://wlmq.lianjia.com/ershoufang/106110102513.html,麒马山庄 西山,3室2厅,129.0,南 北,83.85,6500
近经开万达高铁北园春友好合和苑115平电梯三居室南北,https://wlmq.lianjia.com/ershoufang/106110044165.html,合和苑 西山,3室2厅,114.96,南 北,83.0,7220
海龙山庄 2室2厅 南 北,https://wlmq.lianjia.com/ershoufang/106110093351.html,海龙山庄 文化宫,2室2厅,84.45,南 北,68.0,8053
城市花园小区 2室2厅 南 北,https://wlmq.lianjia.com/ershoufang/106110074940.html,城市花园小区 珠江路,2室2厅,70.25,南 北,58.0,8257
大寨沟地铁口三楼东西通透一梯两户采光好停车方便,https://wlmq.lianjia.com/ershoufang/106110070510.html,十二师机关住宅区 小西沟,2室2厅,76.77,东 西,59.8,7790
汇嘉园三期地暖中间楼层，精装修，采光充足,https://wlmq.lianjia.com/ershoufang/106110161356.html,汇嘉园 油运司,2室1厅,73.0,南 北,60.0,8220
三面朝南的户型，装修的不错，简单收拾可以做到拎包入,https://wlmq.lianjia.com/ershoufang/106110155307.html,华联大厦 二宫,2室2厅,122.0,南,83.0,6804
出售新市区 长春路澳龙广场 国秀家园 三楼小两室,https://wlmq.lianjia.com/ershoufang/106110155867.html,国秀家园 长春路,2室2厅,75.51,南 北,66.0,8741
新秀小区 2室2厅 南 北,https://wlmq.lianjia.com/ershoufang/106110064763.html,新秀小区 珠江路,2室2厅,76.62,南 北,80.0,10442
兵二后门 价格低 2室 白云小区 碱泉街青年路,https://wlmq.lianjia.com/ershoufang/106110175179.html,白云小区 碱泉街,2室1厅,67.93,南 北,46.0,6772
环境好 楼层好 采光佳 居住环境舒适 配套成熟。,https://wlmq.lianjia.com/ershoufang/106110168602.html,米兰小区 大湾,2室2厅,91.0,东南,87.0,9561
向阳花园二期 2室1厅 南 北,https://wlmq.lianjia.com/ershoufang/106110264084.html,向阳花园二期 碱泉街,2室1厅,60.0,南 北,48.0,8000
丽景水岸 2室2厅 南 北,https://wlmq.lianjia.com/ershoufang/106110216044.html,丽景水岸 宣仁墩,2室2厅,81.83,南 北,55.0,6722
经开万达旁沙区格林威治城小区三室住宅业主诚心出售。,https://wlmq.lianjia.com/ershoufang/106109336999.html,格林威治城 经开万达,3室2厅,129.0,南 北,93.0,7210
兵团四运司家属院 3室2厅 南 北,https://wlmq.lianjia.com/ershoufang/106107375501.html,兵团四运司家属院 卫星路,3室2厅,80.0,南 北,40.0,5000
精装修好房，拎包入住，小区环境优美绿化很好,https://wlmq.lianjia.com/ershoufang/106107236523.html,二号台公务员小区C区 西站,3室1厅,110.0,南 北,69.0,6273
双宇博格达城三室，简装，南北通透，卫生间带窗户,https://wlmq.lianjia.com/ershoufang/106108347565.html,双宇博格达城 天汇汽车城,3室2厅,94.83,南 北,55.8,5885
天阳小区 2室2厅 南,https://wlmq.lianjia.com/ershoufang/106108598328.html,天阳小区 友好,2室2厅,115.07,南,95.0,8256
三室两厅，多层，公摊小，采光充足,https://wlmq.lianjia.com/ershoufang/106108347623.html,荷兰小镇一期 天汇汽车城,3室2厅,116.99,西南,60.0,5129
友好 克东路 裕景园 车站旁 南北通透三室 框架结构,https://wlmq.lianjia.com/ershoufang/106109219325.html,裕景园小区 友好,3室1厅,113.22,南 北,100.0,8833
管委会家属院 3室2厅 东 西,https://wlmq.lianjia.com/ershoufang/106108681414.html,管委会家属院 德港万达,3室2厅,105.0,东 西,85.0,8096
沙区北园春公园旁三室两厅通透户翠湖蓝湾另售恒昌恒业,https://wlmq.lianjia.com/ershoufang/106108316791.html,翠湖蓝湾 儿童村,3室2厅,106.29,东 西,80.0,7527
荷兰小镇一期多层二楼，毛坯房，南北通透。带地下室,https://wlmq.lianjia.com/ershoufang/106108347316.html,荷兰小镇一期 天汇汽车城,3室2厅,91.89,南 北,54.8,5964
自治区质量技术监督局北京路住宅区 4室2厅 南 北,https://wlmq.lianjia.com/ershoufang/106108060485.html,自治区质量技术监督局北京路住宅区 小西沟,4室2厅,104.52,南 北,150.0,14352
新市区 苏州路 小西沟 汉唐天下 三室南北 简装,https://wlmq.lianjia.com/ershoufang/106109339561.html,汉唐天下南区 小西沟,3室2厅,123.0,南 北,153.0,12440
新星花苑小区 2室2厅 南,https://wlmq.lianjia.com/ershoufang/106109300198.html,新星花苑小区 南湖广场,2室2厅,78.0,南,62.5,8013
珠江路五桥电梯房地暖房3室2厅2卫产权清晰双证可按揭,https://wlmq.lianjia.com/ershoufang/106107462430.html,珠江涵碧景苑 珠江路,3室2厅,144.0,东 西,113.0,7848
五桥 珠江路 广源小区 南北标户 三室 可按揭,https://wlmq.lianjia.com/ershoufang/106108312114.html,广源小区 珠江路,3室2厅,118.26,南 北,76.0,6427
雅南高第标三室，多层电梯房，位置靠前,https://wlmq.lianjia.com/ershoufang/106108638821.html,雅南高第 仓房沟,3室2厅,100.0,南 北,86.8,8680
诚盛花园  交通便利   配套齐全,https://wlmq.lianjia.com/ershoufang/106109594621.html,诚盛花园 碱泉街,2室2厅,80.57,南 北,56.0,6951
北京路 地铁口 新天润 大三室 南北通透,https://wlmq.lianjia.com/ershoufang/106105299340.html,新天润三期蓝郡 新天润,3室2厅,137.2,南 北,120.0,8747
新市区 北京路 新天润四期香颂 全明户型,https://wlmq.lianjia.com/ershoufang/106107987610.html,新天润四期香颂 新天润,3室2厅,107.88,南 北,108.0,10012
荷兰小镇一期 3室2厅 南 北,https://wlmq.lianjia.com/ershoufang/106109336073.html,荷兰小镇一期 天汇汽车城,3室2厅,120.65,南 北,63.8,5289
南湖广场 叶城办事处家属院 98.5平米2楼三室南北,https://wlmq.lianjia.com/ershoufang/106109834369.html,叶城办事处小区 南湖广场,3室2厅,98.42,南 北,80.0,8129
万达高铁旁格林威治城简装复式4室3厅出售,https://wlmq.lianjia.com/ershoufang/106109441438.html,格林威治城 经开万达,3室2厅,122.54,南,80.0,6529
雅南高第、靠前标准三室、南北通透、出行方便,https://wlmq.lianjia.com/ershoufang/106108962056.html,雅南高第 仓房沟,3室2厅,100.31,南 北,84.5,8424
红光山六馆一心旁中天博朗天御117毛坯带车位出售,https://wlmq.lianjia.com/ershoufang/106106961124.html,中天博朗天御 红光山,3室2厅,117.48,南,130.0,11066
新民路西三巷 2室1厅 南 北,https://wlmq.lianjia.com/ershoufang/106109484397.html,新民路西三巷 红山公园,2室1厅,62.0,南 北,38.0,6130
沙区精装修电梯三室好房出售楼层好随时过户,https://wlmq.lianjia.com/ershoufang/106108412282.html,人大住宅 西山,3室2厅,113.4,南 北,88.0,7761
阿勒泰路红庙子 天海小区 中间楼层，出行方便配套齐全,https://wlmq.lianjia.com/ershoufang/106109431549.html,天海小区 油运司,3室1厅,78.0,南 北,50.0,6411
天然气公司家属院 2室1厅 南 北,https://wlmq.lianjia.com/ershoufang/106109761651.html,天然气公司家属院 友好,2室1厅,82.0,南 北,92.0,11220
有色金鑫花园二期 2室2厅 南,https://wlmq.lianjia.com/ershoufang/106107744267.html,有色金鑫花园二期 喀什东路,2室2厅,94.16,南,71.8,7626
友好西虹路BRT两室两厅南北通透新装修可直接拎包入住,https://wlmq.lianjia.com/ershoufang/106108868118.html,友好南路派出所家属院 友好,2室2厅,68.29,南 北,56.0,8201
"一,两居室,4楼, 好楼层,价格便宜,可按揭,随时入住",https://wlmq.lianjia.com/ershoufang/106108709318.html,宏河小区 王家梁,2室2厅,79.61,西 北,43.0,5402
格林威治城 3室2厅 南,https://wlmq.lianjia.com/ershoufang/106109555469.html,格林威治城 经开万达,3室2厅,130.0,南,95.0,7308
交通运输厅家属院 3室2厅 南 北,https://wlmq.lianjia.com/ershoufang/106109945070.html,交通运输厅家属院 卡子湾,3室2厅,109.0,南 北,57.0,5230
中豪润园    两室精装修   拎包入住,https://wlmq.lianjia.com/ershoufang/106106675500.html,中豪润园B区 西山,2室2厅,94.0,南 北,74.0,7873
友好商圈06年复式地暖，带晒台,https://wlmq.lianjia.com/ershoufang/106110039527.html,金康丽景苑 油运司,4室2厅,127.14,南 北,77.0,6057
新市区高新万达旁御园印象小区三室两厅,https://wlmq.lianjia.com/ershoufang/106107612915.html,御园印象 高新万达,3室2厅,98.79,南 北,88.0,8908
南湖广场，锦城花园电梯好房出售,https://wlmq.lianjia.com/ershoufang/106109131927.html,锦城花园 南湖广场,3室2厅,124.0,南 北,111.5,8992
红山路  宏大广场  温馨两居室  3楼  光照充足无遮挡,https://wlmq.lianjia.com/ershoufang/106106425330.html,建银小 未知商圈,2室1厅,59.0,东 西,38.0,6441
78 66 天山花园 低楼层 房子干净 整洁 拎包入住,https://wlmq.lianjia.com/ershoufang/106109158516.html,天山花园 医学院,2室1厅,74.77,南 北,67.8,9068
新市区 天津北路 嘉华园 3室2厅,https://wlmq.lianjia.com/ershoufang/106107081646.html,嘉华园 长春路,3室2厅,132.05,北,87.0,6589
友好旁汇嘉园南北户型 精装带家具 中间楼层随时看房,https://wlmq.lianjia.com/ershoufang/106109839619.html,汇嘉园 油运司,3室2厅,110.0,南,88.8,8073
市政设施养护处家属院 二楼 好房 位置佳,https://wlmq.lianjia.com/ershoufang/106110169266.html,养护处家属院 友好,2室1厅,53.92,南 北,39.0,7233
逸仙小区 2室1厅 南 北,https://wlmq.lianjia.com/ershoufang/106109965720.html,逸仙小区 石油新村,2室1厅,80.3,南 北,40.0,4982
南北通透，采光充足，可以拎包入住。,https://wlmq.lianjia.com/ershoufang/106108069272.html,万达华府一期 经开万达,2室2厅,87.29,南 北,98.0,11227
河南东路南二巷48号 3室2厅 南 北,https://wlmq.lianjia.com/ershoufang/106109220291.html,河南东路南二巷48号 铁路局,3室2厅,125.3,南 北,74.5,5946
房子精装修，可拎包入住，全房实木家具。,https://wlmq.lianjia.com/ershoufang/106109309734.html,呈信铂晶湾 创新广场,3室2厅,139.45,南 北,145.0,10398
宏大广场车站 正泰小区一期 低楼层 全新精装修 朝东,https://wlmq.lianjia.com/ershoufang/106109924332.html,正泰小区一期 南湖广场,2室1厅,53.5,南 北,46.5,8692
特变水木137平方米落地玻璃窗户3室拎包入住,https://wlmq.lianjia.com/ershoufang/106108632957.html,特变水木尚城 天汇汽车城,3室2厅,137.0,南 北,91.0,6643
头宫公交公司小两居看房方便全南户型,https://wlmq.lianjia.com/ershoufang/106109501021.html,头宫公交公司家属院 油运司,2室1厅,54.21,南 北,33.0,6088
新市区北京路人保家属院二楼好房出售,https://wlmq.lianjia.com/ershoufang/106109236431.html,人保厅家属院 小西沟,2室2厅,77.41,南 北,59.0,7622
老华凌 电业局家属院2楼 两室一厅可以按揭带地下室,https://wlmq.lianjia.com/ershoufang/106109648523.html,电业小区 红山公园,2室1厅,72.93,南,56.5,7748
新城花园小区2-2-1-1 75m² 82.5 万,https://wlmq.lianjia.com/ershoufang/106109524133.html,新城花园小区 友好,2室2厅,75.0,南 北,75.0,10000
伊水湾一期 一室一厅 电梯高层,https://wlmq.lianjia.com/ershoufang/106108215312.html,伊水湾 西山,1室1厅,51.5,南,26.0,5049
新洲城市花园精装修两居室出售带家具家电 全明户型,https://wlmq.lianjia.com/ershoufang/106108544651.html,御景苑 美居,2室2厅,94.37,南 北,96.5,10226
新市区北京南路蔬菜公司家属院多层2楼地铁口出行方便,https://wlmq.lianjia.com/ershoufang/106109654017.html,北京路蔬菜公司家属院 小西沟,2室1厅,61.56,南 北,51.0,8285
小区环境好，交通便利，物业服务好，配套齐全。,https://wlmq.lianjia.com/ershoufang/106109773139.html,万科城市之光 喀什东路,3室2厅,92.5,南 北,88.0,9514
十二中 学地铁口50米精装3室证件齐全可按揭,https://wlmq.lianjia.com/ershoufang/106109861273.html,广晟园 仓房沟,3室1厅,91.52,南 北,68.5,7485
房屋户型通透 利于采光通风，布局合理，得房率高,https://wlmq.lianjia.com/ershoufang/106109492968.html,奥林匹克花园 二宫,2室2厅,85.1,南 北,66.8,7850
急售!新市区太原路精装修，带部分家具家电，随时看房,https://wlmq.lianjia.com/ershoufang/106109626667.html,丽景水岸 宣仁墩,2室2厅,87.4,南 北,68.0,7781
蓝天森林花苑 2室1厅 东南,https://wlmq.lianjia.com/ershoufang/106109861430.html,蓝天森林花苑 仓房沟,2室1厅,84.99,东南,64.0,7531
万达旁 精装修 房东回内地  户型好,https://wlmq.lianjia.com/ershoufang/106108403257.html,众和家园 高新万达,2室2厅,81.24,南,75.0,9232
小西沟家属楼，低公摊小区环境好，停车方便,https://wlmq.lianjia.com/ershoufang/106109040064.html,肿瘤医院家属院 小西沟,2室1厅,70.5,南 北,55.0,7802
高新万达 众和家园 2室81平 毛坯一楼,https://wlmq.lianjia.com/ershoufang/106108006610.html,众和家园 高新万达,2室2厅,80.5,南,61.0,7578
河北路 一楼带花园生活便利 交通方便,https://wlmq.lianjia.com/ershoufang/106109873485.html,国秀家园 长春路,2室1厅,74.21,南 北,62.0,8355
天鸿领仕馆，拎包入住 两室采光好,https://wlmq.lianjia.com/ershoufang/106109829385.html,天鸿领仕馆 铁路局,2室2厅,92.61,南,77.0,8315
特变水木尚城大两室，精装修，产证在手无尾款,https://wlmq.lianjia.com/ershoufang/106108824900.html,特变水木尚城 天汇汽车城,2室2厅,98.78,南,63.5,6429
北京南路高新街地铁口两室标户急售,https://wlmq.lianjia.com/ershoufang/106107363437.html,新金原小区 小西沟,2室1厅,64.73,南,40.0,6180
特变水木3大卧室114.8平米纯毛呸高层1楼带大花园40平,https://wlmq.lianjia.com/ershoufang/106108347314.html,特变水木尚城 天汇汽车城,3室2厅,114.8,南 北,80.0,6969
天鸿领仕馆，拎包入住 两室采光好,https://wlmq.lianjia.com/ershoufang/106109829385.html,天鸿领仕馆 铁路局,2室2厅,92.61,南,77.0,8315
河北路 一楼带花园生活便利 交通方便,https://wlmq.lianjia.com/ershoufang/106109873485.html,国秀家园 长春路,2室1厅,74.21,南 北,62.0,8355
沙区北园春恒昌地铁口南北通透急售交通便利配套成熟,https://wlmq.lianjia.com/ershoufang/106108981844.html,恒昌恒业花园西区 儿童村,2室2厅,88.93,南 北,62.0,6972
金坤静园小区 3室2厅 南 北,https://wlmq.lianjia.com/ershoufang/106109794659.html,金坤静园小区 铁路局,3室2厅,112.0,南 北,152.0,13572
香槟水岸B区 2室1厅 东,https://wlmq.lianjia.com/ershoufang/106108692644.html,香槟水岸B区 秦郡,2室1厅,75.0,东,58.0,7734
荷兰小镇经典三室，带车位，产证在手，回笼资金出售,https://wlmq.lianjia.com/ershoufang/106109030045.html,荷兰小镇二期 天汇汽车城,3室2厅,104.35,南 北,57.2,5482
此房一梯三户 公摊低 ，无任何浪费面积 中间楼层,https://wlmq.lianjia.com/ershoufang/106107282898.html,紫煜臻城煜园 创新广场,2室2厅,99.52,南,74.0,7436
水区天山区交界 一炮成功小区 3楼 采光好 户型方正,https://wlmq.lianjia.com/ershoufang/106109808880.html,一炮成功小区 水磨沟区,2室1厅,78.0,东 西,55.0,7052
医学院县医院会展片区赛博特铁路局御园世家,https://wlmq.lianjia.com/ershoufang/106109539713.html,御园公馆 美居,2室2厅,85.0,西南,76.7,9024
天山花园两室 总价低 首付低 户型方正无浪费空间,https://wlmq.lianjia.com/ershoufang/106109531585.html,天山花园 医学院,2室2厅,86.0,东 西,55.0,6396
北京路高新街财大南院电梯高层120平三室环境好,https://wlmq.lianjia.com/ershoufang/106108755026.html,新疆财经大学南校区家属院 小西沟,3室2厅,119.38,南 西,135.2,11326
检漏 7700！全明户型，精装可拎包入住，有钥匙随时看,https://wlmq.lianjia.com/ershoufang/106109657358.html,万科四季花城 喀什东路,3室1厅,107.0,南 北,83.0,7758
低密度花园洋房，人车分流，有车位有地下室，次新小区,https://wlmq.lianjia.com/ershoufang/106108801547.html,香郡原筑 宣仁墩,2室2厅,74.0,南,41.0,5541
6490/㎡长春路澳龙广场 高层电梯三室两厅住宅  长沙路,https://wlmq.lianjia.com/ershoufang/106109410067.html,融亿海盈城市花园 长春路,3室2厅,132.41,东南,86.0,6495
新市区喀什东路金鑫花园万达商圈,https://wlmq.lianjia.com/ershoufang/106107814310.html,金鑫花园 喀什东路,3室2厅,120.0,南,83.0,6917
万科城市之光 3室2厅 南,https://wlmq.lianjia.com/ershoufang/106109948739.html,万科城市之光 喀什东路,3室2厅,93.28,南,81.0,8684
会展 浩源御邸世家朝南两居室，电梯中层，看房方便,https://wlmq.lianjia.com/ershoufang/106107586293.html,浩源御邸世家 红光山,2室2厅,93.0,南,89.0,9570
小西沟肿瘤医院对 面苏州花园多层三楼南北向,https://wlmq.lianjia.com/ershoufang/106109708961.html,苏州花园一期 美居,2室2厅,79.01,南 北,57.0,7215
新市区苏州路肿瘤医院苏州花园一期好房出售,https://wlmq.lianjia.com/ershoufang/106109633974.html,苏州花园一期 美居,2室1厅,74.5,南,56.0,7517
锦华苑小区   单身公寓  诚心出售,https://wlmq.lianjia.com/ershoufang/106110086530.html,锦华苑小区 友好,1室1厅,37.4,西,39.5,10562
金属公司家属院 2室1厅 南 北,https://wlmq.lianjia.com/ershoufang/106110142019.html,金属公司家属院 友好,2室1厅,62.56,南 北,62.0,9911
新疆有色地勘局物探队家属院 2室2厅 南 北,https://wlmq.lianjia.com/ershoufang/106110097114.html,新疆有色地勘局物探队家属院 小西沟,2室2厅,90.41,南 北,90.0,9955
楼层好，采光充足，视野开阔，配套设施齐全......,https://wlmq.lianjia.com/ershoufang/106110052910.html,华源贝域佳府 友好,1室1厅,47.67,南,64.0,13426
蓝调晶典 2室1厅 东,https://wlmq.lianjia.com/ershoufang/106110060886.html,蓝调晶典 美居,2室1厅,96.0,东,45.0,4688
铁路局旁 离上班一步之遥 随时看房 精装 家具家电全配,https://wlmq.lianjia.com/ershoufang/106105448544.html,吉祥小区 铁路局,2室2厅,92.75,南 北,74.0,7979
汇珉园 3室2厅 南 北,https://wlmq.lianjia.com/ershoufang/106108776917.html,汇珉园 友好,3室2厅,113.0,南 北,115.0,10177
南湖广场旁电业局家属院三楼标户两室两厅,https://wlmq.lianjia.com/ershoufang/106109537394.html,高新区电业局小区 南湖广场,2室1厅,82.34,南 北,60.0,7287
沙区骑马山公务员小区电梯三室房子,https://wlmq.lianjia.com/ershoufang/106109602258.html,畅和苑 西山,3室2厅,115.37,南 北,82.0,7108
汇嘉园南北通透两室两厅急售精装修三楼一体两户,https://wlmq.lianjia.com/ershoufang/106109864683.html,汇嘉园 油运司,2室1厅,69.09,南 北,51.5,7455
南湖广场旁电业局家属院三楼标户两室两厅,https://wlmq.lianjia.com/ershoufang/106109537394.html,高新区电业局小区 南湖广场,2室1厅,82.34,南 北,60.0,7287
新疆生产建设兵团建工师住宅小区 2室2厅 南 北,https://wlmq.lianjia.com/ershoufang/106109576185.html,新疆生产建设兵团建工师住宅小区 美居,2室2厅,75.6,南 北,65.0,8598
溪水苑 精装房出售 中间楼层  价格美丽...,https://wlmq.lianjia.com/ershoufang/106106876915.html,溪水苑 经开万达,3室2厅,129.78,南 北,168.0,12945
长沙路   美食街，花田小镇  美居,https://wlmq.lianjia.com/ershoufang/106108879595.html,星汇立方 长春路,2室2厅,112.0,南 北,102.5,9152
金色嘉园 2室2厅 南,https://wlmq.lianjia.com/ershoufang/106109069494.html,金色嘉园 美居,2室2厅,81.9,南,72.5,8853
苏杭明珠花园3室2厅双卫电梯房，采光充足，户型方正,https://wlmq.lianjia.com/ershoufang/106108826987.html,华春苏杭明珠花园小区 长春路,3室2厅,140.38,南 北,104.0,7409
好楼层好户型好采光好通风好视野好交通的好房子,https://wlmq.lianjia.com/ershoufang/106105116736.html,金科宽庭 卫星路,3室2厅,108.5,北 南,99.0,9125
出售宝能城博香苑旁万达华府精装三室采光视野 佳,https://wlmq.lianjia.com/ershoufang/106104735439.html,万达华府二期 经开万达,3室2厅,137.62,南,160.0,11627
国鑫苑花园小区 3室2厅 西南,https://wlmq.lianjia.com/ershoufang/106109718254.html,国鑫苑花园小区 商贸城,3室2厅,125.0,西南,98.0,7840
裕阳花苑81平米经典小三室诚心出售,https://wlmq.lianjia.com/ershoufang/106109836076.html,裕阳花苑 德港万达,3室2厅,81.02,南 北,66.0,8147
中豪B区 精装小三居带家具家电 带14平地下室带车位,https://wlmq.lianjia.com/ershoufang/106108059273.html,中豪润园B区 西山,3室2厅,95.5,南 北,82.0,8587
南湖景苑小区 3室2厅 南 北,https://wlmq.lianjia.com/ershoufang/106109882665.html,南湖景苑小区 南湖广场,3室2厅,129.54,南 北,101.0,7797
万城华府，3室2厅，精装修，中间楼层，业主诚心卖,https://wlmq.lianjia.com/ershoufang/106109971314.html,万城华府 长春路,3室2厅,138.0,南,110.0,7972
雅南高第小区旁锂盐厂家属院3室,https://wlmq.lianjia.com/ershoufang/106106150069.html,锂盐厂家属院二期 仓房沟,3室2厅,94.3,东 西,55.0,5833
奥龙广场城建大厦长春路中路精装三室南北通透板房急售,https://wlmq.lianjia.com/ershoufang/106107053731.html,融亿海盈城市花园 长春路,3室2厅,107.62,南 北,88.0,8177
香槟水岸 多层中间楼层 简装大三室,https://wlmq.lianjia.com/ershoufang/106104774585.html,香槟水岸A区 秦郡,3室2厅,103.5,南,75.0,7247
盈科棕榈园 2室2厅 南 北,https://wlmq.lianjia.com/ershoufang/106108266379.html,盈科棕榈园 美居,2室2厅,85.0,南 北,61.0,7177
新天润五期澜岸  全明户型 小三室,https://wlmq.lianjia.com/ershoufang/106107809128.html,新天润五期澜岸 新天润,3室1厅,98.51,南 北,91.0,9238
万科金域国际 4室2厅 南,https://wlmq.lianjia.com/ershoufang/106105595874.html,万科金域国际 西山,4室2厅,143.6,南,127.0,8845
新市区北京路苏州花园一期二楼三室南北通透出售,https://wlmq.lianjia.com/ershoufang/106108926839.html,苏州花园一期 美居,3室2厅,115.0,南 北,78.0,6783
宽敞复式大户型，价格优，不临街，诚意出售,https://wlmq.lianjia.com/ershoufang/106108693128.html,维斯特一期 水磨沟公园,3室2厅,151.0,南 北,78.0,5166
小西沟 绿洲大厦旁  高层 大三室,https://wlmq.lianjia.com/ershoufang/106105180795.html,新闻出版局家属院 小西沟,3室2厅,131.21,西北,131.21,10000
广晟园 3室2厅 南,https://wlmq.lianjia.com/ershoufang/106107810121.html,广晟园 仓房沟,3室2厅,106.0,南,74.7,7048
标准三室 交通便利 配套齐全 出行方便,https://wlmq.lianjia.com/ershoufang/106109224515.html,汇芳园 友好,3室1厅,100.14,南 北,112.0,11185
石油新村小区 2室1厅 南 北,https://wlmq.lianjia.com/ershoufang/106108855752.html,石油新村小区 石油新村,2室1厅,62.11,南 北,33.0,5314
经开万达旁宝能城高铁126邻近大小绿谷,https://wlmq.lianjia.com/ershoufang/106109413535.html,宝能城 经开万达,3室2厅,116.0,南 北,123.0,10604
荷兰小镇一期多层128平米家具家电齐全带地下室南北通,https://wlmq.lianjia.com/ershoufang/106108107322.html,荷兰小镇一期 天汇汽车城,3室2厅,127.08,南 北,81.0,6374
新市区长春路高新万达旁御园印象99精装三室,https://wlmq.lianjia.com/ershoufang/106107647849.html,御园印象 高新万达,3室2厅,99.0,南,95.0,9596
特变水木尚城 3室2厅 南 北,https://wlmq.lianjia.com/ershoufang/106110045759.html,特变水木尚城 天汇汽车城,3室2厅,134.65,南 北,98.0,7279
特变水木尚城 3室2厅 南 北,https://wlmq.lianjia.com/ershoufang/106110045759.html,特变水木尚城 天汇汽车城,3室2厅,134.65,南 北,98.0,7279
蓝天森林花苑 3室2厅 东南,https://wlmq.lianjia.com/ershoufang/106107262686.html,蓝天森林花苑 仓房沟,3室2厅,123.0,东南,82.0,6667
新疆财经大学职工住宅楼新市区空军医院二宫体育馆,https://wlmq.lianjia.com/ershoufang/106109913651.html,新疆财经大学职工住宅楼 二宫,3室2厅,104.55,南 北,80.0,7652
南湖广场灭火处单位家属院2楼看房方便,https://wlmq.lianjia.com/ershoufang/106110034614.html,灭火处住宅小区 南湖广场,2室1厅,68.1,南 北,52.0,7636
新疆师范大学家属院 3室2厅 南 北,https://wlmq.lianjia.com/ershoufang/106108942310.html,新疆师范大学家属院 医学院,3室2厅,93.36,南 北,140.0,14996
天津路嘉华园复式楼前后晒台房主诚心出售看房有钥匙,https://wlmq.lianjia.com/ershoufang/106109587545.html,嘉华园 长春路,4室2厅,132.0,东 西,78.0,5910
御景苑 3室1厅 南 北,https://wlmq.lianjia.com/ershoufang/106106970053.html,御景苑 美居,3室1厅,110.89,南 北,92.5,8342
宜品家春秋小区130㎡1楼实惠单价5000元电梯LOFT复式,https://wlmq.lianjia.com/ershoufang/106104737495.html,宜品家春秋 油运司,2室2厅,125.0,南,61.0,4880
精装修三室，门口华润万家购物，澳龙广场.南北通透,https://wlmq.lianjia.com/ershoufang/106109689632.html,紫金长安 长春路,3室2厅,153.73,南 北,123.0,8002
新市区 铁路局 清水湾  精装修 带大阳台 复式,https://wlmq.lianjia.com/ershoufang/106109523752.html,清水湾 木材厂,3室1厅,74.21,南 北,57.8,7789
大修厂家属院 2室1厅 东 西,https://wlmq.lianjia.com/ershoufang/106110093901.html,大修厂家属院 油运司,2室1厅,66.0,东 西,50.0,7576
此房满五不唯一，光线充足，小区环境整洁。,https://wlmq.lianjia.com/ershoufang/106110105973.html,阳光之尚 长春路,1室1厅,62.0,南,46.5,7500
月光小区   交通便利   生活配套齐全,https://wlmq.lianjia.com/ershoufang/106110056182.html,月光小区 青年路,2室1厅,59.87,南,50.0,8352
洛林郡 2室2厅 南 西,https://wlmq.lianjia.com/ershoufang/106110129475.html,洛林郡 新天润,2室2厅,92.69,南 西,77.0,8308
满五南北通透 小区环境好采光良好交通便利,https://wlmq.lianjia.com/ershoufang/106110127761.html,民航南昌路瑞安小区 友好,2室2厅,86.81,南 北,58.0,6682
珠江路广源小区  中楼层 采光好 拎包入住,https://wlmq.lianjia.com/ershoufang/106110153483.html,广源小区 珠江路,2室2厅,72.0,东,56.0,7778
采光好、精装修、拎包入住、南公园200米,https://wlmq.lianjia.com/ershoufang/106110164566.html,新秀小区 珠江路,2室2厅,76.07,南 北,67.0,8808
铁路局商圈  二十二街小区  小户型  低楼层,https://wlmq.lianjia.com/ershoufang/106110085208.html,铁路花园社区铁22街新高层 木材厂,2室1厅,56.22,南 北,41.0,7293
晨光佳苑 3室2厅 南 北,https://wlmq.lianjia.com/ershoufang/106110132746.html,晨光佳苑 大湾,3室2厅,92.8,南 北,82.5,8891
阿勒泰路 荣和城 精装修 电梯两房 拎包入住,https://wlmq.lianjia.com/ershoufang/106110095669.html,荣和城三期和郡 油运司,2室2厅,90.0,南 北,90.0,10000
3楼精装广源小区五桥珠江路43平方拎包入住,https://wlmq.lianjia.com/ershoufang/106110079791.html,广源小区 珠江路,1室1厅,42.61,北,38.0,8919
雅山新天地A区 两室精装修 家具家电全带 有地下室,https://wlmq.lianjia.com/ershoufang/106110095477.html,信达雅山新天地A区 西山,2室2厅,69.19,南 北,54.0,7805
达胜花苑 1室1厅 南 西北,https://wlmq.lianjia.com/ershoufang/106110081841.html,达胜花苑 新华南路,1室1厅,56.4,南 西北,56.4,10000
北京路 地铁口 二宫体育馆 领包入住 出行交通方便,https://wlmq.lianjia.com/ershoufang/106110064970.html,绿景花园小区 植物园,2室2厅,68.06,北,52.0,7641
5500/平买米东装修好两室，拎包入住，,https://wlmq.lianjia.com/ershoufang/106110164685.html,飞晟凯旋名苑 天汇汽车城,2室1厅,59.52,南 北,33.5,5629
长春南路友好商场旁成熟优质小区好房售,https://wlmq.lianjia.com/ershoufang/106110164234.html,盈科棕榈园 美居,2室1厅,67.0,南 北,58.0,8657
长春路美居商圈南北通透地铁三号线交通便利配套齐全,https://wlmq.lianjia.com/ershoufang/106110171335.html,盈科棕榈园 美居,2室2厅,87.6,南 北,76.0,8676
出售；晨光佳苑一期3楼55平方一室一厅一厨一卫,https://wlmq.lianjia.com/ershoufang/106110192296.html,晨光佳苑 大湾,1室1厅,55.0,西南,46.0,8364
青年路月光小区精装三室中间楼拎包入住采光好出行便利,https://wlmq.lianjia.com/ershoufang/106109672742.html,月光小区 青年路,3室2厅,89.98,南 北,90.0,10003
经开区卫星路旁香槟水岸一室小公摊，年轻人首 选,https://wlmq.lianjia.com/ershoufang/106109229252.html,香槟水岸A区 秦郡,1室1厅,49.8,南,36.0,7229
