城南新弄里旁中南十二期四开间朝南毛坯可自主装修,https://yc.lianjia.com/ershoufang/103118833250.html,中南世纪城十二期悦城 中南商圈,4室2厅,141.0,南,243.8,17291
新妇幼旁，精装修复式四房，拎包入住，视野开阔,https://yc.lianjia.com/ershoufang/103118560182.html,书香名府 东台市,4室2厅,193.22,南,173.8,8995
品质小区 精装婚房 满两年 看房方便,https://yc.lianjia.com/ershoufang/103114265074.html,金色蓝庭 聚龙湖商圈,3室2厅,126.36,南 北,175.0,13850
华芳国际，楼层采光好，实施齐全，交通方便,https://yc.lianjia.com/ershoufang/103118805670.html,华芳国际花园 滨海体育中心商圈,3室1厅,127.76,东南,128.0,10019
品质小区前排 四房二卫双阳台 户型方正南北通风视野好,https://yc.lianjia.com/ershoufang/103118753442.html,碧桂园凤凰城 麦德龙商圈,4室2厅,138.97,南,190.0,13673
紫御天铂 3室1厅 南,https://yc.lianjia.com/ershoufang/103118807613.html,紫御天铂 白马商圈,3室1厅,118.88,南,131.0,11020
城西南丰盛名望府毛坯128平，诚心出售,https://yc.lianjia.com/ershoufang/103118823114.html,丰盛名望府 崇礼路商圈,3室1厅,128.34,南,135.0,10519
阳光不挡，户型方正，，诚心出售,https://yc.lianjia.com/ershoufang/103114160032.html,颐湖园 东台市,3室2厅,139.05,南,101.8,7322
钱江方洲品质小区，精装大三房，满两年税少,https://yc.lianjia.com/ershoufang/103113544431.html,钱江方洲北区 宝龙商圈,3室2厅,151.22,南,335.0,22154
老城区开放大道旁通洋路3号3-2-1-1 96.71m²86万,https://yc.lianjia.com/ershoufang/103117665628.html,通洋路3号 招商场商圈,3室2厅,96.71,南 北,86.0,8893
金水湾四区洋房96平三房仅售146.8万！满二带地面车库,https://yc.lianjia.com/ershoufang/103118373080.html,金水湾 东台市,3室2厅,96.0,南 北,146.8,15292
城北 爱琴海商圈 四季新城 嘉业上郡,https://yc.lianjia.com/ershoufang/103114817442.html,嘉业上郡 白马商圈,3室2厅,100.56,南 北,116.0,11536
此房生活方便，靠商场，是您生活的不二选择,https://yc.lianjia.com/ershoufang/103118179193.html,朗达壹号院 盐都商圈,3室1厅,128.05,南 北,146.0,11402
户型方正 采光好毛坯自主装修，随时看房,https://yc.lianjia.com/ershoufang/103115186102.html,四季金辉 中南商圈,3室2厅,108.27,南,162.0,14963
悦达汇文苑 装修三房出售    诚意出售,https://yc.lianjia.com/ershoufang/103115142299.html,悦达汇文苑 亭湖高中商圈,3室1厅,105.5,南,138.0,13081
此房阳光好，视野佳，配套好，房东诚售，欢迎咨询。,https://yc.lianjia.com/ershoufang/103118789241.html,涵碧园 滨海公园商圈,3室2厅,143.0,南,126.8,8868
老城区|悦达大酒店|新四军纪念馆|招商城|毓龙公园17|,https://yc.lianjia.com/ershoufang/103118818855.html,毓龙公园17#组团 新四军纪念馆商圈,3室2厅,92.0,南,92.0,10000
锦峰苑三室两厅精装修，满五唯一，有车库，68.8万,https://yc.lianjia.com/ershoufang/103116312807.html,锦峰苑 滨海公园商圈,3室2厅,113.95,南,68.8,6038
精装修 小区环境好配套全 房东诚心卖房,https://yc.lianjia.com/ershoufang/103118597956.html,朗地英郡西区 富康路商圈,3室2厅,101.95,南 北,143.0,14027
御景湾东园 3室2厅 南,https://yc.lianjia.com/ershoufang/103118584583.html,御景湾东园 麦德龙商圈,3室2厅,109.0,南,135.0,12386
城西南碧桂园凤凰城毛坯105平3房，诚心出售,https://yc.lianjia.com/ershoufang/103118688557.html,碧桂园凤凰城 麦德龙商圈,3室2厅,105.0,南,135.0,12858
中梁盐督府 3室2厅 南,https://yc.lianjia.com/ershoufang/103118617149.html,中梁盐督府 盐都商圈,3室2厅,100.0,南,115.0,11500
城南大数据新弄里旁荣悦华府全新毛坯三房采光良好,https://yc.lianjia.com/ershoufang/103118541072.html,荣悦华府 中南商圈,3室2厅,101.0,南,137.0,13565
南北通风户型，通风好视野开阔，配套设施齐全交通便利,https://yc.lianjia.com/ershoufang/103118528699.html,德惠尚书房西区 亭湖高中商圈,3室2厅,118.0,南 北,170.0,14407
毛坯3房，飞机户型，双阳台，视野采光好，户型通透,https://yc.lianjia.com/ershoufang/103118572196.html,中船·翠湖名邸 盐城会展中心商圈,3室2厅,114.56,南,165.0,14403
城南，戴庄路帝王楼层，阳光房，品质小区，香苑东园,https://yc.lianjia.com/ershoufang/103118718336.html,香苑东园 中南商圈,3室2厅,120.76,南,188.88,15641
边户采光很好，有入户花园，双阳台，房东诚心出售,https://yc.lianjia.com/ershoufang/103118722799.html,悦隽时代 盐都商圈,3室2厅,117.14,南,130.0,11098
户型方正，采光充足，配套设施齐全,https://yc.lianjia.com/ershoufang/103118752188.html,中庚.香城云开 招商场商圈,3室2厅,105.78,南 北,133.0,12574
城南新弄里南一院旁中南世纪城5期精装四房家电齐全,https://yc.lianjia.com/ershoufang/103117039168.html,中南世纪城五期 中南商圈,4室2厅,139.8,南,249.0,17812
潮声路香城云开前排中间楼层看房子方便,https://yc.lianjia.com/ershoufang/103118741727.html,中庚.香城云开 招商场商圈,3室2厅,105.91,南 北,130.0,12275
南海未来城旁，荣悦华府，楼层好.采光好，诚心出售.,https://yc.lianjia.com/ershoufang/103118773304.html,荣悦华府 中南商圈,3室2厅,121.79,南,158.0,12974
小区前排 南北通户 采光好 中Y空调 品质定制,https://yc.lianjia.com/ershoufang/103117831108.html,日月星城 聚龙湖商圈,3室2厅,108.61,南 北,155.0,14272
生活便利小区舒适温馨，24小时安保,https://yc.lianjia.com/ershoufang/103118791660.html,吾悦和府北区 东台市,3室1厅,107.0,南 北,129.8,12131
此房南北通风格局好，毛坯随意发挥，随意装修,https://yc.lianjia.com/ershoufang/103118737956.html,天樾府 东台市,4室2厅,143.87,南 北,147.0,10218
明新半岛花园 高楼层 毛坯三房 西边户 采光好,https://yc.lianjia.com/ershoufang/103111264185.html,明新半岛花园 潘黄商圈,3室2厅,121.89,南,172.0,14112
拎包入住，此房楼层好，视野宽阔，采光充足，设施齐全,https://yc.lianjia.com/ershoufang/103116480228.html,虹亚翰府广场 盐城会展中心商圈,3室2厅,127.53,南,170.0,13331
东台碧桂园 精装三室 95平方 有钥匙 看房方便！！,https://yc.lianjia.com/ershoufang/103117724707.html,东台碧桂园 东台市,3室2厅,95.0,南,83.8,8822
四季金辉 3室1厅 南,https://yc.lianjia.com/ershoufang/103118719428.html,四季金辉 中南商圈,3室1厅,89.4,南,132.0,14766
新日月精装修，拎包入住，交通便利，配套设施齐全,https://yc.lianjia.com/ershoufang/103118787495.html,新日月翠洲嘉园 万达商圈,3室2厅,117.0,南,155.0,13248
毓龙公园  亨达公寓 精装三房 拎包即住,https://yc.lianjia.com/ershoufang/103118750335.html,亨达公寓 新四军纪念馆商圈,3室2厅,119.0,南,110.0,9244
新日月精装修，拎包入住，交通便利，配套设施齐全,https://yc.lianjia.com/ershoufang/103118809569.html,新日月翠洲嘉园 万达商圈,3室2厅,100.0,南,119.8,11980
香苑东园 精装三房拎包入住 户型好 环境好 诚心出,https://yc.lianjia.com/ershoufang/103118830252.html,香苑东园 中南商圈,3室2厅,144.0,南,260.0,18056
仁和家园.安园 3室2厅 南,https://yc.lianjia.com/ershoufang/103118825794.html,仁和家园.安园 滨海清水湖商圈,3室2厅,121.0,南,79.8,6596
采光充足，视野开阔，诚心出售，交通便捷,https://yc.lianjia.com/ershoufang/103118815087.html,通新新村 东台市,3室2厅,143.98,南,115.0,7988
帝王楼层 东边户 采光佳 房东诚心出售！,https://yc.lianjia.com/ershoufang/103118436486.html,翰林壹品城 麦德龙商圈,3室2厅,121.83,南 北,156.0,12805
现代華庭东园 3室2厅 南,https://yc.lianjia.com/ershoufang/103118845500.html,现代華庭东园 缤纷亚洲商圈,3室2厅,148.0,南,305.0,20609
盐南三区B 3室1厅 南,https://yc.lianjia.com/ershoufang/103118837693.html,盐南三区B 永基广场商圈,3室1厅,77.0,南,82.0,10650
万达旁 瑞都新城 82.16平 精装两室 南北通透 满五唯一,https://yc.lianjia.com/ershoufang/103118401012.html,华兴瑞都新城 万达商圈,2室1厅,82.13,南 北,99.8,12152
南金鹰聚龙湖商圈 凤鸣缇香 三房两卫 诚心出售,https://yc.lianjia.com/ershoufang/103118736714.html,凤鸣缇香 聚龙湖商圈,3室2厅,134.3,南,297.0,22115
如意花园2室双阳台精装，采光很好，家具家电全留。,https://yc.lianjia.com/ershoufang/103116162032.html,如意花园 双元西路商圈,2室2厅,96.0,南,129.0,13438
公园道一号 房东诚心出售 宝龙商圈配套齐全,https://yc.lianjia.com/ershoufang/103117693325.html,公园道1号 宝龙商圈,3室2厅,109.24,南,306.0,28012
金水湾2-1-1-1 102.00m²,https://yc.lianjia.com/ershoufang/103118556145.html,金水湾 东台市,2室1厅,101.64,南,136.8,13460
业主诚意出售，房子装修没有住过，合适可以谈,https://yc.lianjia.com/ershoufang/103114912147.html,森活绿郡 东台市,3室1厅,124.0,南 北,139.8,11275
楼层好 采光充足 配套设施齐全,https://yc.lianjia.com/ershoufang/103118618659.html,盐南三区A 永基广场商圈,2室2厅,71.44,南,78.8,11031
空中别墅，视野开阔，全天采光无遮挡,https://yc.lianjia.com/ershoufang/103117051907.html,中南熙悦 亭湖高中商圈,6室3厅,173.79,南,249.0,14328
央企中海世纪公馆全小区诚心出售3房随时可看,https://yc.lianjia.com/ershoufang/103117924920.html,中海世纪公馆 聚龙湖商圈,3室1厅,107.72,南,159.0,14761
锦盛豪庭北苑 精装三房 满两年 拎包入住,https://yc.lianjia.com/ershoufang/103114280387.html,锦盛豪庭·北苑 中南商圈,3室2厅,109.0,南,160.0,14679
城南体育馆旁 在家听演唱会的好房子 楼层佳,https://yc.lianjia.com/ershoufang/103115448654.html,奥体玫瑰园B区 中南商圈,3室2厅,117.48,南 北,172.0,14641
中庚海德公园 精装小三房 带机械车位,https://yc.lianjia.com/ershoufang/103110210786.html,中庚海德公园 中南商圈,3室1厅,96.53,南 北,150.0,15540
聚亨路  恒大帝景精装  楼层好  满二年,https://yc.lianjia.com/ershoufang/103114342167.html,恒大帝景 聚龙湖商圈,3室2厅,120.34,南 北,191.6,15922
通港新村 3室1厅 南,https://yc.lianjia.com/ershoufang/103118629626.html,通港新村 招商场商圈,3室1厅,81.0,南,61.6,7605
恒大影城旁 港龙华侨城 好楼层全款毛坯房  风景视线好,https://yc.lianjia.com/ershoufang/103118565748.html,港龙华侨城 麦德龙商圈,2室2厅,90.4,南,118.0,13054
恒大帝景 3室2厅 南,https://yc.lianjia.com/ershoufang/103118604309.html,恒大帝景 聚龙湖商圈,3室2厅,109.0,南,165.0,15138
朗达壹号院 3室1厅 南,https://yc.lianjia.com/ershoufang/103118644252.html,朗达壹号院 盐都商圈,3室1厅,118.86,南,141.6,11914
此房南北通风格局，楼层好，视野开阔，采光充足,https://yc.lianjia.com/ershoufang/103118659822.html,保利紫荆公馆 亭湖高中商圈,4室1厅,141.0,南,185.0,13121
东亭一村 3室2厅 南 北,https://yc.lianjia.com/ershoufang/103118610937.html,东亭一村 东台市,3室2厅,84.86,南 北,99.8,11761
采光充足，视野开阔，诚心出售，交通便捷,https://yc.lianjia.com/ershoufang/103118607158.html,书香名府 东台市,3室2厅,106.0,南 北,127.8,12057
翰林壹品中上层毛坯2房东户三面采光成熟地段交通方便,https://yc.lianjia.com/ershoufang/103118595939.html,翰林壹品城 麦德龙商圈,1室1厅,72.0,南 北,95.0,13195
爱琴海高层，采光充足，配套设施完善，交通便利！,https://yc.lianjia.com/ershoufang/103118662500.html,紫御天铂 白马商圈,3室2厅,92.18,南,113.0,12259
悦隽时代 3室2厅 南,https://yc.lianjia.com/ershoufang/103118649606.html,悦隽时代 盐都商圈,3室2厅,97.0,南,123.0,12681
：卖点： 聚龙湖商圈位置，楼层好，采光好。,https://yc.lianjia.com/ershoufang/103118707974.html,通银·云璟 聚龙湖商圈,3室2厅,121.44,南,255.0,20999
中庚•香城云开  新小区  配套设施全  房东诚意出售,https://yc.lianjia.com/ershoufang/103118677289.html,中庚.香城云开 招商场商圈,3室2厅,106.0,南 北,138.0,13019
绿都风尚 3室1厅 南,https://yc.lianjia.com/ershoufang/103118623686.html,绿都风尚 盐都商圈,3室1厅,101.0,南,65.0,6436
此房南北通风、税费少、 交通出行方便 生活配套齐全,https://yc.lianjia.com/ershoufang/103118604666.html,清华学仕园 麦德龙商圈,3室2厅,103.0,南,131.8,12797
丰盛名望府 3室2厅 南 北,https://yc.lianjia.com/ershoufang/103118607366.html,丰盛名望府 崇礼路商圈,3室2厅,124.5,南 北,130.0,10442
城西南 吾悦旁 碧桂园品质小区 楼层好,https://yc.lianjia.com/ershoufang/103118601077.html,碧桂园凤凰城 麦德龙商圈,3室2厅,108.24,南,142.0,13119
精装未入住 诚心出售 低总价上学 新上房源,https://yc.lianjia.com/ershoufang/103118618097.html,锦盛豪庭·南郡 中南商圈,2室1厅,71.72,南,125.0,17429
锦盛豪庭南郡 全屋地暖 视野好采光足 夜景怡人 新小区,https://yc.lianjia.com/ershoufang/103118614122.html,锦盛豪庭·南郡 中南商圈,2室2厅,92.43,南,179.8,19453
招商城|新纪元|农垦公司宿舍|永辉|,https://yc.lianjia.com/ershoufang/103118677497.html,农垦公司宿舍 招商场商圈,2室1厅,78.0,南,71.0,9103
房子户型好，光线足，业主诚意出售，看房方便,https://yc.lianjia.com/ershoufang/103114174007.html,民航新村锦康苑 富康路商圈,3室2厅,110.04,南,113.5,10315
老城区  多层2楼 阳光好  光线足 有大车库,https://yc.lianjia.com/ershoufang/103118465490.html,欧景苑 海华商圈,2室2厅,89.51,南 北,108.0,12066
城东高教公寓精装修两房，有车库，可拎包入住。,https://yc.lianjia.com/ershoufang/103118714092.html,高教公寓 盐城会展中心商圈,2室2厅,88.94,南,105.0,11806
中环紫郡  聚龙湖畔  采光刺眼  装修清爽  诚心出售,https://yc.lianjia.com/ershoufang/103118731774.html,中环紫郡 聚龙湖商圈,2室2厅,106.7,南,215.0,20150
新河湾花园，户型好，楼层佳，业主诚心出售,https://yc.lianjia.com/ershoufang/103118722804.html,新河湾花园 富康路商圈,2室2厅,88.76,南,112.0,12619
采光充足，视野开阔，诚心出售，交通便捷,https://yc.lianjia.com/ershoufang/103118803803.html,聚龙双苑 东台市,3室2厅,96.0,北,125.0,13021
工农路旁 供电南村10号 小户型 楼层好 采光好,https://yc.lianjia.com/ershoufang/103118769757.html,供电南村 海华商圈,2室1厅,46.44,南 北,53.8,11585
位置好 配套实施完善 南北通透 带车库,https://yc.lianjia.com/ershoufang/103118773772.html,前进公寓 万达商圈,2室2厅,82.0,南 北,92.6,11293
聚龙湖商圈 凤凰汇 时尚装修 价格可议,https://yc.lianjia.com/ershoufang/103118716636.html,凤凰汇 聚龙湖商圈,2室1厅,55.0,西,68.0,12364
范公路旁东方花园(亭湖区)4-2-1-1 100.90m² 119 万,https://yc.lianjia.com/ershoufang/103118584984.html,东方花园(亭湖区) 招商场商圈,4室2厅,100.9,南 北,119.0,11794
中江外滩城|奥体A区|高楼层|精装三房|采光刺眼|诚售,https://yc.lianjia.com/ershoufang/103118652454.html,奥体玫瑰园A区 中南商圈,3室2厅,120.0,南 北,180.0,15000
华师大旁，三好万科，精装大三房两卫，好楼层，随时看,https://yc.lianjia.com/ershoufang/103118717428.html,万科悦达翡翠云台 中南商圈,3室2厅,129.99,南 北,218.0,16771
新上架房源，价格合适，房子新的装修家里配套齐全,https://yc.lianjia.com/ershoufang/103116731237.html,新桥小区 东台市,3室1厅,89.8,南,92.8,10335
亨达公寓 3室1厅 南,https://yc.lianjia.com/ershoufang/103118806898.html,亨达公寓 新四军纪念馆商圈,3室1厅,89.7,南,101.36,11300
如意花园，三室两厅，8楼总18楼采光无遮挡，含车库,https://yc.lianjia.com/ershoufang/103118184750.html,如意花园 双元西路商圈,3室2厅,127.04,南,173.0,13618
城南 新弄里旁 中南九期 户型方正 三室两厅两卫,https://yc.lianjia.com/ershoufang/103118757302.html,中南世纪城9期 中南商圈,3室2厅,120.78,南,208.0,17222
北金鹰 华兴嘉园 紫荆花园 电梯三房 中层 采光辣眼,https://yc.lianjia.com/ershoufang/103118699640.html,紫荆花园 双元西路商圈,3室2厅,99.0,南,145.0,14647
精装三房，楼层好 采光无遮挡 生活配套设施齐全,https://yc.lianjia.com/ershoufang/103118730866.html,民航新村锦康苑 富康路商圈,3室2厅,99.8,南 北,101.0,10121
五星小区  清爽三房 楼层好带车库,https://yc.lianjia.com/ershoufang/103118762300.html,跃进新村 五星车站商圈,3室2厅,105.0,南 北,110.0,10477
力拓倾城旁华建颐园 精装三房 带大车库,https://yc.lianjia.com/ershoufang/103113977047.html,华建颐园 富康路商圈,3室2厅,108.59,南,172.0,15840
五星车站商圈 清爽三房 楼层好  总价低,https://yc.lianjia.com/ershoufang/103118699505.html,通榆南村 五星车站商圈,3室1厅,65.81,南,76.0,11549
绿地天成苑，拎包入住，楼层好，采光佳，交通便利,https://yc.lianjia.com/ershoufang/103117789562.html,绿地天成苑 亭湖商圈,3室2厅,101.95,南,129.8,12732
新弄里商圈  东边户  小区前排   装修清爽 看房方便,https://yc.lianjia.com/ershoufang/103118699303.html,锦盛豪庭·南郡 中南商圈,3室2厅,124.5,南,198.8,15968
碧桂园星钻，爱琴海旁，成熟商圈，生活便利,https://yc.lianjia.com/ershoufang/103118331430.html,城北新村 白马商圈,2室2厅,71.95,南,79.8,11092
聚龙湖   南金鹰   盐渎路  恒荣世家,https://yc.lianjia.com/ershoufang/103118724650.html,恒荣世家 聚龙湖商圈,3室2厅,100.0,南 北,138.0,13800
碧桂园珺悦府 4室1厅 南,https://yc.lianjia.com/ershoufang/103118784777.html,碧桂园珺悦府 亭湖高中商圈,4室1厅,143.43,南,229.8,16022
西城小区 83.94平 精装两室  满2年  拎包即住,https://yc.lianjia.com/ershoufang/103113525650.html,西城中央 双元西路商圈,2室1厅,83.94,南 北,119.8,14273
西邻欧风花街，聚龙湖商圈，精装3房 总价低，采光好,https://yc.lianjia.com/ershoufang/103118776661.html,恒大帝景 聚龙湖商圈,3室2厅,109.19,南,153.0,14013
四季新城3室110.74平165万,https://yc.lianjia.com/ershoufang/103115786523.html,四季新城 白马商圈,3室2厅,110.74,南,155.0,13997
悦达悦珑湾 3室1厅 南,https://yc.lianjia.com/ershoufang/103118729381.html,悦达悦珑湾 五星车站商圈,3室1厅,164.32,南,300.0,18258
急售！有钥匙看房方便，中间楼层，采光好看房方便,https://yc.lianjia.com/ershoufang/103118768598.html,中南世纪城十二期悦城 中南商圈,3室2厅,100.64,南 北,170.0,16892
虹亚瀚庭雅苑房东诚心出售  满二区前排,https://yc.lianjia.com/ershoufang/103118824898.html,虹亚翰庭雅苑 富康路商圈,2室1厅,82.13,南,120.0,14611
盐南三区B 三室两厅含车库 拎包即住,https://yc.lianjia.com/ershoufang/103118761406.html,盐南三区B 永基广场商圈,3室2厅,77.03,南,80.0,10386
中南熙悦   精装小三房  房东诚心出售,https://yc.lianjia.com/ershoufang/103118781548.html,中南熙悦 亭湖高中商圈,3室2厅,90.31,南,148.0,16388
70年产权、楼层佳、位置佳、业主诚心出售,https://yc.lianjia.com/ershoufang/103118233310.html,八菱花园 缤纷亚洲商圈,3室2厅,101.79,南 北,202.0,19845
诚信出售  好楼层  好户型  采光好,https://yc.lianjia.com/ershoufang/103118718357.html,国飞尚城F区 永基广场商圈,3室2厅,121.0,南,155.8,12877
天樾府3-2-1-2 119.00m²,https://yc.lianjia.com/ershoufang/103117973796.html,天樾府 东台市,3室2厅,119.0,南,128.8,10824
怡和园幸福里 3室2厅 南 北,https://yc.lianjia.com/ershoufang/103117702753.html,怡和园幸福里 崇礼路商圈,3室2厅,93.7,南 北,107.0,11420
恒大名都低单价飞机户精装修，拎包即住,https://yc.lianjia.com/ershoufang/103118321492.html,恒大名都 麦德龙商圈,3室2厅,107.9,南 北,139.8,12957
户型方正 精装房 配套设施齐全 有车库 好房必看,https://yc.lianjia.com/ershoufang/103117200729.html,清华学仕园 麦德龙商圈,3室2厅,103.2,南 北,117.8,11415
翰林壹品  毛坯3房  小区前排 交通便利,https://yc.lianjia.com/ershoufang/103118410831.html,翰林壹品城 麦德龙商圈,3室2厅,101.8,南,132.8,13046
碧桂园凤凰城 3室2厅 南,https://yc.lianjia.com/ershoufang/103118468257.html,碧桂园凤凰城 麦德龙商圈,3室2厅,108.0,南,157.0,14538
景区小洋房，南北通透，采光无遮挡，房东诚心出售。,https://yc.lianjia.com/ershoufang/103115654659.html,祥生金麟府 东台市,3室2厅,129.0,南 北,119.8,9287
盐渎路与神州路交界 香城世家 小洋房 飞机户型,https://yc.lianjia.com/ershoufang/103116906486.html,香城世家 麦德龙商圈,3室2厅,111.27,南,178.0,15998
精装修 拎包入住 楼层好 采光佳,https://yc.lianjia.com/ershoufang/103118162676.html,依云香溪 麦德龙商圈,3室2厅,120.38,南,136.8,11365
育才大厦楼丨精装三房丨全新装修 未入住丨看房方便,https://yc.lianjia.com/ershoufang/103114389148.html,育才大厦商住楼 滨海公园商圈,3室2厅,94.8,南,113.8,12005
中南世纪城三期康城|精装四房|钻石楼层|235万,https://yc.lianjia.com/ershoufang/103115823749.html,中南世纪城康城三期 中南商圈,4室2厅,122.42,南,235.0,19197
碧桂园品牌房企  精装修  满二年,https://yc.lianjia.com/ershoufang/103113335280.html,碧桂园二期 麦德龙商圈,4室2厅,143.0,南,200.0,13987
城东景山 德惠锦苑 精装三房 随时看房 拎包入住,https://yc.lianjia.com/ershoufang/103113095610.html,德惠尚书房锦苑 亭湖高中商圈,3室1厅,104.8,南,165.0,15745
创元金域花苑 3室2厅 南,https://yc.lianjia.com/ershoufang/103118458375.html,创元金域花苑 麦德龙商圈,3室2厅,140.3,南,200.0,14256
城西南精装  四室二厅  楼层好  采光佳  房东诚心出售,https://yc.lianjia.com/ershoufang/103116319999.html,碧桂园凤凰城 麦德龙商圈,4室2厅,143.3,南,230.0,16051
碧桂园凤凰城  毛坯三房  楼层好 采光佳 房东诚心出售,https://yc.lianjia.com/ershoufang/103117094953.html,碧桂园凤凰城 麦德龙商圈,3室2厅,104.96,南,145.0,13815
房型朝南，采光充足 安静不受干扰,https://yc.lianjia.com/ershoufang/103114082312.html,温馨花园北区 缤纷亚洲商圈,3室1厅,102.16,南,176.0,17228
城西南经典毛坯四房，房东诚心出售,https://yc.lianjia.com/ershoufang/103117552804.html,吾悦和府沁园 麦德龙商圈,4室2厅,134.0,南,159.0,11866
新建南路 3室1厅 南,https://yc.lianjia.com/ershoufang/103116776129.html,新建南路 滨海公园商圈,3室1厅,90.54,南,86.0,9499
鸿基花园 金贸花园旁紫竹园小区精装三室二厅拎包入住,https://yc.lianjia.com/ershoufang/103118707505.html,紫竹园 海华商圈,3室2厅,103.0,南,115.0,11166
此房楼层好，采光充足，视野宽阔，基础设施齐全,https://yc.lianjia.com/ershoufang/103118760906.html,盛世豪庭 永基广场商圈,1室1厅,48.28,西北,50.0,10357
位置好 配套实施完善 南北通透 带车库,https://yc.lianjia.com/ershoufang/103118796661.html,港湾明珠 张庄商圈,2室2厅,89.38,南 北,130.0,14545
东进路 电梯洋房 全明户型 采光足 看房方便,https://yc.lianjia.com/ershoufang/103114571413.html,金庭苑南区 缤纷亚洲商圈,3室2厅,128.6,南,283.0,22007
房屋全新装修  装修有1年了  本来自己住现在决定出售,https://yc.lianjia.com/ershoufang/103115519758.html,华建雅园 亭湖高中商圈,3室2厅,100.0,南 北,149.8,14980
奥体玫瑰园B区 中上楼层+东边户+双阳台+双卫 车位车库,https://yc.lianjia.com/ershoufang/103116747545.html,奥体玫瑰园B区 中南商圈,3室2厅,123.8,南,168.8,13635
近盐龙体育公园，近万达，南北通透，电梯空中别墅,https://yc.lianjia.com/ershoufang/103115019774.html,苏豪名邸 双元西路商圈,6室2厅,198.0,南 北,240.0,12122
城南锦盛豪庭旁香苑小区 南盐中 橡树湾边,https://yc.lianjia.com/ershoufang/103116881493.html,香苑小区 中南商圈,3室2厅,90.53,南,133.0,14692
人民医院桥北高档人车分流电梯小区103平,https://yc.lianjia.com/ershoufang/103116394653.html,商业新村 东台市,2室2厅,103.13,南 北,132.8,12877
宝龙商圈  馥桂名居中上楼层  采光辣眼  毛坯大四房,https://yc.lianjia.com/ershoufang/103116810788.html,馥桂名居 亭湖商圈,4室2厅,131.13,南,138.8,10585
精装修两房 高楼层采光好 户型方正 麦德龙商圈,https://yc.lianjia.com/ershoufang/103114816058.html,港龙华侨城 麦德龙商圈,2室2厅,74.0,南,105.0,14190
楼层好  视野宽阔  户型 南北通风  品质小区 毛坯现房,https://yc.lianjia.com/ershoufang/103115185457.html,保利紫荆公馆 亭湖高中商圈,3室2厅,90.42,南,138.0,15263
解放路旁恒荣复式毛坯可自行装修，看房方便，诚心出售,https://yc.lianjia.com/ershoufang/103116432703.html,恒荣世家 聚龙湖商圈,4室2厅,198.0,南,208.0,10506
月湖花城  三房163万 满两年 有车库,https://yc.lianjia.com/ershoufang/103117176827.html,月湖花城 缤纷亚洲商圈,3室2厅,78.6,南,159.5,20293
新弄里旁  香苑西园  满二年毛坯   楼层好,https://yc.lianjia.com/ershoufang/103116060658.html,香苑西园 中南商圈,3室2厅,160.0,南,288.0,18000
此房楼层好，格局好，采光充足交通便利配套设施齐全,https://yc.lianjia.com/ershoufang/103116186391.html,文泽府邸 招商场商圈,3室2厅,128.0,南 北,198.8,15532
恒大悦澜湾 精装未入住 绿化面积大 恒大品质物业,https://yc.lianjia.com/ershoufang/103114355051.html,恒大悦澜湾 亭湖高中商圈,3室2厅,100.17,南,132.8,13258
聚龙湖商圈 精装三房 釆光好 房东诚心出售,https://yc.lianjia.com/ershoufang/103114241832.html,华厦绿城 聚龙湖商圈,3室2厅,120.77,南,172.0,14242
香苑东园  毛呸大三房   看房方便  户型方正,https://yc.lianjia.com/ershoufang/103117130768.html,香苑东园 中南商圈,3室2厅,156.87,南,275.0,17531
城南花园洋房 得房率高 望府景园 房东诚心出售,https://yc.lianjia.com/ershoufang/103116329974.html,中梁聚龙首府 中南商圈,4室2厅,126.47,南,230.0,18187
鹿鸣路西校区旁 金大洋花园 三室两厅一卫 置换出售,https://yc.lianjia.com/ershoufang/103117958347.html,金大洋花园 缤纷亚洲商圈,3室2厅,125.6,南,258.8,20606
此房生活方便靠商场，南北通透 是您生活的不二选择,https://yc.lianjia.com/ershoufang/103117777248.html,明新半岛花园 潘黄商圈,4室2厅,168.3,南 北,265.0,15746
德惠尚书房西区 精装三房 飞机户型 诚心出售,https://yc.lianjia.com/ershoufang/103114348129.html,德惠尚书房西区 亭湖高中商圈,3室2厅,98.39,南 北,139.0,14128
非顶高层 四开间朝南 南侧连体双阳台 北侧也有阳台,https://yc.lianjia.com/ershoufang/103117703301.html,明新半岛花园 潘黄商圈,4室2厅,177.0,南 北,262.8,14848
满5年 小三房 楼层好 老城区 鸿基花园  新家电,https://yc.lianjia.com/ershoufang/103115906419.html,鸿基花园 海华商圈,3室1厅,92.45,南,102.0,11033
户型方正，采光很好，小区环境好 通风户型,https://yc.lianjia.com/ershoufang/103116298588.html,德惠尚书房西区 亭湖高中商圈,3室2厅,98.07,南,160.0,16315
此房为毛坯房，楼层好，采光佳 ， 可以随意装修,https://yc.lianjia.com/ershoufang/103114298633.html,瑞尔花园 聚龙湖商圈,3室2厅,125.0,南,200.0,16000
国际好房源  中海万锦南园  采光无遮挡 房东诚心出售,https://yc.lianjia.com/ershoufang/103116483226.html,中海万锦南园 中南商圈,4室2厅,142.01,南,249.0,17534
新弄里南附医旁金辉优步水岸毛坯四房采光良看房方便,https://yc.lianjia.com/ershoufang/103117936015.html,金辉优步水岸 中南商圈,4室2厅,116.0,南,175.0,15087
串场河边 新弄里旁 四季金辉 户型方正,https://yc.lianjia.com/ershoufang/103114491115.html,四季金辉 中南商圈,3室2厅,119.37,南,173.0,14493
城南新弄里旁一口价房源，通达国宾府，双阳台,https://yc.lianjia.com/ershoufang/103115862914.html,通达国宾府 中南商圈,3室2厅,105.0,南 北,140.0,13334
城南中海万锦公馆 毛坯 北区前排 采光刺眼 视野宽阔,https://yc.lianjia.com/ershoufang/103115703964.html,中海万锦公馆 中南商圈,4室2厅,132.2,南 北,188.0,14221
爱琴海商圈，三开间朝南，动静分离，新小区环境好,https://yc.lianjia.com/ershoufang/103117988587.html,奥莱福邸 白马商圈,3室2厅,98.7,南,107.0,10841
爱琴海高层，采光充足，配套设施完善，交通便利！,https://yc.lianjia.com/ershoufang/103117415692.html,紫御天铂 白马商圈,3室2厅,91.82,南,112.8,12285
中南八期 精装三房 看房方便 诚心出售,https://yc.lianjia.com/ershoufang/103117529535.html,中南景城南区 中南商圈,3室2厅,102.89,南,154.0,14968
城南|串场河景观带|恒大帝景|,https://yc.lianjia.com/ershoufang/103117650619.html,恒大帝景 聚龙湖商圈,3室2厅,112.0,南,152.0,13572
南一中旁品质小区香槟公馆精装三房房东置换诚心出售,https://yc.lianjia.com/ershoufang/103118149993.html,香槟公馆 麦德龙商圈,3室2厅,91.0,南,139.8,15363
此房满五唯一，精装，光线很好，家具电器齐全,https://yc.lianjia.com/ershoufang/103116350404.html,恒大名都 麦德龙商圈,2室2厅,90.57,北 南,125.0,13802
南附医旁|中南世纪城荣城二期|高楼层|采光刺眼视野好,https://yc.lianjia.com/ershoufang/103118329982.html,中南世纪城·荣城 中南商圈,3室2厅,105.0,南,160.0,15239
东郊新村虹彩苑 2室2厅 南,https://yc.lianjia.com/ershoufang/103117353596.html,东郊新村虹彩苑 新四军纪念馆商圈,2室2厅,103.07,南,103.0,9994
满五税少 中高层光照好 精装三房朝南 南北双阳台雪亮,https://yc.lianjia.com/ershoufang/103114777500.html,中环紫郡 聚龙湖商圈,3室2厅,130.0,南,238.0,18308
景山解放路悦达889旁碧桂园珺悦府,https://yc.lianjia.com/ershoufang/103117215118.html,碧桂园珺悦府 亭湖高中商圈,3室1厅,115.69,南,165.0,14263
中南十期品质住宅，楼层好位置佳，视线无遮挡，,https://yc.lianjia.com/ershoufang/103116479910.html,中南世纪城景城二区 中南商圈,4室2厅,140.0,南 北,229.0,16358
城南，新弄里，小高层，通银天御，诚心出售，好房不贵,https://yc.lianjia.com/ershoufang/103117410415.html,通银·天御 中南商圈,4室2厅,143.0,北 南,210.0,14686
恒大帝景三期湖景房 楼层好 采光好,https://yc.lianjia.com/ershoufang/103116701134.html,恒大帝景 聚龙湖商圈,3室2厅,108.29,南,162.8,15034
招商场郊区政府宿舍3-2-1-1 73.70m² 83.8 万一楼院子,https://yc.lianjia.com/ershoufang/103117758930.html,郊区政府宿舍 招商场商圈,3室2厅,73.7,南,75.6,10258
城南|串场河景观带|恒大帝景|,https://yc.lianjia.com/ershoufang/103117650619.html,恒大帝景 聚龙湖商圈,3室2厅,112.0,南,152.0,13572
南一中旁品质小区香槟公馆精装三房房东置换诚心出售,https://yc.lianjia.com/ershoufang/103118149993.html,香槟公馆 麦德龙商圈,3室2厅,91.0,南,139.8,15363
中南世纪城五期 小三房 中上楼层 采光佳,https://yc.lianjia.com/ershoufang/103115990273.html,中南世纪城五期 中南商圈,3室2厅,81.78,南,155.0,18954
城南好地段 荣悦华府 刚需小三房 高楼层 采光刺眼,https://yc.lianjia.com/ershoufang/103116003546.html,荣悦华府 中南商圈,3室2厅,102.7,南,126.0,12269
景山解放路悦达889旁碧桂园珺悦府,https://yc.lianjia.com/ershoufang/103117215118.html,碧桂园珺悦府 亭湖高中商圈,3室1厅,115.69,南,165.0,14263
华芳小区，好楼层，满2年，有钥匙随时看房,https://yc.lianjia.com/ershoufang/103117689587.html,华芳国际花园 滨海体育中心商圈,3室2厅,130.0,南,122.8,9447
恒大帝景三期湖景房 楼层好 采光好,https://yc.lianjia.com/ershoufang/103116701134.html,恒大帝景 聚龙湖商圈,3室2厅,108.29,南,162.8,15034
诚心出售的，产权车位，采光视线nice,https://yc.lianjia.com/ershoufang/103118508231.html,中海万锦北园 中南商圈,3室2厅,97.0,北 南,168.0,17320
悦达悦珑湾毛坯三房 品质小区 诚心出售！,https://yc.lianjia.com/ershoufang/103117010479.html,悦达悦珑湾 五星车站商圈,3室2厅,137.07,南,245.0,17875
降价啦！新小区 中南世纪城悦城十二期 好楼层 毛坯,https://yc.lianjia.com/ershoufang/103115682181.html,中南世纪城十二期悦城 中南商圈,3室2厅,101.0,南,158.0,15644
麦德龙商圈  依云香溪  一室一厅 精装修  拎包即住,https://yc.lianjia.com/ershoufang/103118497630.html,依云香溪 麦德龙商圈,1室1厅,45.0,北,48.0,10667
价格美丽 环境优美 交通便利 户型方正 采光良好,https://yc.lianjia.com/ershoufang/103118636325.html,工贸总公司宿舍 北金鹰商圈,2室1厅,57.87,南,115.0,19873
新河商圈，世纪大道边，高铁站，交通购物方便,https://yc.lianjia.com/ershoufang/103118634065.html,嘉利花园 新河商业街商圈,2室2厅,67.14,南,80.0,11916
此房满两年 采光无遮挡 看房方便 业主诚心出售,https://yc.lianjia.com/ershoufang/103116732577.html,创元金域花苑 麦德龙商圈,4室2厅,137.77,南 西,225.0,16332
聚龙湖畔 南金鹰旁 小区环境优美...,https://yc.lianjia.com/ershoufang/103115471738.html,蔚蓝水岸 聚龙湖商圈,4室2厅,138.0,南 北,245.0,17754
此房源业主诚心出售 看房方便 随时恭候您的来访,https://yc.lianjia.com/ershoufang/103118042281.html,绿苑小区(亭湖区) 双元西路商圈,3室2厅,125.72,东,101.0,8034
户型方正 光线无处不在 带车库房，房东诚心出售！,https://yc.lianjia.com/ershoufang/103113620125.html,港湾明珠 张庄商圈,3室2厅,90.03,南,116.0,12885
城南 恒荣世家 精装3房 中间楼层,https://yc.lianjia.com/ershoufang/103114346720.html,恒荣世家 聚龙湖商圈,3室2厅,101.0,南,135.0,13367
城西南 神州路 恒大名都精装三房 看房方便 拎包即住,https://yc.lianjia.com/ershoufang/103117285095.html,恒大名都 麦德龙商圈,3室2厅,108.0,南,132.8,12297
串场河畔 欧风街边 精装三房双阳台 中上楼层 人车分流,https://yc.lianjia.com/ershoufang/103115897456.html,恒大帝景 聚龙湖商圈,3室2厅,111.69,南,166.8,14935
电梯房，采光充足，户型方正，看房方便,https://yc.lianjia.com/ershoufang/103114431141.html,月湖花城 缤纷亚洲商圈,3室2厅,139.48,南,265.8,19057
金墩广场 新桥小区 市中医院 南北通透 精装修 有车库,https://yc.lianjia.com/ershoufang/103114785997.html,新桥小区 东台市,3室1厅,109.0,南 北,99.8,9156
绿地天成苑，拎包入住，楼层好，采光佳，交通便利,https://yc.lianjia.com/ershoufang/103118590357.html,绿地天成苑 亭湖商圈,3室2厅,113.65,南,128.0,11263
都市壹号，精装三房，带车库，满二 看房提前联系,https://yc.lianjia.com/ershoufang/103118618137.html,盐城都市铭城 富康路商圈,3室2厅,115.0,南,145.0,12609
高教公寓，新房拎包即住，楼层佳，交通便利,https://yc.lianjia.com/ershoufang/103118653467.html,高教公寓 盐城会展中心商圈,3室2厅,117.91,南,175.0,14842
绿地商务城 三房两厅 精装修 楼层好 随时看房,https://yc.lianjia.com/ershoufang/103118546301.html,绿地商务城 盐城会展中心商圈,3室2厅,117.0,南 北,155.0,13248
中南瑞城 满二年 中楼层 精装四房，采光好，诚心出,https://yc.lianjia.com/ershoufang/103118545132.html,中南世纪城瑞城 中南商圈,4室2厅,118.5,南,210.0,17722
新式装修，拎包入住，采光充足。,https://yc.lianjia.com/ershoufang/103118578193.html,房管局宿舍 东台市,2室1厅,77.99,南,79.8,10233
房子装修好，阳光充足，高品质小区物业管理,https://yc.lianjia.com/ershoufang/103118629805.html,悦达悦珑湾 五星车站商圈,3室1厅,142.0,南,280.0,19719
城南|中海万锦南园|品质大楼盘|中高层|采光视野无遮挡,https://yc.lianjia.com/ershoufang/103118538381.html,中海万锦南园 中南商圈,3室1厅,96.31,南,170.0,17652
房子装修好，阳光充足，高品质小区物业管理,https://yc.lianjia.com/ershoufang/103118629805.html,悦达悦珑湾 五星车站商圈,3室1厅,142.0,南,280.0,19719
西环路 南一中旁天澜湾两房 满两年 中上楼层 诚心出售,https://yc.lianjia.com/ershoufang/103118649213.html,天澜湾 麦德龙商圈,2室1厅,85.0,南,120.0,14118
文泽府邸 3室2厅 南,https://yc.lianjia.com/ershoufang/103118695023.html,文泽府邸 招商场商圈,3室2厅,115.87,南,185.0,15967
此房在二楼，房东置换。精装修看房方便,https://yc.lianjia.com/ershoufang/103118633742.html,万泰时代城华府 招商场商圈,3室2厅,142.5,南,165.0,11579
新弄里商圈，中南荣城，精装四房双阳台，好楼层,https://yc.lianjia.com/ershoufang/103118582454.html,中南世纪城·荣城 中南商圈,4室2厅,137.69,南 北,228.0,16559
领秀嘉园 出行方便 精装 带车库配套齐全，诚心出售,https://yc.lianjia.com/ershoufang/103118695513.html,领秀嘉园 中南商圈,3室1厅,90.57,南,156.8,17313
此房南北通风、税费少、 交通出行方便 生活配套齐全,https://yc.lianjia.com/ershoufang/103118686686.html,清华学仕园 麦德龙商圈,2室1厅,77.8,南,107.0,13754
万泰时代城华府3-2-1-2 125.80m² 170 万,https://yc.lianjia.com/ershoufang/103118606096.html,万泰时代城华府 招商场商圈,3室2厅,125.8,南,170.0,13514
前后开阔，采光无遮挡，视野开阔，品质小区,https://yc.lianjia.com/ershoufang/103118682210.html,凤鸣缇香 聚龙湖商圈,3室2厅,107.5,南,210.0,19535
八林新寓3-2-1-1 95.51m²,https://yc.lianjia.com/ershoufang/103118584437.html,八林新寓 东台市,3室2厅,95.51,南,106.0,11099
城南新弄里旁中南9期精装三房采光良好 拎包入住,https://yc.lianjia.com/ershoufang/103118609513.html,中南世纪城9期 中南商圈,3室2厅,103.0,南 北,173.0,16797
城东好房  面积大  总价低    视野好,https://yc.lianjia.com/ershoufang/103118583429.html,蔡尖花园 亭湖商圈,4室2厅,130.22,南,105.8,8125
碧桂园一期 2室2厅 南,https://yc.lianjia.com/ershoufang/103118618615.html,碧桂园一期 麦德龙商圈,2室2厅,86.2,南,135.0,15662
鑫业家园旁新河新村二区 采光好税费低 看房方便,https://yc.lianjia.com/ershoufang/103118648781.html,新河新村二区 新河商业街商圈,2室2厅,80.79,南,88.0,10893
房东急卖很诚意，满五年，采光刺眼,https://yc.lianjia.com/ershoufang/103118685413.html,钱江方洲南区 宝龙商圈,2室2厅,83.57,南,228.8,27379
东郊新村虹景苑小区环境整洁，楼层好，阳光充足。,https://yc.lianjia.com/ershoufang/103118635765.html,东郊新村虹景苑 新四军纪念馆商圈,3室2厅,102.6,南,108.0,10527
耿伙组团 2室2厅 北 南,https://yc.lianjia.com/ershoufang/103118403586.html,耿伙组团 万达商圈,2室2厅,78.79,北 南,92.0,11677
城南，新弄里，锦盛豪庭，精装2房,https://yc.lianjia.com/ershoufang/103118715649.html,锦盛豪庭·北苑 中南商圈,2室2厅,86.24,南,129.0,14959
毓龙路，幸福花苑精装修三房，楼层采光好。,https://yc.lianjia.com/ershoufang/103117324508.html,幸福花苑(亭湖区) 人民公园商圈,2室1厅,96.25,南,173.0,17975
在水一方，精装2房，楼层好，采光好，诚心出售,https://yc.lianjia.com/ershoufang/103117095955.html,在水一方东区 富康路商圈,2室2厅,82.05,南,124.8,15211
建军东路179号供电小区，环境好，适宜居住。,https://yc.lianjia.com/ershoufang/103118747216.html,建军东路179号供电小区 新四军纪念馆商圈,2室1厅,57.41,南,61.8,10765
盛世豪庭精  小面积出售 楼层好,https://yc.lianjia.com/ershoufang/103110743844.html,盛世豪庭 永基广场商圈,1室1厅,33.51,北 西北,41.8,12474
这套房子小区环境好，交通便利。,https://yc.lianjia.com/ershoufang/103115404867.html,中南世纪城景城一期 中南商圈,3室2厅,84.55,南,152.0,17978
满五唯一·中盐中·房东诚心出售,https://yc.lianjia.com/ershoufang/103114397830.html,月湖花城 缤纷亚洲商圈,2室2厅,94.97,南,185.8,19565
文泽府邸3-2-1-1 96.61 m² 139.8 万,https://yc.lianjia.com/ershoufang/103118735603.html,文泽府邸 招商场商圈,3室2厅,96.61,南,139.8,14471
港龙华侨城，中层精装，两房，满五唯一。,https://yc.lianjia.com/ershoufang/103118795820.html,港龙华侨城 麦德龙商圈,2室2厅,82.0,南,128.0,15610
城西高新区 中梁盐督府洋房 飞机户型 诚心出售,https://yc.lianjia.com/ershoufang/103117351761.html,中梁盐督府 盐都商圈,4室2厅,119.62,南,140.0,11704
盐渎路精装修三房，香苑东园，品质小区，看房方便,https://yc.lianjia.com/ershoufang/103117421456.html,香苑东园 中南商圈,3室2厅,120.27,南,238.0,19789
精装3房，满2年，带车位，随时看房,https://yc.lianjia.com/ershoufang/103118066092.html,恒大帝景 聚龙湖商圈,3室2厅,120.44,南,193.0,16025
三好万科，翡翠云台，刚需三房，好楼层，随时可看,https://yc.lianjia.com/ershoufang/103117152274.html,万科悦达翡翠云台 中南商圈,3室2厅,105.0,南,170.0,16191
三好万科，翡翠云台，刚需三房，好楼层，随时可看,https://yc.lianjia.com/ershoufang/103117152274.html,万科悦达翡翠云台 中南商圈,3室2厅,105.0,南,170.0,16191
东台碧桂园 精装三室两卫 产证97平米 房东诚心出售！,https://yc.lianjia.com/ershoufang/103117472839.html,东台碧桂园 东台市,3室2厅,97.0,南 北,93.2,9609
视野宽阔 采光充足 户型方正 即买即住,https://yc.lianjia.com/ershoufang/103115890304.html,青年华都 万达商圈,3室2厅,115.27,南 北,140.0,12146
青年路高架旁森林红郡 毛坯三房 楼层好 环境好,https://yc.lianjia.com/ershoufang/103116609255.html,森林红郡 潘黄商圈,3室2厅,116.23,南 北,145.0,12476
碧桂园星钻旁边爱琴海商圈紫御天铂,https://yc.lianjia.com/ershoufang/103118419170.html,紫御天铂 白马商圈,3室2厅,91.75,南,109.0,11881
东台中南紫云集 3室2厅 南,https://yc.lianjia.com/ershoufang/103118450274.html,东台中南紫云集 东台市,3室2厅,119.5,南,128.8,10779
城东宝龙广场 3室2厅 南,https://yc.lianjia.com/ershoufang/103118223488.html,城东宝龙广场 亭湖商圈,3室2厅,123.0,南,138.0,11220
中南世纪城鼎城   精装修  户型佳  采光辣眼,https://yc.lianjia.com/ershoufang/103113342652.html,中南世纪城鼎城 中南商圈,3室2厅,88.0,南,158.0,17955
此房是全新小区，环境好，采光充足，配套设施完善,https://yc.lianjia.com/ershoufang/103116728458.html,紫御天铂 白马商圈,3室2厅,103.75,南,98.0,9446
城南学海路旁.万科翡翠云台小高层有地暖采光无遮挡！,https://yc.lianjia.com/ershoufang/103114814975.html,万科悦达翡翠云台 中南商圈,4室2厅,142.0,南,235.0,16550
保利罗兰春天  品质 小区  楼层好 视野宽阔 交通便利,https://yc.lianjia.com/ershoufang/103115909976.html,保利罗兰春天 亭湖高中商圈,3室2厅,90.92,南,135.0,14849
城南丨新农里商圈丨三室两厅两卫丨中高楼层,https://yc.lianjia.com/ershoufang/103118149582.html,中南世纪城9期 中南商圈,3室2厅,112.36,南,196.6,17498
楼层好，看房方便，交通便捷，生活快捷,https://yc.lianjia.com/ershoufang/103118414564.html,鹿鸣华庄 宝龙商圈,2室2厅,94.0,南,210.0,22341
五星车站商圈  跃进新村 清爽三房 楼层高总价低,https://yc.lianjia.com/ershoufang/103118470015.html,跃进新村 五星车站商圈,3室1厅,101.4,南,106.0,10454
19楼东边户采光好，带车库车位，价格便宜看房方便,https://yc.lianjia.com/ershoufang/103114686683.html,日月星城 聚龙湖商圈,3室2厅,117.0,南 北,185.0,15812
城南品质小区，四季金辉.水电做好.阳台已封.带电器,https://yc.lianjia.com/ershoufang/103116181339.html,四季金辉 中南商圈,3室2厅,89.5,南,142.0,15866
公园道1号 采光好 房东诚心出售,https://yc.lianjia.com/ershoufang/103118059018.html,公园道1号 宝龙商圈,3室1厅,110.09,南,156.0,14171
楼层好视野采光均佳 配套设施齐全 品质小区,https://yc.lianjia.com/ershoufang/103116262127.html,晶都悦府 中南商圈,3室1厅,100.36,南,169.9,16930
品质小区，品质物业，户型正，采光好,https://yc.lianjia.com/ershoufang/103115485946.html,中海万锦公馆 中南商圈,3室2厅,114.29,南,175.0,15312
小区环境：人车分流，环境优美； 物业好，配套齐全。,https://yc.lianjia.com/ershoufang/103115470986.html,中海万锦南园 中南商圈,3室2厅,101.76,南,170.0,16706
南海未来城 柏润花园 好楼层 采光刺眼,https://yc.lianjia.com/ershoufang/103116025074.html,柏润花园 人民公园商圈,2室2厅,71.61,南,89.0,12429
新弄里旁 通达国宾府 小三房 采光充足 诚心出售,https://yc.lianjia.com/ershoufang/103117897579.html,通达国宾府 中南商圈,3室2厅,106.2,南,133.8,12599
央企品牌开发商，中海万锦公馆四室两厅双卫,https://yc.lianjia.com/ershoufang/103117508317.html,中海万锦公馆 中南商圈,4室2厅,139.5,南 北,200.0,14337
悦达汇文苑装修4 房 房东诚意出售,https://yc.lianjia.com/ershoufang/103117360046.html,悦达汇文苑 亭湖高中商圈,4室2厅,130.3,南,200.0,15350
东坎高中旁 龙泰御景湾 电梯洋房采光戴墨镜 户型方正,https://yc.lianjia.com/ershoufang/103118483831.html,龙泰御景湾 滨海坎南小学商圈,3室2厅,130.0,南,108.0,8308
城南南环路旁，刚需小区荣悦华府。。,https://yc.lianjia.com/ershoufang/103114653227.html,荣悦华府 中南商圈,3室2厅,127.0,南,149.8,11796
城东高教公寓毛坯三房，可自主选择装修风格。,https://yc.lianjia.com/ershoufang/103117802922.html,高教公寓 盐城会展中心商圈,3室2厅,140.0,南 北,160.0,11429
文璟臻苑 毛坯三房 中间楼层 无遮挡,https://yc.lianjia.com/ershoufang/103117224055.html,文璟臻苑 富康路商圈,3室2厅,117.0,南 北,160.0,13676
景山 解放路 保利紫荆公馆 毛坯大三房 诚心出售,https://yc.lianjia.com/ershoufang/103116882535.html,保利紫荆公馆 亭湖高中商圈,3室2厅,107.52,南 北,159.0,14788
城南晶都悦府 电梯洋房 毛坯4室2厅2卫 看房方便,https://yc.lianjia.com/ershoufang/103118032590.html,晶都悦府 中南商圈,4室2厅,142.09,南,310.0,21818
