东湖湾 3室2厅 南,https://yuncheng.lianjia.com/ershoufang/101114053186.html,东湖湾 盐湖区,3室2厅,116.0,南,78.0,6725
电梯高层毛坯现房有证满二可按揭随时过户,https://yuncheng.lianjia.com/ershoufang/101113926616.html,恒大绿洲 盐湖区,4室2厅,182.0,南 北,120.0,6594
电梯高层毛坯现房四室两卫南北通透有钥匙随时可看,https://yuncheng.lianjia.com/ershoufang/101113979288.html,晋府壹号 盐湖区,4室2厅,165.4,南 北,120.0,7256
电梯高层毛坯现房随时装修价格可谈房东急售随时看房,https://yuncheng.lianjia.com/ershoufang/101113926642.html,恒大绿洲 盐湖区,4室2厅,182.0,南 北,106.0,5825
楼位置前后无遮挡、采光通风好、南北大通透！,https://yuncheng.lianjia.com/ershoufang/101114045097.html,西建天茂城 盐湖区,3室2厅,137.95,南 北,124.2,9004
香榭丽舍 3室2厅 南,https://yuncheng.lianjia.com/ershoufang/101114062400.html,香榭丽舍 盐湖区,3室2厅,132.9,南,86.0,6472
锦绣花城南区 3室2厅 南 北,https://yuncheng.lianjia.com/ershoufang/101114056510.html,锦绣花城南区 盐湖区,3室2厅,155.0,南 北,98.0,6323
学府嘉园(盐湖区) 3室2厅 南,https://yuncheng.lianjia.com/ershoufang/101114077920.html,学府嘉园(盐湖区) 盐湖区,3室2厅,128.21,南,89.0,6942
荟萃花园(盐湖区) 4室2厅 南 北,https://yuncheng.lianjia.com/ershoufang/101114051708.html,荟萃花园(盐湖区) 盐湖区,4室2厅,156.0,南 北,105.0,6731
南北大通透新装未住可按揭房源 带地下室,https://yuncheng.lianjia.com/ershoufang/101114037672.html,鑫地理想城 盐湖区,3室2厅,124.0,南 北,105.0,8468
电梯好楼层，南北通透，三居室毛坯,https://yuncheng.lianjia.com/ershoufang/101113962119.html,西建天茂城 盐湖区,3室2厅,124.84,南 北,103.0,8251
民生花庭  有本满二 交通便利 配套完善,https://yuncheng.lianjia.com/ershoufang/101114009911.html,民生花庭 盐湖区,3室2厅,141.0,南 北,80.0,5674
急售：北区港府名都小区 带40㎡露台精装三居室好房,https://yuncheng.lianjia.com/ershoufang/101113940087.html,港府名都 盐湖区,3室2厅,113.0,南 北,85.0,7523
电梯中层，精装修，拎包入住，可按揭,https://yuncheng.lianjia.com/ershoufang/101114006079.html,禹香苑 盐湖区,3室2厅,125.88,南 北,88.0,6991
晋府壹号 电梯好楼层南北大通透 三居两卫,https://yuncheng.lianjia.com/ershoufang/101114042115.html,晋府壹号 盐湖区,3室2厅,155.0,南 北,113.0,7291
幸福里伯郡小区，北部新城，周 边配套齐全,https://yuncheng.lianjia.com/ershoufang/101114038718.html,幸福里铂郡 盐湖区,3室2厅,107.0,南,59.8,5589
金悦华府 单价6200现房 带地下室全明户型  采光好,https://yuncheng.lianjia.com/ershoufang/101113986704.html,金鑫·金悦华府 盐湖区,3室2厅,118.55,南,73.5,6200
解放路 五洲观澜 精装修 电梯房,https://yuncheng.lianjia.com/ershoufang/101113998664.html,五洲观澜 盐湖区,3室2厅,121.0,南,78.0,6447
禹都花园！117平！4室！采光无遮挡！首付18万左右！,https://yuncheng.lianjia.com/ershoufang/101109352335.html,禹都花园 盐湖区,4室2厅,117.0,南 北,55.0,4701
鑫地理想城  鑫马集团  北区好地段成熟社区  大四居,https://yuncheng.lianjia.com/ershoufang/101108272147.html,鑫地理想城 盐湖区,4室2厅,181.0,南 北,119.5,6603
御景华庭 魏风校区 产证在手  南北通透,https://yuncheng.lianjia.com/ershoufang/101108270316.html,御景华庭 盐湖区,3室2厅,139.82,南 北,133.0,9513
北区后稷 、大禹学 区房 三居两卫南北通透,https://yuncheng.lianjia.com/ershoufang/101112537246.html,港府名都 盐湖区,3室2厅,129.19,南 北,69.9,5411
港府名都 电梯中层 毛坯南北大通透 采光好 视野开阔,https://yuncheng.lianjia.com/ershoufang/101113262163.html,港府名都 盐湖区,3室2厅,114.0,南,68.0,5965
御泽苑，电梯中层，可做办公商用，临北门出行方便,https://yuncheng.lianjia.com/ershoufang/101109509270.html,御泽苑 盐湖区,3室2厅,159.71,南 北,103.0,6450
土产公司家属院 公立解三旁 大产权可按揭首付15万,https://yuncheng.lianjia.com/ershoufang/101109052905.html,土产公司家属院 盐湖区,3室2厅,114.12,南 北,38.6,3383
广电花园 电梯中层 湖景房 新房未装 户型方正看房方便,https://yuncheng.lianjia.com/ershoufang/101112543193.html,广电花园 盐湖区,3室2厅,130.0,南 北,75.8,5831
空港 南北通透电梯三居室 精装自住好房,https://yuncheng.lianjia.com/ershoufang/101112778239.html,云天臻品 盐湖区,3室2厅,118.0,南 北,59.0,5000
鑫地阳光城 步梯中层 3室2卫    带家具家电15平地下室,https://yuncheng.lianjia.com/ershoufang/101109129561.html,鑫地阳光城 盐湖区,3室2厅,128.0,南,66.8,5219
出售：北区 经济适用房 毛坯三居室,https://yuncheng.lianjia.com/ershoufang/101113389367.html,蒲东小区 盐湖区,3室2厅,109.0,南 北,58.0,5322
港府名都 3室2厅 南 北,https://yuncheng.lianjia.com/ershoufang/101112502945.html,港府名都 盐湖区,3室2厅,128.0,南 北,76.0,5938
148平 南北通透 3室2厅 精装修 东星卡纳溪谷 楼层好,https://yuncheng.lianjia.com/ershoufang/101108452356.html,东星卡纳溪谷 盐湖区,3室2厅,148.0,南 北,95.8,6473
天鹅湾经典户型 南北通透 三室两厅两卫,https://yuncheng.lianjia.com/ershoufang/101111296455.html,天鹅湾 盐湖区,3室2厅,132.96,南 北,85.9,6461
黄 金水岸  电梯洋房  南北通透  人文环境好 值得拥有,https://yuncheng.lianjia.com/ershoufang/101108271253.html,黄金水岸 盐湖区,3室2厅,146.0,南,123.0,8425
黄金水岸 3室2厅 南 北,https://yuncheng.lianjia.com/ershoufang/101113677236.html,黄金水岸 盐湖区,3室2厅,136.22,南 北,90.0,6607
业主急售，凤凰小区步梯高层有本可按揭，重新翻修短住,https://yuncheng.lianjia.com/ershoufang/101111385844.html,凤凰小区 盐湖区,3室2厅,115.0,南 北,50.0,4348
槐东花园 步梯五楼 房本在手可按揭 家具家电齐全,https://yuncheng.lianjia.com/ershoufang/101112240808.html,金鑫槐东花园 盐湖区,3室2厅,114.7,南 北,68.8,5999
恒大绿洲一期湖景房源，电梯中层，视野宽广房产证在手,https://yuncheng.lianjia.com/ershoufang/101111114062.html,恒大绿洲 盐湖区,3室2厅,107.5,南,82.8,7703
位置安静，南北通透四室，采光好，全款，按揭都行,https://yuncheng.lianjia.com/ershoufang/101113123518.html,金鑫滨湖一号 盐湖区,4室2厅,178.0,南 北,138.0,7753
华林逸墅中高楼层南北通透的毛坯三居室,https://yuncheng.lianjia.com/ershoufang/101108983945.html,泰森华林逸墅 盐湖区,3室2厅,126.0,南 北,88.8,7048
河东一中陪读房，鑫宝小区  价格很便宜,https://yuncheng.lianjia.com/ershoufang/101113317846.html,鑫宝小区 盐湖区,3室2厅,93.0,南 北,25.0,2689
华林逸墅、电梯中层、南北通透、有证可按揭,https://yuncheng.lianjia.com/ershoufang/101112309427.html,泰森华林逸墅 盐湖区,3室2厅,139.9,南 北,98.5,7041
急售大产权 单价3000+电梯中间层精装三居室,https://yuncheng.lianjia.com/ershoufang/101113714336.html,际华嘉园 盐湖区,3室2厅,106.0,南 北,38.0,3585
华源豪庭 电梯中层 毛坯 南北大通透 满二可按揭,https://yuncheng.lianjia.com/ershoufang/101113300498.html,华源豪庭南区 盐湖区,3室2厅,136.0,南 北,95.0,6986
翰林湖畔 53万 110平 南北通透 有本满二 业主诚意出售,https://yuncheng.lianjia.com/ershoufang/101108410500.html,翰林湖畔 盐湖区,3室2厅,110.67,南,50.0,4518
鑫地阳光城电梯中层，全明户型可以按揭业主诚售,https://yuncheng.lianjia.com/ershoufang/101108711769.html,鑫地阳光城 盐湖区,3室2厅,156.0,南 北,75.0,4808
鑫地阳光城电梯中层，全明户型可以按揭业主诚售,https://yuncheng.lianjia.com/ershoufang/101108711803.html,鑫地阳光城 盐湖区,3室2厅,156.0,南 北,73.5,4712
鑫地阳光城小区，满二，可按揭，3室2厅1卫，精装，,https://yuncheng.lianjia.com/ershoufang/101108270825.html,鑫地阳光城 盐湖区,3室2厅,117.0,南 北,49.9,4265
荟萃花园 南北通透 采光好 房本满二可按揭,https://yuncheng.lianjia.com/ershoufang/101109282873.html,荟萃花园(盐湖区) 盐湖区,3室2厅,132.83,南 北,89.8,6761
出售：书香名邸一居室精装优质房源,https://yuncheng.lianjia.com/ershoufang/101113389541.html,书香名邸 盐湖区,1室2厅,65.9,南 北,36.0,5463
涑水街 晋府壹号 南北通透 电梯好楼层,https://yuncheng.lianjia.com/ershoufang/101111997878.html,晋府壹号 盐湖区,3室2厅,136.19,南 北,102.0,7490
外滩玺园  大四居 毛坯 可按揭 随意装修  视野无 敌,https://yuncheng.lianjia.com/ershoufang/101112502164.html,大运外滩玺园 盐湖区,4室2厅,148.0,南 北,120.0,8109
泰森华林逸墅 3室2厅 南 北,https://yuncheng.lianjia.com/ershoufang/101111656850.html,泰森华林逸墅 盐湖区,3室2厅,139.9,南 北,93.0,6648
晋府壹号  南北通透 三居室  看房随时,https://yuncheng.lianjia.com/ershoufang/101114047895.html,晋府壹号 盐湖区,3室2厅,125.96,南 北,90.0,7146
晋府壹号  南向毛坯三居室  看房随时,https://yuncheng.lianjia.com/ershoufang/101114063169.html,晋府壹号 盐湖区,3室2厅,116.23,南,78.8,6780
格林雅地 3室2厅 南 北,https://yuncheng.lianjia.com/ershoufang/101114074242.html,格林雅地 盐湖区,3室2厅,110.0,南 北,80.0,7273
华林逸墅 电梯中层 豪 装 短住 全款按揭均可,https://yuncheng.lianjia.com/ershoufang/101114071110.html,泰森华林逸墅 盐湖区,3室2厅,119.0,南 北,90.0,7564
蒲东小区 电梯中层 精装 南北通透  拎包入住,https://yuncheng.lianjia.com/ershoufang/101114064131.html,蒲东小区 盐湖区,3室2厅,107.0,南 北,60.0,5608
禹香苑 2室2厅 南 北,https://yuncheng.lianjia.com/ershoufang/101114079735.html,禹香苑 盐湖区,2室2厅,92.5,南 北,49.0,5298
禹香苑 复式  满二可按揭  豪 装短住 南北大通透,https://yuncheng.lianjia.com/ershoufang/101113941120.html,禹香苑 盐湖区,5室2厅,224.14,南 北,125.0,5577
稀 缺复式 学府嘉园 逸夫学 区 四代同堂 满二可按揭,https://yuncheng.lianjia.com/ershoufang/101113926590.html,学府嘉园(盐湖区) 盐湖区,6室2厅,287.0,南 北,175.0,6098
锦绣花城北区，三室两厅一厨一卫，。。。。。,https://yuncheng.lianjia.com/ershoufang/101113956731.html,锦绣花城北区 盐湖区,3室2厅,104.0,南 北,65.8,6327
大世界花园 3室2厅 南,https://yuncheng.lianjia.com/ershoufang/101113897904.html,大世界花园 盐湖区,3室2厅,139.47,南,116.0,8318
怡海名苑 3室2厅 南,https://yuncheng.lianjia.com/ershoufang/101113923061.html,怡海名苑 盐湖区,3室2厅,104.0,南,65.0,6250
御沁园，两室，中等装修，家具家电齐全,https://yuncheng.lianjia.com/ershoufang/101113967674.html,御沁园 盐湖区,2室1厅,80.6,南,43.0,5335
北区电梯房  精装空房  电梯好楼层,https://yuncheng.lianjia.com/ershoufang/101113901390.html,金源阁 盐湖区,3室2厅,208.48,东 西,80.8,3876
天鹅湾小区四室两厅两卫，精装修南北大通透,https://yuncheng.lianjia.com/ershoufang/101113908251.html,天鹅湾 盐湖区,4室2厅,156.0,南 北,119.6,7667
东湖湾 四居室 南北大通透 可催证按揭,https://yuncheng.lianjia.com/ershoufang/101113947805.html,东湖湾 盐湖区,4室2厅,149.75,南 北,125.0,8348
黄金水岸 4室2厅 南 北,https://yuncheng.lianjia.com/ershoufang/101113981746.html,黄金水岸 盐湖区,4室2厅,179.73,南 北,180.0,10016
电梯小三室  107平  有地下室,https://yuncheng.lianjia.com/ershoufang/101113909734.html,西建天茂上郡 盐湖区,3室2厅,107.0,南 北,77.0,7197
鑫宝小区 3室2厅 南,https://yuncheng.lianjia.com/ershoufang/101113936766.html,鑫宝小区 盐湖区,3室2厅,110.0,南,21.8,1982
大运外滩玺园  南北通透  4室3厅3卫,https://yuncheng.lianjia.com/ershoufang/101109274127.html,大运外滩玺园 盐湖区,4室3厅,224.0,南,169.8,7581
东湖湾 4室2厅 南 北,https://yuncheng.lianjia.com/ershoufang/101112664850.html,东湖湾 盐湖区,4室2厅,163.9,南 北,144.0,8786
滨湖壹号 电梯中层 临湖景观房 有本可按揭,https://yuncheng.lianjia.com/ershoufang/101110594558.html,金鑫滨湖一号 盐湖区,4室2厅,221.04,南 北,208.0,9411
恒大名都 大四居  南北大通透 精装空房 满二,https://yuncheng.lianjia.com/ershoufang/101108269886.html,恒大名都 盐湖区,3室2厅,163.9,南 北,97.0,5919
运 中 学 区 万达旁 大世界花园 电梯三室 满二可按揭,https://yuncheng.lianjia.com/ershoufang/101112034591.html,大世界花园 盐湖区,3室2厅,137.0,南 北,96.8,7066
信合名都  精装空房   电梯低楼层   有钥匙,https://yuncheng.lianjia.com/ershoufang/101108738326.html,信合名都 盐湖区,3室2厅,132.0,南,138.0,10455
电梯中层 毛坯，南北通透，采光好，视野开阔， 四居室,https://yuncheng.lianjia.com/ershoufang/101112515705.html,五洲观澜 盐湖区,4室2厅,155.0,北 南,105.0,6775
让您体验惬意的生活，充分享受生活的美！,https://yuncheng.lianjia.com/ershoufang/101113632269.html,恒大绿洲 盐湖区,4室2厅,182.0,南 北,149.5,8215
小高层—电梯中层，全明户型，四室两厅一厨三卫,https://yuncheng.lianjia.com/ershoufang/101112353303.html,智雅茗苑 盐湖区,4室2厅,188.0,南 北,106.0,5639
橄榄城 四居室 电梯中层 可按揭 诚心出售,https://yuncheng.lianjia.com/ershoufang/101113353425.html,恺鑫橄榄城 盐湖区,4室2厅,156.0,南 北,105.0,6731
恒大绿洲  园林设计 三室两厅一厨一卫户型,https://yuncheng.lianjia.com/ershoufang/101111268210.html,恒大绿洲 盐湖区,3室2厅,108.0,南,86.8,8038
智雅茗苑 电梯4室毛坯房 采光很好 首付36万即可拥有,https://yuncheng.lianjia.com/ershoufang/101108270143.html,智雅茗苑 盐湖区,4室2厅,194.0,南,98.0,5052
梧桐名邸 电梯中层 四室两卫 南北通透 精装短住116万,https://yuncheng.lianjia.com/ershoufang/101111429730.html,梧桐名邸 盐湖区,4室2厅,160.0,南 北,106.8,6675
诚心出售，有钥匙，随时可看。装修随意,https://yuncheng.lianjia.com/ershoufang/101113701379.html,信合名都 盐湖区,3室2厅,154.0,南 北,110.0,7143
外滩玺园 电梯高层 单价6180元,https://yuncheng.lianjia.com/ershoufang/101108272328.html,大运外滩玺园 盐湖区,3室2厅,133.75,南,82.8,6191
黄 金水岸 别墅 223平170万 四室两厅,https://yuncheng.lianjia.com/ershoufang/101108291445.html,黄金水岸 盐湖区,4室2厅,223.0,南 北,170.0,7624
业主急售  小三室   好楼层,https://yuncheng.lianjia.com/ershoufang/101112125190.html,大运外滩玺园 盐湖区,3室2厅,137.0,南,98.8,7212
外滩玺园 附给18平米 单价只有七千五 电梯好楼层,https://yuncheng.lianjia.com/ershoufang/101109176769.html,大运外滩玺园 盐湖区,4室2厅,139.0,南 北,120.0,8634
南北通透，采光充足，附带两车位，20平米地下室,https://yuncheng.lianjia.com/ershoufang/101111402142.html,警官花园 盐湖区,4室2厅,169.74,南 北,55.0,3241
东湖湾，南北通透大三居，视野开阔，采光充足,https://yuncheng.lianjia.com/ershoufang/101111543098.html,东湖湾 盐湖区,3室2厅,135.85,南 北,82.5,6073
禹香苑精装152平米出售，带地下室，步梯中层双卫,https://yuncheng.lianjia.com/ershoufang/101109455336.html,禹香苑 盐湖区,3室2厅,152.0,南 北,78.0,5132
鑫地理想城，新装短住，实木家具，电梯中高层，满二,https://yuncheng.lianjia.com/ershoufang/101108270393.html,鑫地理想城 盐湖区,2室2厅,104.61,南 北,82.0,7839
园林小区 恒大名都 精装三室 家具家电齐全 满二可按揭,https://yuncheng.lianjia.com/ershoufang/101113156156.html,恒大名都 盐湖区,3室2厅,130.28,南 北,86.8,6663
魏风*房，南北通透，看房方便，支持按揭，非诚勿扰,https://yuncheng.lianjia.com/ershoufang/101108272077.html,信合名都 盐湖区,3室2厅,121.0,南,93.2,7703
新出  空港南区  精装3室   电梯好楼层,https://yuncheng.lianjia.com/ershoufang/101112627285.html,嘉禾西班牙 盐湖区,3室2厅,107.0,南 北,62.0,5795
鑫地阳光城 电梯高层 单价5300新精装 全明户型 可按揭,https://yuncheng.lianjia.com/ershoufang/101111378721.html,鑫地阳光城 盐湖区,3室2厅,149.9,南 西,75.0,5004
首付仅需15万 红军学 区 金世现代城  满二 错过再无,https://yuncheng.lianjia.com/ershoufang/101112642767.html,金世现代城 盐湖区,3室2厅,112.0,南 北,49.8,4447
大世界花园 仅剩毛坯房 电梯中层 可按揭 运中X区房,https://yuncheng.lianjia.com/ershoufang/101110802887.html,大世界花园 盐湖区,3室2厅,145.32,南,90.0,6194
大运外滩玺园 4室2厅 南 北,https://yuncheng.lianjia.com/ershoufang/101110675214.html,大运外滩玺园 盐湖区,4室2厅,163.58,南 北,127.0,7764
东区 书香名邸 诚心出售 有本满二可按揭 看房方便,https://yuncheng.lianjia.com/ershoufang/101109564002.html,书香名邸 盐湖区,3室2厅,134.13,南 北,83.0,6189
新出  嘉禾西班牙  精装3室   有钥匙,https://yuncheng.lianjia.com/ershoufang/101113340027.html,嘉禾西班牙 盐湖区,3室2厅,108.0,南 北,59.8,5538
槐东花园 秒杀好楼层  精装带全屋家具家电 有本满二,https://yuncheng.lianjia.com/ershoufang/101109319866.html,金鑫槐东花园 盐湖区,3室2厅,134.25,南 北,89.0,6630
精装三室  全明户型  可做婚房,https://yuncheng.lianjia.com/ershoufang/101112675818.html,恺鑫橄榄城 盐湖区,3室2厅,125.0,南,93.8,7504
槐树凹  公安佳苑  电梯中层 简装空房 3居室 可按揭,https://yuncheng.lianjia.com/ershoufang/101109472937.html,公安佳苑 盐湖区,3室2厅,124.88,南 北,80.0,6407
小高层 观景房 一梯两户 南北通透,https://yuncheng.lianjia.com/ershoufang/101109777152.html,广厦金海湾 盐湖区,4室2厅,166.0,南 北,132.0,7952
东方华城 4室2厅 东南,https://yuncheng.lianjia.com/ershoufang/101111748714.html,东方华城 盐湖区,4室2厅,134.78,东南,78.0,5788
五洲观澜，三居室，全明户型，有本 满二 可按揭,https://yuncheng.lianjia.com/ershoufang/101109837239.html,五洲观澜 盐湖区,3室2厅,110.0,南,72.0,6546
东湖春天 3室1厅 北 南,https://yuncheng.lianjia.com/ershoufang/101112255067.html,东湖春天 盐湖区,3室1厅,132.33,北 南,53.0,4006
幸福里铂郡精装简欧风格  好楼层  采光*好,https://yuncheng.lianjia.com/ershoufang/101110682995.html,幸福里铂郡 盐湖区,3室2厅,111.0,南,72.0,6487
圣惠嘉园小区，经济适用房，电梯房适合各种群体,https://yuncheng.lianjia.com/ershoufang/101113336815.html,圣惠嘉园 盐湖区,3室2厅,114.0,南,52.0,4562
东区沃尔玛市实验 首付16.5万,https://yuncheng.lianjia.com/ershoufang/101113740805.html,新新家园 盐湖区,3室2厅,126.0,南,55.2,4381
盐湖城，小区中间位置，步梯好楼层，户型南北大通透，,https://yuncheng.lianjia.com/ershoufang/101109594942.html,盐湖城 盐湖区,4室2厅,131.0,南,99.9,7626
广厦金海湾，159平，毛坯，南北通透，业主诚心出售,https://yuncheng.lianjia.com/ershoufang/101110142656.html,广厦金海湾 盐湖区,3室2厅,159.0,南 北,146.0,9183
此房满二可按揭 采光好 楼层好 小区门口有银行,https://yuncheng.lianjia.com/ershoufang/101112645745.html,黄金水岸 盐湖区,4室2厅,209.0,南 北,129.0,6173
急售天鹅湾 117平 带露台60平 新装未住,https://yuncheng.lianjia.com/ershoufang/101112028309.html,天鹅湾 盐湖区,3室2厅,117.55,南 北,94.0,7997
西建天茂城、经典带阁楼顶层、南北大通透,https://yuncheng.lianjia.com/ershoufang/101113559261.html,西建天茂城 盐湖区,3室2厅,132.89,南 北,111.0,8353
步梯一层、生活便利、小区环境优雅,https://yuncheng.lianjia.com/ershoufang/101113622280.html,东方华城 盐湖区,4室2厅,137.0,南 北,78.1,5701
复式楼采光好 4室  4个阳台  户型好,https://yuncheng.lianjia.com/ershoufang/101113764107.html,名人港湾 盐湖区,4室2厅,168.0,南 北,76.8,4572
精装领包住  有证  可按揭            业主诚心出售,https://yuncheng.lianjia.com/ershoufang/101113706435.html,凤城华都 盐湖区,3室2厅,125.0,南 北,75.0,6000
空港南区  适合过度人群  刚需型,https://yuncheng.lianjia.com/ershoufang/101113920054.html,幸福院子 盐湖区,3室2厅,115.0,南 北,26.0,2261
空港南区 精装修 改善房 南北通透 采光好,https://yuncheng.lianjia.com/ershoufang/101113919155.html,凤凰湖畔 盐湖区,3室2厅,110.8,南 北,69.8,6300
有本满二可按揭 带地下室 简单装修有租的车位,https://yuncheng.lianjia.com/ershoufang/101113971857.html,二轻花园 盐湖区,3室2厅,119.0,南 北,50.0,4202
空港南区精装三室 学 区 房，小区自带幼儿园。,https://yuncheng.lianjia.com/ershoufang/101113884291.html,嘉禾西班牙 盐湖区,3室2厅,103.0,南 北,57.8,5612
空港南区 精装修大两居 家具家电齐全,https://yuncheng.lianjia.com/ershoufang/101113920122.html,凤凰湖畔 盐湖区,2室2厅,100.0,南 北,55.8,5580
好地段，南北通透大两居，全明户,https://yuncheng.lianjia.com/ershoufang/101113957518.html,海天花苑 盐湖区,2室2厅,108.0,南 北,56.0,5186
凤凰小区 1室1厅 北,https://yuncheng.lianjia.com/ershoufang/101114048310.html,凤凰小区 盐湖区,1室1厅,66.0,北,42.0,6364
晋府壹号  南北通透三居室  毛坯  看房方便,https://yuncheng.lianjia.com/ershoufang/101114011686.html,晋府壹号 盐湖区,3室2厅,125.96,南 北,83.8,6653
晋府壹号  南北通透  视野开阔  采光充足,https://yuncheng.lianjia.com/ershoufang/101114011495.html,晋府壹号 盐湖区,3室2厅,144.84,南 北,102.0,7043
晋府壹号 南北通透  毛坯 三居室  看房方便,https://yuncheng.lianjia.com/ershoufang/101114011805.html,晋府壹号 盐湖区,3室2厅,144.84,南 北,102.0,7043
禹香苑 3室2厅 南,https://yuncheng.lianjia.com/ershoufang/101114003179.html,禹香苑 盐湖区,3室2厅,92.0,南,48.0,5218
禹都花园 电梯2层 两居室 家具家电齐全拎包入住,https://yuncheng.lianjia.com/ershoufang/101113999807.html,禹都花园 盐湖区,2室2厅,83.0,南,47.0,5663
空港北区学 区 房，精装短柱，南北通透。,https://yuncheng.lianjia.com/ershoufang/101114031864.html,安民华府 盐湖区,3室2厅,129.4,南 北,56.8,4390
尚东城 大两居 满二 可按揭  全明户型,https://yuncheng.lianjia.com/ershoufang/101114039130.html,尚东城 盐湖区,2室2厅,99.67,南 北,74.0,7425
买婚房的看过来，空港南区美林山，新装未住电梯好楼层,https://yuncheng.lianjia.com/ershoufang/101114032851.html,美林山 盐湖区,2室2厅,88.61,南 北,54.8,6185
萃林佳苑  电梯好楼层 房屋保养比较新 诚心出售,https://yuncheng.lianjia.com/ershoufang/101114035668.html,萃林佳苑 盐湖区,2室1厅,90.0,南,52.0,5778
中建大厦 4800一平米拎包住 电梯中层 首付38万即可,https://yuncheng.lianjia.com/ershoufang/101108271168.html,中建大厦 盐湖区,3室2厅,160.0,南,68.0,4250
恒大绿洲 4室2厅 南 北,https://yuncheng.lianjia.com/ershoufang/101108272047.html,恒大绿洲 盐湖区,4室2厅,205.0,南 北,160.0,7805
诚心出售 恒大绿洲 经典三室 精装未住 可按揭,https://yuncheng.lianjia.com/ershoufang/101108271127.html,恒大绿洲 盐湖区,3室2厅,108.0,南,83.0,7686
盐湖城 步梯二楼 精装短住 带家具家电 可按揭,https://yuncheng.lianjia.com/ershoufang/101109291093.html,盐湖城 盐湖区,3室2厅,112.9,南 北,96.0,8504
暖色调精装修 双卧朝阳全景落地窗满二好房,https://yuncheng.lianjia.com/ershoufang/101111506509.html,大世界花园 盐湖区,3室2厅,138.51,南,93.0,6715
鼎鑫力作，158平毛坯房南北大通透，有本满二可按揭,https://yuncheng.lianjia.com/ershoufang/101108534685.html,黄金水岸 盐湖区,3室2厅,158.0,南 北,110.0,6963
此房南北通透 满两年可按揭 带地下室,https://yuncheng.lianjia.com/ershoufang/101113664211.html,中建城市花园 盐湖区,3室2厅,122.0,南 北,73.8,6050
格林雅地，精装短住复式房。有本满二,https://yuncheng.lianjia.com/ershoufang/101108270116.html,格林雅地 盐湖区,3室2厅,137.57,南,85.0,6179
华林逸墅 毛坯 3居室双卫 急售 南北通透,https://yuncheng.lianjia.com/ershoufang/101108295685.html,泰森华林逸墅 盐湖区,3室2厅,130.0,南 北,89.0,6847
恒大名都 三室两厅两卫  房本满二 可按揭,https://yuncheng.lianjia.com/ershoufang/101108683544.html,恒大名都 盐湖区,3室2厅,150.71,东,98.0,6503
精装，家电齐全，装修风格现代，上学购物方便,https://yuncheng.lianjia.com/ershoufang/101111643571.html,嘉禾西班牙 盐湖区,3室2厅,104.0,南 北,61.8,5943
毕加索，上下复式楼，南北通透，精装四室，低总价,https://yuncheng.lianjia.com/ershoufang/101108270625.html,毕加索 盐湖区,4室2厅,232.0,南 北,78.0,3363
恒大绿洲，有证满二可按揭，精装修，,https://yuncheng.lianjia.com/ershoufang/101108662846.html,恒大绿洲 盐湖区,4室2厅,180.0,南 北,140.0,7778
恒大绿洲，稀 缺毛坯房，地理位置优越，有本满二,https://yuncheng.lianjia.com/ershoufang/101109051993.html,恒大绿洲 盐湖区,3室2厅,142.19,南 北,99.8,7019
尚东城 南北通透 大三居豪 华装修,https://yuncheng.lianjia.com/ershoufang/101112851519.html,尚东城 盐湖区,3室2厅,164.17,南,119.9,7304
御沁园精装三居室 步梯底层采光好,https://yuncheng.lianjia.com/ershoufang/101108271836.html,御沁园 盐湖区,3室2厅,136.0,南 北,88.0,6471
恒大名都 电梯中层，167平四居室。精装空房可按揭,https://yuncheng.lianjia.com/ershoufang/101108270603.html,恒大名都 盐湖区,4室2厅,167.0,南,99.8,5977
槐东花园中层 179平120万四室两卫有地下室两租的车卫,https://yuncheng.lianjia.com/ershoufang/101112338674.html,金鑫槐东花园 盐湖区,4室2厅,179.0,南 北,118.0,6593
梧桐名邸电梯低层简装四居两卫南北大通透首付33万,https://yuncheng.lianjia.com/ershoufang/101109447229.html,梧桐名邸 盐湖区,4室2厅,168.0,南 北,109.0,6489
香格里拉绿谷四室两厅两卫156平米68万,https://yuncheng.lianjia.com/ershoufang/101108271349.html,香格里拉绿谷 盐湖区,4室2厅,156.0,南 北,68.0,4359
金地花苑 四室两厅双卫 精装修 南北通透 房本满二,https://yuncheng.lianjia.com/ershoufang/101109383295.html,金地花苑 盐湖区,4室2厅,150.59,南 北,82.0,5446
北区  小三居  电梯中间好楼层 出售,https://yuncheng.lianjia.com/ershoufang/101113833780.html,港府名都 盐湖区,3室2厅,107.0,南,58.0,5421
运临路 电梯三居室 精装房源出售,https://yuncheng.lianjia.com/ershoufang/101112746964.html,涑水苑 盐湖区,3室2厅,105.0,南 北,42.0,4000
急售：运临路 电梯中间层 三居室精装好房,https://yuncheng.lianjia.com/ershoufang/101113388064.html,华源小区 盐湖区,3室2厅,118.82,南 北,75.8,6380
步梯中层，稀、缺两室，南北大通透，周、边配套齐全,https://yuncheng.lianjia.com/ershoufang/101111926256.html,怡景华庭 盐湖区,2室2厅,96.0,南 北,63.8,6646
禹香苑电梯 古诗书香装修   中式装修 有证满二,https://yuncheng.lianjia.com/ershoufang/101109323620.html,禹香苑 盐湖区,3室2厅,125.0,南 北,96.8,7744
黄 金 水岸  别墅  上下两层  临湖 有车位,https://yuncheng.lianjia.com/ershoufang/101108948406.html,黄金水岸 盐湖区,6室2厅,278.0,南,360.0,12950
黄  金水岸  户型采光好 视野开阔   装修简单大方,https://yuncheng.lianjia.com/ershoufang/101109193663.html,黄金水岸 盐湖区,5室2厅,245.0,南 北,196.0,8000
空港南区 左岸凰城   精装修电梯房 3室2厅1卫,https://yuncheng.lianjia.com/ershoufang/101108797912.html,左岸凰城 盐湖区,3室2厅,101.32,南,60.0,5922
沃尔玛 学府嘉园 豪 装电梯房 拎包入住 满二可按揭,https://yuncheng.lianjia.com/ershoufang/101108271197.html,学府嘉园(盐湖区) 盐湖区,6室2厅,298.0,南,220.0,7383
航天公园 民生华庭 满二可按揭 带地下室 看房方便,https://yuncheng.lianjia.com/ershoufang/101108272940.html,民生花庭 盐湖区,3室2厅,140.5,南 北,105.0,7474
有证满二可按揭付款大三室小错层户型有钥匙业主实心卖,https://yuncheng.lianjia.com/ershoufang/101108270566.html,禹香苑 盐湖区,3室2厅,151.63,南 北,66.8,4406
空港凤凰层大三居 采光无遮挡 看房方便,https://yuncheng.lianjia.com/ershoufang/101109100221.html,泽惠苑 盐湖区,3室2厅,141.14,南 北,68.8,4875
黄**金水岸 电梯中层 新装未住 双卧客厅朝阳 可按揭,https://yuncheng.lianjia.com/ershoufang/101111577410.html,黄金水岸 盐湖区,3室2厅,118.57,南,98.0,8266
环境优雅大院别墅  有证满二可按揭 看房方便,https://yuncheng.lianjia.com/ershoufang/101113624861.html,黄金水岸 盐湖区,5室2厅,349.5,南 北,480.0,13734
圣泽苑  步梯五楼  105平 51万有本满二可按揭,https://yuncheng.lianjia.com/ershoufang/101108736250.html,圣泽苑 盐湖区,3室2厅,105.16,南 北,53.0,5040
云天！房本满二！付款方式灵活！,https://yuncheng.lianjia.com/ershoufang/101108269892.html,云天臻品 盐湖区,3室2厅,128.21,南 北,73.0,5694
市中 心 电梯好楼层 华曦微公馆 一居室精装房出售,https://yuncheng.lianjia.com/ershoufang/101112811295.html,华曦微公馆 盐湖区,1室0厅,46.13,北,28.0,6070
御景园低层3室出售 沃尔玛隔壁 交通方便 价格合适,https://yuncheng.lianjia.com/ershoufang/101108581705.html,御景园 盐湖区,3室2厅,131.0,南 北,76.0,5802
绿美橡树湾 电梯中层 南北通透双阳台 可按揭,https://yuncheng.lianjia.com/ershoufang/101113462044.html,绿美橡树湾 盐湖区,3室2厅,122.0,南 北,70.0,5738
禹香苑|步梯中层！三居！精装！大红本！可按揭！,https://yuncheng.lianjia.com/ershoufang/101108457330.html,禹香苑 盐湖区,3室2厅,146.0,南 北,75.0,5137
五洲观澜   临湖景观房  电梯中层 可按揭,https://yuncheng.lianjia.com/ershoufang/101112736567.html,五洲观澜 盐湖区,4室2厅,143.0,南 北,108.0,7553
山水华都 名校驻守 金鑫物业 户型方正 交通便利,https://yuncheng.lianjia.com/ershoufang/101109433965.html,山水华都 盐湖区,3室2厅,150.0,南 北,149.8,9987
华源豪庭 精装四室  简约风格  楼位好  电梯好楼层,https://yuncheng.lianjia.com/ershoufang/101113335084.html,华源豪庭北区 盐湖区,4室2厅,155.0,南 北,145.0,9355
天泰邑北苑 电梯中间好楼层3居室毛坯房出售,https://yuncheng.lianjia.com/ershoufang/101113825561.html,天泰邑北苑 盐湖区,3室2厅,140.25,南 北,80.0,5705
晋府壹号 电梯中层 毛坯  南北通透,https://yuncheng.lianjia.com/ershoufang/101113306518.html,晋府壹号 盐湖区,3室2厅,140.0,南 北,89.8,6415
书香名邸，1楼，三室两厅两卫，拎包入住，首付30万,https://yuncheng.lianjia.com/ershoufang/101109391286.html,书香名邸 盐湖区,4室2厅,160.0,南,117.0,7313
华源豪庭 精装四室  简约风格  楼位好  电梯好楼层,https://yuncheng.lianjia.com/ershoufang/101113335084.html,华源豪庭北区 盐湖区,4室2厅,155.0,南 北,145.0,9355
信合名都 满二年 三居室  带家具家电  看房随时,https://yuncheng.lianjia.com/ershoufang/101108269919.html,信合名都 盐湖区,3室2厅,132.34,南 北,130.0,9824
荟萃花园(盐湖区) 3室2厅 南 北,https://yuncheng.lianjia.com/ershoufang/101112041057.html,荟萃花园(盐湖区) 盐湖区,3室2厅,108.0,南 北,78.0,7223
凤凰小区 3室2厅 南 北,https://yuncheng.lianjia.com/ershoufang/101112700675.html,凤凰小区 盐湖区,3室2厅,115.0,南 北,68.0,5914
广厦金海湾 4室2厅 南 北,https://yuncheng.lianjia.com/ershoufang/101113874884.html,广厦金海湾 盐湖区,4室2厅,254.0,南 北,207.0,8150
怡景华庭 步梯高层 南北通透 精装 可按揭,https://yuncheng.lianjia.com/ershoufang/101112777117.html,怡景华庭 盐湖区,3室2厅,110.0,南 北,55.0,5000
东方华城 三室两厅一卫 176平 55万,https://yuncheng.lianjia.com/ershoufang/101108271667.html,东方华城 盐湖区,3室2厅,176.0,南 北,55.0,3125
公园边上复式楼出售 精装4居2卫,https://yuncheng.lianjia.com/ershoufang/101113205817.html,东湖春天 盐湖区,4室2厅,147.0,南 北,67.0,4558
低价出售云湖湾公寓 精装电梯 陪 读 过 渡首 选,https://yuncheng.lianjia.com/ershoufang/101111077860.html,云鼎云湖湾 盐湖区,1室1厅,38.08,北,22.0,5778
城西人家步梯高层58.8万带阁楼满二可按揭,https://yuncheng.lianjia.com/ershoufang/101108279280.html,城西人家 盐湖区,4室2厅,192.27,南 北,58.6,3048
泰森华林逸墅 3室2厅 南 北,https://yuncheng.lianjia.com/ershoufang/101111237254.html,泰森华林逸墅 盐湖区,3室2厅,140.34,南 北,77.0,5487
华林逸墅 3居室双卫 精装婚房 换房出售 入住不到一年,https://yuncheng.lianjia.com/ershoufang/101109739640.html,泰森华林逸墅 盐湖区,3室2厅,130.8,南 北,95.0,7263
华林逸墅 南北通透3室2卫 精装修拎包入住,https://yuncheng.lianjia.com/ershoufang/101110026372.html,泰森华林逸墅 盐湖区,3室2厅,130.3,南 北,93.0,7138
华林逸墅 3居室 可按揭 南北通透 带家具家电 急售！！,https://yuncheng.lianjia.com/ershoufang/101109556499.html,泰森华林逸墅 盐湖区,3室2厅,117.53,南 北,83.0,7063
外滩玺园  大通透落地窗格到车位带地下室满二可按揭,https://yuncheng.lianjia.com/ershoufang/101112916875.html,大运外滩玺园 盐湖区,4室2厅,143.31,南 北,146.0,10188
沃尔玛商圈  学府嘉园 保养特 别好  拎包入住  可按揭,https://yuncheng.lianjia.com/ershoufang/101112550428.html,学府嘉园(盐湖区) 盐湖区,3室2厅,138.0,南 北,93.8,6798
恒大名都 急售  精装130平 满二 可按揭,https://yuncheng.lianjia.com/ershoufang/101112502734.html,恒大名都 盐湖区,3室2厅,130.28,南 北,89.8,6893
恒大名都 电梯中层 精装修 三居室 大面积,https://yuncheng.lianjia.com/ershoufang/101108660680.html,恒大名都 盐湖区,3室2厅,151.0,南,105.0,6954
金地花苑  步梯好楼层    4500一平米精装房子,https://yuncheng.lianjia.com/ershoufang/101108270717.html,金地花苑 盐湖区,3室2厅,150.0,南,68.0,4534
恒大绿洲 4室3卫房  带家具家电  满2年  可贷款,https://yuncheng.lianjia.com/ershoufang/101108270877.html,恒大绿洲 盐湖区,4室2厅,170.0,东南 南,120.0,7059
东区 杏林嘉园 3室2厅2卫 出门即是公园 公交站,https://yuncheng.lianjia.com/ershoufang/101108333470.html,杏林嘉园 盐湖区,3室2厅,137.8,南 北,108.0,7838
五洲观澜  有证可按揭  看房方便,https://yuncheng.lianjia.com/ershoufang/101109694879.html,五洲观澜 盐湖区,3室2厅,127.0,南 北,90.0,7087
河东故事不临街低楼层南北通透把边户,https://yuncheng.lianjia.com/ershoufang/101109929186.html,河东故事 盐湖区,4室2厅,142.45,南 北,105.0,7372
凤凰财富广场 电梯凤凰层 带家具家电 满二可按揭,https://yuncheng.lianjia.com/ershoufang/101108792023.html,凤凰财富广场 盐湖区,2室1厅,61.4,南 北,28.8,4691
此房南北通透格局，亮堂宽敞，三卧朝阳，价格低,https://yuncheng.lianjia.com/ershoufang/101108756312.html,空港小区 盐湖区,4室2厅,184.0,南 北,58.0,3153
北区涑水街橡树湾小区 电梯三室  有证满2精装修,https://yuncheng.lianjia.com/ershoufang/101108850269.html,绿美橡树湾 盐湖区,3室2厅,108.0,南 北,73.8,6834
恒大绿洲电梯中层  精装两居  满二可按揭,https://yuncheng.lianjia.com/ershoufang/101112272111.html,恒大绿洲 盐湖区,2室1厅,95.0,南,73.9,7779
涑水苑 3室2厅 南 北,https://yuncheng.lianjia.com/ershoufang/101113613276.html,涑水苑 盐湖区,3室2厅,115.0,南 北,36.8,3200
首付10万左右  步梯3楼 空港北区  带24平米地下室,https://yuncheng.lianjia.com/ershoufang/101108507295.html,馥园小区 盐湖区,2室2厅,82.56,南,31.0,3755
小区配套齐全，交通便利，地理位置优越，价格美丽,https://yuncheng.lianjia.com/ershoufang/101109118074.html,百纺汇锦苑 盐湖区,2室2厅,98.11,东,58.8,5994
左岸凰城 3室2厅 南 北,https://yuncheng.lianjia.com/ershoufang/101112386254.html,左岸凰城 盐湖区,3室2厅,108.0,南 北,62.0,5741
华源豪庭 电梯中层 位置好  二梯二户 配套齐全,https://yuncheng.lianjia.com/ershoufang/101112211129.html,华源豪庭北区 盐湖区,3室2厅,150.0,南 北,109.0,7267
鑫地理想城，满二，有钥匙，中户三室，单价低,https://yuncheng.lianjia.com/ershoufang/101112901821.html,鑫地理想城 盐湖区,3室2厅,113.0,南,79.0,6992
星河尚品，三室两厅两卫，南北通透，毛坯房，车位另算,https://yuncheng.lianjia.com/ershoufang/101108294879.html,星河尚品 盐湖区,3室2厅,134.0,南 北,85.5,6381
公园壹号，交通便利，环境好，毛坯房，业主诚售,https://yuncheng.lianjia.com/ershoufang/101108270842.html,东润公园壹号 盐湖区,2室2厅,101.0,南,45.8,4535
黄 金水岸，三室两厅双卫，地板已铺，不满二，可按揭,https://yuncheng.lianjia.com/ershoufang/101109087736.html,黄金水岸 盐湖区,3室2厅,140.0,南,96.0,6858
翰林湖畔  步梯5楼 3室双卫 可按揭 首付15万,https://yuncheng.lianjia.com/ershoufang/101108270801.html,翰林湖畔 盐湖区,3室2厅,111.29,南 北,50.0,4493
步梯黄 金层  看房有钥匙  欢迎咨询,https://yuncheng.lianjia.com/ershoufang/101113834712.html,海天花苑 盐湖区,2室2厅,100.0,南 北,58.0,5800
华林艺墅 电梯房 毛坯俩室 环境优美 交通方便,https://yuncheng.lianjia.com/ershoufang/101109225090.html,泰森华林逸墅 盐湖区,2室2厅,91.64,南,50.0,5457
华源豪庭124.5平  南北通透 带100平米露台 可按揭,https://yuncheng.lianjia.com/ershoufang/101112379987.html,华源豪庭北区 盐湖区,3室2厅,124.54,南 北,99.6,7998
学府嘉园 电梯好楼层 有证可按揭,https://yuncheng.lianjia.com/ershoufang/101112496008.html,学府嘉园(盐湖区) 盐湖区,3室2厅,135.15,南 北,99.0,7326
新新家园 毛坯 97平米 2居改3居 带大露台 首付17万,https://yuncheng.lianjia.com/ershoufang/101108378843.html,新新家园 盐湖区,2室2厅,97.12,南 北,51.8,5334
急售电梯底层简装三室两卫有证满二有钥匙,https://yuncheng.lianjia.com/ershoufang/101113777526.html,恒大绿洲 盐湖区,3室2厅,128.0,南,86.0,6719
正通万和城，中间楼层，三室两厅两卫，户型方正,https://yuncheng.lianjia.com/ershoufang/101113813423.html,正通·万和城 盐湖区,3室2厅,124.02,北 南,75.0,6048
中建城市花园 3室2厅 南 北,https://yuncheng.lianjia.com/ershoufang/101112749776.html,中建城市花园 盐湖区,3室2厅,112.35,南 北,63.8,5679
鑫地阳光城，大产权，一梯两户，两室户型，格局方正,https://yuncheng.lianjia.com/ershoufang/101111869122.html,鑫地阳光城 盐湖区,2室2厅,92.0,南 北,53.8,5848
有本满二 康中隔壁 步梯一楼  简装毛坯价出售,https://yuncheng.lianjia.com/ershoufang/101111955824.html,颐贤园 盐湖区,3室2厅,103.3,南 北,50.0,4841
电梯高层精装有证满二唯一随时可看有钥匙,https://yuncheng.lianjia.com/ershoufang/101113774500.html,恒大绿洲 盐湖区,2室1厅,77.0,南 北,55.8,7247
精装修家具家电齐全，有证可按揭，带地下室和地上车位,https://yuncheng.lianjia.com/ershoufang/101109311414.html,广鑫恒泽园 盐湖区,2室2厅,86.0,南,61.8,7187
去年新交楼栋  双卧室客厅朝阳户型中户采光好,https://yuncheng.lianjia.com/ershoufang/101113561552.html,天鹅湾 盐湖区,3室2厅,117.6,南 北,73.8,6276
北区，大产权，步梯中层，两室，首付15万,https://yuncheng.lianjia.com/ershoufang/101113298810.html,海天花苑 盐湖区,2室2厅,79.86,南 北,45.0,5635
泰森华林逸墅 3室2厅 南 北,https://yuncheng.lianjia.com/ershoufang/101111739450.html,泰森华林逸墅 盐湖区,3室2厅,121.17,南 北,68.0,5612
东湖春天 电梯高层 房里直接可看到湖  东花园 配套全,https://yuncheng.lianjia.com/ershoufang/101110839791.html,东湖春天 盐湖区,2室2厅,76.0,北,28.8,3790
3室 1卫 南北通透 户型方正中层 采光好,https://yuncheng.lianjia.com/ershoufang/101112628792.html,晋府壹号 盐湖区,3室2厅,125.0,南 北,92.0,7360
外滩玺苑   中上楼层  钥匙在手  房主诚心出售 无抵押,https://yuncheng.lianjia.com/ershoufang/101111342662.html,大运外滩玺园 盐湖区,3室2厅,134.7,南,99.6,7395
3卧室朝南连廊阳台  户型美 精装 采光好 领包住,https://yuncheng.lianjia.com/ershoufang/101112295239.html,禹香苑 盐湖区,3室2厅,145.63,南 北,73.8,5068
有证可以按揭  采光好 领包住,https://yuncheng.lianjia.com/ershoufang/101113216838.html,天泰文化苑北区 盐湖区,3室2厅,121.0,南 北,78.8,6513
南北大通透  步梯一楼  可按揭,https://yuncheng.lianjia.com/ershoufang/101113869323.html,黄金水岸 盐湖区,2室2厅,114.0,南 北,85.0,7457
四季绿城A区春园 3室2厅 南 北,https://yuncheng.lianjia.com/ershoufang/101113919507.html,四季绿城A区春园 盐湖区,3室2厅,96.7,南 北,71.8,7426
凤凰小区 电梯中层 有本满二可按揭,https://yuncheng.lianjia.com/ershoufang/101113915387.html,凤凰小区 盐湖区,3室2厅,152.0,南 北,85.0,5593
美林山 南北通透 电梯中层  117平  看房方便,https://yuncheng.lianjia.com/ershoufang/101113924788.html,美林山 盐湖区,3室2厅,117.0,南 北,68.0,5812
电梯中层，采光充足，双卧客厅朝南！,https://yuncheng.lianjia.com/ershoufang/101113959825.html,东湖湾 盐湖区,3室2厅,136.0,南 北,112.0,8236
水岸步梯中层，精装修，有本满二可按揭!,https://yuncheng.lianjia.com/ershoufang/101113956541.html,黄金水岸 盐湖区,3室2厅,120.84,南 北,96.8,8011
禹香苑新城 步梯黄 金楼层 有本满二可按揭,https://yuncheng.lianjia.com/ershoufang/101113964943.html,禹香苑 盐湖区,4室2厅,159.97,北 南,105.5,6595
汇金国际 电梯房 采光充足  业主诚心出售,https://yuncheng.lianjia.com/ershoufang/101113893704.html,汇金国际 盐湖区,3室2厅,143.16,南 北,75.5,5274
嘉禾西班牙 3室2厅 南 北,https://yuncheng.lianjia.com/ershoufang/101113901037.html,嘉禾西班牙 盐湖区,3室2厅,109.0,南 北,60.0,5505
户型好，视野开阔，停车方便，南北通透户型，精装修拎,https://yuncheng.lianjia.com/ershoufang/101113909437.html,杏林嘉园 盐湖区,3室2厅,136.0,南 北,116.0,8530
禹花苑 步梯三层 大两居能隔三居 带露台,https://yuncheng.lianjia.com/ershoufang/101113938219.html,禹花苑 盐湖区,2室2厅,109.0,东 西,59.8,5487
沃尔玛精装空房  步梯中层  无遮挡,https://yuncheng.lianjia.com/ershoufang/101113901461.html,紫薇佳苑 盐湖区,3室2厅,133.18,东,76.8,5767
万达旁 鼎鑫地 标 精装两室 拎包入住 满二可按揭,https://yuncheng.lianjia.com/ershoufang/101113927898.html,鼎鑫地标广场 盐湖区,2室2厅,75.0,南 北,95.0,12667
电梯高层 视野好  采光好 南北通透 交通便利,https://yuncheng.lianjia.com/ershoufang/101113958247.html,金鑫·金悦华府 盐湖区,3室2厅,133.77,南,86.8,6489
凤凰小区 步梯顶层  有本可按揭,https://yuncheng.lianjia.com/ershoufang/101113990312.html,凤凰小区 盐湖区,3室2厅,118.0,南,51.8,4390
禹香苑 步梯中层 有本满二可按揭 家里保养的好,https://yuncheng.lianjia.com/ershoufang/101113992958.html,禹香苑 盐湖区,3室2厅,133.0,南 北,89.0,6692
天泰文化苑 精装房  保养得好  双卧朝南,https://yuncheng.lianjia.com/ershoufang/101108270293.html,天泰文化苑北区 盐湖区,3室2厅,125.0,南,78.0,6240
凤城华都，精装，138㎡，85万,https://yuncheng.lianjia.com/ershoufang/101110939241.html,凤城华都 盐湖区,3室2厅,138.0,南,78.0,5653
鑫地阳光城满二，可按揭，拎包入住，带25平米地下室,https://yuncheng.lianjia.com/ershoufang/101112235195.html,鑫地阳光城 盐湖区,3室2厅,124.0,南 北,76.8,6194
梧桐名邸 电梯房158平四室两卫 带家具家电加车位,https://yuncheng.lianjia.com/ershoufang/101108359412.html,梧桐名邸 盐湖区,4室2厅,158.0,南,98.0,6203
小区环境优美，交通便利，上学无忧,https://yuncheng.lianjia.com/ershoufang/101112643272.html,东方华城 盐湖区,3室2厅,118.0,南 北,63.0,5339
恒大绿洲 电梯高层 豪 装短住 四室两卫 有本可按揭,https://yuncheng.lianjia.com/ershoufang/101112595697.html,恒大绿洲 盐湖区,4室2厅,182.0,南 北,166.6,9154
尚东城 3室2厅 南 北,https://yuncheng.lianjia.com/ershoufang/101113348754.html,尚东城 盐湖区,3室2厅,133.64,南 北,160.0,11973
锦绣花城北区120平精装88万,https://yuncheng.lianjia.com/ershoufang/101111858301.html,锦绣花城北区 盐湖区,3室2厅,120.0,南 北,88.0,7334
关铝花园 4室2厅 南 北,https://yuncheng.lianjia.com/ershoufang/101112866101.html,关铝花园 盐湖区,4室2厅,160.0,南 北,127.0,7938
御景华庭 南北通透大2居拎包入住,https://yuncheng.lianjia.com/ershoufang/101111695447.html,御景华庭 盐湖区,2室2厅,98.71,南 北,95.0,9625
面积大，单价低，可以按揭。保养如新。,https://yuncheng.lianjia.com/ershoufang/101113067444.html,恒大名都 盐湖区,4室2厅,163.9,西,99.8,6090
黄.金水岸和园经典精装三房，房本满二可按揭,https://yuncheng.lianjia.com/ershoufang/101112967080.html,黄金水岸 盐湖区,3室2厅,137.15,南,140.0,10208
外滩玺园 精装带家具家电 短住  大运学 区 付款灵活,https://yuncheng.lianjia.com/ershoufang/101108270176.html,大运外滩玺园 盐湖区,4室2厅,134.2,南,132.0,9837
关铝花园 成熟小区 精装电梯房 魏风学 区 满二可按揭,https://yuncheng.lianjia.com/ershoufang/101111824814.html,关铝花园 盐湖区,3室2厅,162.0,南 北,132.0,8149
书香名邸，满二，可按揭，是毛坯房子，东区少有的房子,https://yuncheng.lianjia.com/ershoufang/101112280285.html,书香名邸 盐湖区,3室2厅,134.0,南 北,83.5,6232
